mandi,date,price,price_source
KOPARGAON,2020-01-02,3001.0,Red
KOPARGAON,2020-01-03,3351.0,Red
KOPARGAON,2020-01-07,4101.0,Red
KOPARGAON,2020-01-09,3051.0,Red
KOPARGAON,2020-01-10,2311.0,Red
KOPARGAON,2020-01-14,3285.0,Red
KOPARGAON,2020-01-16,3300.0,Red
KOPARGAON,2020-01-17,3400.0,Red
KOPARGAON,2020-01-21,3351.0,Red
KOPARGAON,2020-01-24,2875.0,Red
KOPARGAON,2020-01-25,2555.0,Red
KOPARGAON,2020-01-28,2505.0,Red
KOPARGAON,2020-01-30,2500.0,Red
KOPARGAON,2020-01-31,2415.0,Red
KOPARGAON,2020-02-04,1651.0,Red
KOPARGAON,2020-02-06,1615.0,Red
KOPARGAON,2020-02-11,1950.0,Red
KOPARGAON,2020-02-13,1910.0,Red
KOPARGAON,2020-02-14,1851.0,Red
KOPARGAON,2020-02-15,1750.0,Red
KOPARGAON,2020-02-18,1925.0,Red
KOPARGAON,2020-02-20,1875.0,Red
KOPARGAON,2020-02-22,1750.0,Red
KOPARGAON,2020-02-25,1600.0,Red
KOPARGAON,2020-02-28,1825.0,Red
KOPARGAON,2020-02-29,1775.0,Red
KOPARGAON,2020-03-03,1501.0,Red
KOPARGAON,2020-03-05,1651.0,Red
KOPARGAON,2020-03-06,1675.0,Red
KOPARGAON,2020-03-07,1625.0,Red
KOPARGAON,2020-03-12,1525.0,Red
KOPARGAON,2020-03-13,1500.0,Red
KOPARGAON,2020-03-17,1211.0,Red
KOPARGAON,2020-03-18,1000.0,Other
KOPARGAON,2020-03-19,1200.0,Other
KOPARGAON,2020-03-20,1175.0,Other
KOPARGAON,2020-03-21,1075.0,Red
KOPARGAON,2020-03-30,1075.0,Other
KOPARGAON,2020-03-31,1300.0,Other
KOPARGAON,2020-04-01,1250.0,Other
KOPARGAON,2020-04-02,1275.0,Other
KOPARGAON,2020-05-07,655.0,Other
KOPARGAON,2020-05-19,525.0,Other
KOPARGAON,2020-05-21,520.0,Other
KOPARGAON,2020-05-23,550.0,Other
KOPARGAON,2020-05-26,651.0,Other
KOPARGAON,2020-05-27,625.0,Other
KOPARGAON,2020-05-28,650.0,Other
KOPARGAON,2020-05-29,475.0,Other
KOPARGAON,2020-05-30,631.0,Other
KOPARGAON,2020-06-02,650.0,Other
KOPARGAON,2020-06-04,721.0,Other
KOPARGAON,2020-06-06,750.0,Other
KOPARGAON,2020-06-09,775.0,Other
KOPARGAON,2020-06-11,670.0,Other
KOPARGAON,2020-06-12,750.0,Other
KOPARGAON,2020-06-13,775.0,Other
KOPARGAON,2020-06-16,740.0,Other
KOPARGAON,2020-06-18,752.0,Other
KOPARGAON,2020-06-19,650.0,Other
KOPARGAON,2020-06-23,675.0,Other
KOPARGAON,2020-06-24,650.0,Other
KOPARGAON,2020-06-25,675.0,Other
KOPARGAON,2020-06-26,650.0,Other
KOPARGAON,2020-06-27,700.0,Other
KOPARGAON,2020-06-30,650.0,Other
KOPARGAON,2020-07-09,650.0,Other
KOPARGAON,2020-07-10,675.0,Other
KOPARGAON,2020-07-11,680.0,Other
KOPARGAON,2020-07-14,650.0,Other
KOPARGAON,2020-07-16,655.0,Other
KOPARGAON,2020-07-17,652.0,Other
KOPARGAON,2020-07-18,650.0,Other
KOPARGAON,2020-07-21,626.0,Other
KOPARGAON,2020-07-22,600.0,Other
KOPARGAON,2020-07-23,626.0,Other
KOPARGAON,2020-07-24,590.0,Other
KOPARGAON,2020-07-25,600.0,Other
KOPARGAON,2020-07-28,670.0,Other
KOPARGAON,2020-07-29,651.0,Other
KOPARGAON,2020-07-30,625.0,Other
KOPARGAON,2020-07-31,650.0,Other
KOPARGAON,2020-08-04,570.0,Other
KOPARGAON,2020-08-05,571.0,Other
KOPARGAON,2020-08-06,612.0,Other
KOPARGAON,2020-08-07,665.0,Other
KOPARGAON,2020-08-08,660.0,Other
KOPARGAON,2020-08-11,825.0,Other
KOPARGAON,2020-08-12,905.0,Other
KOPARGAON,2020-08-13,1050.0,Other
KOPARGAON,2020-08-14,1100.0,Other
KOPARGAON,2020-08-15,3500.0,Other
KOPARGAON,2020-08-19,1825.0,Other
KOPARGAON,2020-08-20,1654.0,Other
KOPARGAON,2020-08-25,1375.0,Other
KOPARGAON,2020-08-27,1600.0,Other
KOPARGAON,2020-08-28,1625.0,Other
KOPARGAON,2020-09-01,1600.0,Other
KOPARGAON,2020-09-02,1760.0,Other
KOPARGAON,2020-09-03,1900.0,Other
KOPARGAON,2020-09-04,1950.0,Other
KOPARGAON,2020-09-05,1925.0,Other
KOPARGAON,2020-09-08,1931.0,Other
KOPARGAON,2020-09-09,2280.0,Other
KOPARGAON,2020-09-10,2400.0,Other
KOPARGAON,2020-09-11,2251.0,Other
KOPARGAON,2020-09-12,2351.0,Other
KOPARGAON,2020-09-15,2352.0,Other
KOPARGAON,2020-09-16,2300.0,Other
KOPARGAON,2020-09-17,2405.0,Other
KOPARGAON,2020-09-18,2536.0,Other
KOPARGAON,2020-09-19,2750.0,Other
KOPARGAON,2020-09-22,3576.0,Other
KOPARGAON,2020-09-23,3317.0,Other
KOPARGAON,2020-09-24,3275.0,Other
KOPARGAON,2020-09-25,3275.0,Other
KOPARGAON,2020-09-26,3185.0,Other
KOPARGAON,2020-09-29,3250.0,Other
KOPARGAON,2020-09-30,3309.0,Other
KOPARGAON,2020-10-01,3600.0,Other
KOPARGAON,2020-10-02,3450.0,Other
KOPARGAON,2020-10-03,3203.0,Other
KOPARGAON,2020-10-06,3101.0,Other
KOPARGAON,2020-10-07,3201.0,Other
KOPARGAON,2020-10-08,3201.0,Other
KOPARGAON,2020-10-09,3201.0,Other
KOPARGAON,2020-10-10,3325.0,Other
KOPARGAON,2020-10-13,3980.0,Other
KOPARGAON,2020-10-14,4335.0,Other
KOPARGAON,2020-10-27,1700.0,Other
KOPARGAON,2020-10-31,5500.0,Other
KOPARGAON,2020-11-03,5000.0,Other
KOPARGAON,2020-11-04,4250.0,Other
KOPARGAON,2020-11-05,4225.0,Other
KOPARGAON,2020-11-06,4250.0,Other
KOPARGAON,2020-11-07,4200.0,Other
KOPARGAON,2020-11-10,4100.0,Other
KOPARGAON,2020-11-19,3925.0,Other
KOPARGAON,2020-11-20,4395.0,Other
KOPARGAON,2020-11-21,3101.0,Red
KOPARGAON,2020-11-24,3425.0,Red
KOPARGAON,2020-11-25,3500.0,Other
KOPARGAON,2020-11-28,2110.0,Other
KOPARGAON,2020-12-01,2825.0,Other
KOPARGAON,2020-12-02,2500.0,Other
KOPARGAON,2020-12-03,2325.0,Red
KOPARGAON,2020-12-05,1500.0,Other
KOPARGAON,2020-12-09,2425.0,Other
KOPARGAON,2020-12-10,2800.0,Red
KOPARGAON,2020-12-12,2625.0,Red
KOPARGAON,2020-12-15,2675.0,Red
KOPARGAON,2020-12-16,2125.0,Other
KOPARGAON,2020-12-17,2100.0,Red
KOPARGAON,2020-12-18,1525.0,Red
KOPARGAON,2020-12-19,1550.0,Red
KOPARGAON,2020-12-22,2000.0,Red
KOPARGAON,2020-12-23,2000.0,Red
KOPARGAON,2020-12-24,2200.0,Red
KOPARGAON,2020-12-25,2375.0,Red
KOPARGAON,2020-12-26,2300.0,Red
KOPARGAON,2020-12-29,2300.0,Red
KOPARGAON,2020-12-30,2450.0,Red
KOPARGAON,2020-12-31,2500.0,Red
KOPARGAON,2021-01-01,2400.0,Red
KOPARGAON,2021-01-02,2500.0,Red
KOPARGAON,2021-01-05,2700.0,Red
KOPARGAON,2021-01-16,2475.0,Red
KOPARGAON,2021-01-19,2725.0,Red
KOPARGAON,2021-01-20,2700.0,Red
KOPARGAON,2021-01-21,2650.0,Red
KOPARGAON,2021-01-22,2625.0,Red
KOPARGAON,2021-01-23,2575.0,Red
KOPARGAON,2021-01-27,2450.0,Red
KOPARGAON,2021-01-28,2525.0,Red
KOPARGAON,2021-01-29,2650.0,Red
KOPARGAON,2021-01-30,2875.0,Red
KOPARGAON,2021-02-02,3550.0,Red
KOPARGAON,2021-02-03,3500.0,Red
KOPARGAON,2021-02-04,3350.0,Red
KOPARGAON,2021-02-09,3585.0,Red
KOPARGAON,2021-02-10,3700.0,Red
KOPARGAON,2021-02-11,3650.0,Red
KOPARGAON,2021-02-12,3650.0,Red
KOPARGAON,2021-02-13,3435.0,Red
KOPARGAON,2021-02-16,3850.0,Red
KOPARGAON,2021-02-17,3900.0,Red
KOPARGAON,2021-02-18,3850.0,Red
KOPARGAON,2021-02-20,4225.0,Red
KOPARGAON,2021-02-23,3785.0,Red
KOPARGAON,2021-02-24,3125.0,Red
KOPARGAON,2021-02-25,2350.0,Red
KOPARGAON,2021-02-26,1975.0,Red
KOPARGAON,2021-02-27,2275.0,Red
KOPARGAON,2021-03-02,2501.0,Red
KOPARGAON,2021-03-03,2488.0,Red
KOPARGAON,2021-03-04,2100.0,Red
KOPARGAON,2021-03-05,1625.0,Red
KOPARGAON,2021-03-06,1676.0,Red
KOPARGAON,2021-03-09,1325.0,Red
KOPARGAON,2021-03-10,1025.0,Red
KOPARGAON,2021-03-12,1150.0,Red
KOPARGAON,2021-03-13,1150.0,Red
KOPARGAON,2021-04-08,655.0,Red
KOPARGAON,2021-04-09,725.0,Other
KOPARGAON,2021-04-12,750.0,Other
KOPARGAON,2021-04-15,725.0,Other
KOPARGAON,2021-04-16,775.0,Other
KOPARGAON,2021-04-17,825.0,Other
KOPARGAON,2021-04-20,800.0,Red
KOPARGAON,2021-04-22,815.0,Red
KOPARGAON,2021-04-23,815.0,Red
KOPARGAON,2021-04-24,815.0,Red
KOPARGAON,2021-04-27,825.0,Red
KOPARGAON,2021-04-28,1050.0,Other
KOPARGAON,2021-04-29,1025.0,Other
KOPARGAON,2021-04-30,1085.0,Other
KOPARGAON,2021-05-04,1050.0,Other
KOPARGAON,2021-05-06,950.0,Other
KOPARGAON,2021-05-07,925.0,Other
KOPARGAON,2021-05-11,1025.0,Other
KOPARGAON,2021-05-12,1025.0,Other
KOPARGAON,2021-05-13,975.0,Other
KOPARGAON,2021-05-15,975.0,Other
KOPARGAON,2021-05-18,1050.0,Other
KOPARGAON,2021-06-01,1500.0,Other
KOPARGAON,2021-06-02,1575.0,Other
KOPARGAON,2021-06-03,1671.0,Other
KOPARGAON,2021-06-04,1661.0,Other
KOPARGAON,2021-06-05,1664.0,Other
KOPARGAON,2021-06-08,1688.0,Other
KOPARGAON,2021-06-09,1666.0,Other
KOPARGAON,2021-06-10,1702.0,Other
KOPARGAON,2021-06-11,1725.0,Other
KOPARGAON,2021-06-12,1750.0,Other
KOPARGAON,2021-06-15,1730.0,Other
KOPARGAON,2021-06-16,1750.0,Other
KOPARGAON,2021-06-17,1725.0,Other
KOPARGAON,2021-06-18,1750.0,Other
KOPARGAON,2021-06-19,1775.0,Other
KOPARGAON,2021-06-22,1830.0,Other
KOPARGAON,2021-06-23,1731.0,Other
KOPARGAON,2021-06-24,1733.0,Other
KOPARGAON,2021-06-25,1727.0,Other
KOPARGAON,2021-06-26,1710.0,Other
KOPARGAON,2021-06-29,1750.0,Other
KOPARGAON,2021-06-30,1671.0,Other
KOPARGAON,2021-07-02,1675.0,Other
KOPARGAON,2021-07-03,1651.0,Other
KOPARGAON,2021-07-06,1710.0,Other
KOPARGAON,2021-07-07,1702.0,Other
KOPARGAON,2021-07-08,1660.0,Other
KOPARGAON,2021-07-09,1635.0,Other
KOPARGAON,2021-07-10,1630.0,Other
KOPARGAON,2021-07-13,1550.0,Other
KOPARGAON,2021-07-14,1500.0,Other
KOPARGAON,2021-07-15,1420.0,Other
KOPARGAON,2021-07-16,1440.0,Other
KOPARGAON,2021-07-17,1500.0,Other
KOPARGAON,2021-07-20,1590.0,Other
KOPARGAON,2021-07-22,1650.0,Other
KOPARGAON,2021-07-23,1660.0,Other
KOPARGAON,2021-07-24,1675.0,Other
KOPARGAON,2021-07-27,1740.0,Other
KOPARGAON,2021-07-28,1700.0,Other
KOPARGAON,2021-07-29,1640.0,Other
KOPARGAON,2021-07-30,1650.0,Other
KOPARGAON,2021-07-31,1600.0,Other
KOPARGAON,2021-08-03,1550.0,Other
KOPARGAON,2021-08-04,1545.0,Other
KOPARGAON,2021-08-06,1625.0,Other
KOPARGAON,2021-08-07,1632.0,Other
KOPARGAON,2021-08-10,1545.0,Other
KOPARGAON,2021-08-11,1601.0,Other
KOPARGAON,2021-08-12,1690.0,Other
KOPARGAON,2021-08-13,1680.0,Other
KOPARGAON,2021-08-14,1625.0,Other
KOPARGAON,2021-08-17,1680.0,Other
KOPARGAON,2021-08-18,1710.0,Other
KOPARGAON,2021-08-19,1670.0,Other
KOPARGAON,2021-08-20,1615.0,Other
KOPARGAON,2021-08-21,1680.0,Other
KOPARGAON,2021-08-24,1650.0,Other
KOPARGAON,2021-08-25,1550.0,Other
KOPARGAON,2021-08-26,1450.0,Other
KOPARGAON,2021-08-27,1405.0,Other
KOPARGAON,2021-08-28,1400.0,Other
KOPARGAON,2021-08-31,1550.0,Other
KOPARGAON,2021-09-01,1551.0,Other
KOPARGAON,2021-09-02,1475.0,Other
KOPARGAON,2021-09-03,1425.0,Other
KOPARGAON,2021-09-04,1430.0,Other
KOPARGAON,2021-09-07,1450.0,Other
KOPARGAON,2021-09-08,1575.0,Other
KOPARGAON,2021-09-09,1500.0,Other
KOPARGAON,2021-09-10,1530.0,Other
KOPARGAON,2021-09-11,1401.0,Other
KOPARGAON,2021-09-14,1350.0,Other
KOPARGAON,2021-09-15,1450.0,Other
KOPARGAON,2021-09-17,1490.0,Other
KOPARGAON,2021-09-18,1375.0,Other
KOPARGAON,2021-09-21,1590.0,Other
KOPARGAON,2021-09-22,1751.0,Other
KOPARGAON,2021-09-23,2050.0,Other
KOPARGAON,2021-09-24,1990.0,Other
KOPARGAON,2021-09-25,1926.0,Other
KOPARGAON,2021-09-28,2000.0,Other
KOPARGAON,2021-09-29,2050.0,Other
KOPARGAON,2021-09-30,2350.0,Other
KOPARGAON,2021-10-01,2450.0,Other
KOPARGAON,2021-10-05,3250.0,Other
KOPARGAON,2021-10-06,3000.0,Other
KOPARGAON,2021-10-07,3125.0,Other
KOPARGAON,2021-10-08,3099.0,Other
KOPARGAON,2021-10-09,3208.0,Other
KOPARGAON,2021-10-12,3700.0,Other
KOPARGAON,2021-10-13,3300.0,Other
KOPARGAON,2021-10-14,3000.0,Other
KOPARGAON,2021-10-15,3211.0,Other
KOPARGAON,2021-10-16,3300.0,Other
KOPARGAON,2021-10-19,2800.0,Other
KOPARGAON,2021-10-20,2600.0,Other
KOPARGAON,2021-10-21,2400.0,Other
KOPARGAON,2021-10-22,2500.0,Other
KOPARGAON,2021-10-23,2700.0,Other
KOPARGAON,2021-10-26,2526.0,Other
KOPARGAON,2021-10-27,2310.0,Other
KOPARGAON,2021-10-28,2450.0,Other
KOPARGAON,2021-10-29,2050.0,Other
KOPARGAON,2021-10-30,2251.0,Other
KOPARGAON,2021-11-05,2275.0,Other
KOPARGAON,2021-11-09,2727.0,Other
KOPARGAON,2021-11-10,2750.0,Other
KOPARGAON,2021-11-11,2500.0,Other
KOPARGAON,2021-11-12,2300.0,Other
KOPARGAON,2021-11-13,2375.0,Other
KOPARGAON,2021-11-16,2001.0,Other
KOPARGAON,2021-11-17,2050.0,Other
KOPARGAON,2021-11-18,1750.0,Other
KOPARGAON,2021-11-19,1475.0,Other
KOPARGAON,2021-11-20,1850.0,Other
KOPARGAON,2021-11-23,2200.0,Other
KOPARGAON,2021-11-24,1900.0,Other
KOPARGAON,2021-11-25,1750.0,Other
KOPARGAON,2021-11-26,1675.0,Other
KOPARGAON,2021-11-27,1700.0,Other
KOPARGAON,2021-11-30,1400.0,Other
KOPARGAON,2021-12-01,1700.0,Other
KOPARGAON,2021-12-02,2300.0,Other
KOPARGAON,2021-12-03,2100.0,Other
KOPARGAON,2021-12-04,2150.0,Other
KOPARGAON,2021-12-07,1615.0,Red
KOPARGAON,2021-12-08,2200.0,Other
KOPARGAON,2021-12-09,1550.0,Red
KOPARGAON,2021-12-10,1475.0,Red
KOPARGAON,2021-12-11,1675.0,Red
KOPARGAON,2021-12-14,2125.0,Red
KOPARGAON,2021-12-15,2900.0,Other
KOPARGAON,2021-12-16,1615.0,Red
KOPARGAON,2021-12-17,1525.0,Red
KOPARGAON,2021-12-18,1425.0,Red
KOPARGAON,2021-12-21,1725.0,Red
KOPARGAON,2021-12-22,2051.0,Red
KOPARGAON,2021-12-23,1975.0,Red
KOPARGAON,2021-12-24,1975.0,Red
KOPARGAON,2021-12-28,1875.0,Red
KOPARGAON,2021-12-29,1825.0,Red
KOPARGAON,2021-12-30,1900.0,Red
KOPARGAON,2021-12-31,1850.0,Red
KOPARGAON,2022-01-01,1950.0,Red
KOPARGAON,2022-01-04,1975.0,Red
KOPARGAON,2022-01-05,1975.0,Red
KOPARGAON,2022-01-07,1950.0,Red
KOPARGAON,2022-01-08,1820.0,Red
KOPARGAON,2022-01-11,1852.0,Red
KOPARGAON,2022-01-12,1750.0,Red
KOPARGAON,2022-01-14,1850.0,Red
KOPARGAON,2022-01-19,1950.0,Red
KOPARGAON,2022-01-20,2126.0,Red
KOPARGAON,2022-01-21,2150.0,Red
KOPARGAON,2022-01-22,2075.0,Red
KOPARGAON,2022-01-25,2050.0,Red
KOPARGAON,2022-01-27,2002.0,Red
KOPARGAON,2022-01-28,1975.0,Red
KOPARGAON,2022-01-29,1902.0,Red
KOPARGAON,2022-02-01,2060.0,Red
KOPARGAON,2022-02-02,2003.0,Red
KOPARGAON,2022-02-03,2052.0,Red
KOPARGAON,2022-02-04,2075.0,Red
KOPARGAON,2022-02-05,2060.0,Red
KOPARGAON,2022-02-08,2212.0,Red
KOPARGAON,2022-02-09,2325.0,Red
KOPARGAON,2022-02-10,2450.0,Red
KOPARGAON,2022-02-11,2550.0,Red
KOPARGAON,2022-02-12,2435.0,Red
KOPARGAON,2022-02-15,2150.0,Red
KOPARGAON,2022-02-16,2150.0,Red
KOPARGAON,2022-02-17,2325.0,Red
KOPARGAON,2022-02-18,2300.0,Red
KOPARGAON,2022-02-22,2350.0,Red
KOPARGAON,2022-02-23,2250.0,Red
KOPARGAON,2022-02-24,2250.0,Red
KOPARGAON,2022-02-25,2150.0,Red
KOPARGAON,2022-02-26,1950.0,Red
KOPARGAON,2022-03-02,1500.0,Red
KOPARGAON,2022-03-03,1450.0,Red
KOPARGAON,2022-03-04,1400.0,Red
KOPARGAON,2022-03-05,1400.0,Red
KOPARGAON,2022-03-08,1350.0,Red
KOPARGAON,2022-03-09,1350.0,Red
KOPARGAON,2022-03-10,1350.0,Red
KOPARGAON,2022-03-11,1250.0,Other
KOPARGAON,2022-03-12,1250.0,Red
KOPARGAON,2022-03-15,1000.0,Other
KOPARGAON,2022-03-16,1100.0,Other
KOPARGAON,2022-03-17,1051.0,Other
KOPARGAON,2022-03-18,1025.0,Other
KOPARGAON,2022-03-19,1050.0,Other
KOPARGAON,2022-03-23,950.0,Other
KOPARGAON,2022-03-24,900.0,Other
KOPARGAON,2022-03-25,950.0,Other
KOPARGAON,2022-03-26,950.0,Other
KOPARGAON,2022-04-05,911.0,Other
KOPARGAON,2022-04-06,925.0,Other
KOPARGAON,2022-04-07,925.0,Other
KOPARGAON,2022-04-08,900.0,Other
KOPARGAON,2022-04-09,900.0,Other
KOPARGAON,2022-04-12,776.0,Other
KOPARGAON,2022-04-13,805.0,Other
KOPARGAON,2022-04-15,775.0,Other
KOPARGAON,2022-04-16,850.0,Other
KOPARGAON,2022-04-19,981.0,Other
KOPARGAON,2022-04-20,925.0,Other
KOPARGAON,2022-04-21,925.0,Other
KOPARGAON,2022-04-22,875.0,Other
KOPARGAON,2022-04-23,850.0,Other
KOPARGAON,2022-04-26,725.0,Other
KOPARGAON,2022-04-27,700.0,Other
KOPARGAON,2022-04-28,700.0,Other
KOPARGAON,2022-04-29,750.0,Other
KOPARGAON,2022-04-30,725.0,Other
KOPARGAON,2022-05-04,675.0,Other
KOPARGAON,2022-05-05,700.0,Other
KOPARGAON,2022-05-06,725.0,Other
KOPARGAON,2022-05-10,725.0,Other
KOPARGAON,2022-05-11,700.0,Other
KOPARGAON,2022-05-14,750.0,Other
KOPARGAON,2022-05-17,650.0,Other
KOPARGAON,2022-05-18,650.0,Other
KOPARGAON,2022-05-19,625.0,Other
KOPARGAON,2022-05-20,675.0,Other
KOPARGAON,2022-05-21,750.0,Other
KOPARGAON,2022-05-24,725.0,Other
KOPARGAON,2022-05-25,750.0,Other
KOPARGAON,2022-05-26,850.0,Other
KOPARGAON,2022-05-27,900.0,Other
KOPARGAON,2022-05-28,875.0,Other
KOPARGAON,2022-05-31,950.0,Other
KOPARGAON,2022-06-01,900.0,Other
KOPARGAON,2022-06-02,950.0,Other
KOPARGAON,2022-06-04,900.0,Other
KOPARGAON,2022-06-07,900.0,Other
KOPARGAON,2022-06-08,825.0,Other
KOPARGAON,2022-06-09,825.0,Other
KOPARGAON,2022-06-10,900.0,Other
KOPARGAON,2022-06-11,925.0,Other
KOPARGAON,2022-06-14,1025.0,Other
KOPARGAON,2022-06-15,1050.0,Other
KOPARGAON,2022-06-17,925.0,Other
KOPARGAON,2022-06-18,850.0,Other
KOPARGAON,2022-06-21,1125.0,Other
KOPARGAON,2022-06-22,1250.0,Other
KOPARGAON,2022-06-23,1200.0,Other
KOPARGAON,2022-06-24,1200.0,Other
KOPARGAON,2022-06-25,1200.0,Other
KOPARGAON,2022-06-29,1200.0,Other
KOPARGAON,2022-06-30,1175.0,Other
KOPARGAON,2022-07-05,1050.0,Other
KOPARGAON,2022-07-06,1175.0,Other
KOPARGAON,2022-07-07,1190.0,Other
KOPARGAON,2022-07-08,1175.0,Other
KOPARGAON,2022-07-09,1150.0,Other
KOPARGAON,2022-07-12,1190.0,Other
KOPARGAON,2022-07-13,1190.0,Other
KOPARGAON,2022-07-14,1150.0,Other
KOPARGAON,2022-07-15,1100.0,Other
KOPARGAON,2022-07-16,1100.0,Other
KOPARGAON,2022-07-19,1050.0,Other
KOPARGAON,2022-07-20,1070.0,Other
KOPARGAON,2022-07-21,1050.0,Other
KOPARGAON,2022-07-22,1020.0,Other
KOPARGAON,2022-07-23,1000.0,Other
KOPARGAON,2022-07-26,1025.0,Other
KOPARGAON,2022-07-27,1050.0,Other
KOPARGAON,2022-07-28,1050.0,Other
KOPARGAON,2022-07-29,1050.0,Other
KOPARGAON,2022-07-30,1050.0,Other
KOPARGAON,2022-08-03,1050.0,Other
KOPARGAON,2022-08-04,1050.0,Other
KOPARGAON,2022-08-05,1050.0,Other
KOPARGAON,2022-08-06,1050.0,Other
KOPARGAON,2022-08-10,1050.0,Other
KOPARGAON,2022-08-11,1050.0,Other
KOPARGAON,2022-08-13,1025.0,Other
KOPARGAON,2022-08-17,1050.0,Other
KOPARGAON,2022-08-18,1075.0,Other
KOPARGAON,2022-08-19,1075.0,Other
KOPARGAON,2022-08-20,1100.0,Other
KOPARGAON,2022-08-24,1050.0,Other
KOPARGAON,2022-08-25,1025.0,Other
KOPARGAON,2022-08-27,1050.0,Other
KOPARGAON,2022-09-03,1040.0,Other
KOPARGAON,2022-09-07,1000.0,Other
KOPARGAON,2022-09-08,1000.0,Other
KOPARGAON,2022-09-10,1025.0,Other
KOPARGAON,2022-09-15,1000.0,Other
KOPARGAON,2022-09-17,1020.0,Other
KOPARGAON,2022-09-20,1000.0,Other
KOPARGAON,2022-09-23,1000.0,Other
KOPARGAON,2022-09-24,1000.0,Other
KOPARGAON,2022-09-28,1200.0,Other
KOPARGAON,2022-09-29,1200.0,Other
KOPARGAON,2022-09-30,1350.0,Other
KOPARGAON,2022-10-04,1300.0,Other
KOPARGAON,2022-10-06,1400.0,Other
KOPARGAON,2022-10-07,1450.0,Other
KOPARGAON,2022-10-12,1700.0,Other
KOPARGAON,2022-10-13,1725.0,Other
KOPARGAON,2022-10-14,1800.0,Other
KOPARGAON,2022-10-15,1825.0,Other
KOPARGAON,2022-10-18,1700.0,Other
KOPARGAON,2022-10-19,1700.0,Other
KOPARGAON,2022-11-02,2650.0,Other
KOPARGAON,2022-11-03,2700.0,Other
KOPARGAON,2022-11-04,2700.0,Other
KOPARGAON,2022-11-05,2550.0,Other
KOPARGAON,2022-11-08,2075.0,Other
KOPARGAON,2022-11-09,1850.0,Other
KOPARGAON,2022-11-10,1800.0,Other
KOPARGAON,2022-11-11,1785.0,Other
KOPARGAON,2022-11-12,2050.0,Other
KOPARGAON,2022-11-16,1450.0,Other
KOPARGAON,2022-11-17,1400.0,Other
KOPARGAON,2022-11-18,1400.0,Other
KOPARGAON,2022-11-19,1300.0,Other
KOPARGAON,2022-11-23,1350.0,Other
KOPARGAON,2022-11-24,1400.0,Other
KOPARGAON,2022-11-26,1300.0,Other
KOPARGAON,2022-11-30,1150.0,Other
KOPARGAON,2022-12-02,1050.0,Other
KOPARGAON,2022-12-03,1100.0,Other
KOPARGAON,2022-12-08,1050.0,Other
KOPARGAON,2022-12-09,1050.0,Other
KOPARGAON,2022-12-10,1100.0,Other
KOPARGAON,2022-12-13,1050.0,Other
KOPARGAON,2022-12-14,1050.0,Other
KOPARGAON,2022-12-15,1050.0,Other
KOPARGAON,2022-12-16,1050.0,Other
KOPARGAON,2022-12-17,1100.0,Other
KOPARGAON,2022-12-20,1250.0,Other
KOPARGAON,2022-12-23,1741.0,Red
KOPARGAON,2022-12-24,1650.0,Red
KOPARGAON,2022-12-28,1650.0,Red
KOPARGAON,2022-12-29,1575.0,Red
KOPARGAON,2022-12-30,1390.0,Red
KOPARGAON,2022-12-31,1225.0,Red
KOPARGAON,2023-01-04,1525.0,Red
KOPARGAON,2023-01-07,1365.0,Red
KOPARGAON,2023-01-11,1325.0,Red
KOPARGAON,2023-01-12,1275.0,Red
KOPARGAON,2023-01-14,1225.0,Red
KOPARGAON,2023-01-17,1250.0,Red
KOPARGAON,2023-01-21,1250.0,Red
KOPARGAON,2023-01-24,1250.0,Red
KOPARGAON,2023-01-25,1250.0,Red
KOPARGAON,2023-01-27,1175.0,Red
KOPARGAON,2023-01-28,1160.0,Red
KOPARGAON,2023-01-31,1070.0,Red
KOPARGAON,2023-02-01,1050.0,Red
KOPARGAON,2023-02-02,1000.0,Red
KOPARGAON,2023-02-03,1025.0,Red
KOPARGAON,2023-02-04,1000.0,Red
KOPARGAON,2023-02-07,1025.0,Red
KOPARGAON,2023-02-08,1000.0,Red
KOPARGAON,2023-02-09,950.0,Red
KOPARGAON,2023-02-10,800.0,Red
KOPARGAON,2023-02-11,750.0,Red
KOPARGAON,2023-02-14,700.0,Red
KOPARGAON,2023-02-15,725.0,Red
KOPARGAON,2023-02-16,650.0,Red
KOPARGAON,2023-02-17,650.0,Red
KOPARGAON,2023-02-21,650.0,Red
KOPARGAON,2023-02-22,600.0,Red
KOPARGAON,2023-02-23,600.0,Red
KOPARGAON,2023-02-24,625.0,Red
KOPARGAON,2023-02-25,625.0,Red
KOPARGAON,2023-02-28,625.0,Red
KOPARGAON,2023-03-01,725.0,Red
KOPARGAON,2023-03-02,750.0,Red
KOPARGAON,2023-03-03,825.0,Red
KOPARGAON,2023-03-04,825.0,Red
KOPARGAON,2023-03-08,815.0,Red
KOPARGAON,2023-03-09,800.0,Red
KOPARGAON,2023-03-10,815.0,Red
KOPARGAON,2023-03-11,815.0,Red
KOPARGAON,2023-03-14,800.0,Red
KOPARGAON,2023-03-15,800.0,Red
KOPARGAON,2023-03-16,805.0,Red
KOPARGAON,2023-03-17,805.0,Red
KOPARGAON,2023-03-18,650.0,Red
KOPARGAON,2023-03-21,720.0,Red
KOPARGAON,2023-03-23,710.0,Red
KOPARGAON,2023-03-24,750.0,Red
KOPARGAON,2023-03-28,750.0,Red
KOPARGAON,2023-03-29,710.0,Red
KOPARGAON,2023-03-31,650.0,Red
KOPARGAON,2023-04-06,725.0,Other
KOPARGAON,2023-04-08,700.0,Other
KOPARGAON,2023-04-11,725.0,Other
KOPARGAON,2023-04-12,750.0,Other
KOPARGAON,2023-04-13,750.0,Other
KOPARGAON,2023-04-15,750.0,Other
KOPARGAON,2023-04-18,675.0,Other
KOPARGAON,2023-04-19,650.0,Other
KOPARGAON,2023-04-20,625.0,Other
KOPARGAON,2023-04-21,625.0,Other
KOPARGAON,2023-04-25,600.0,Other
KOPARGAON,2023-04-26,600.0,Other
KOPARGAON,2023-04-27,650.0,Other
KOPARGAON,2023-04-28,650.0,Other
KOPARGAON,2023-05-02,700.0,Other
KOPARGAON,2023-05-03,700.0,Other
KOPARGAON,2023-05-04,700.0,Other
KOPARGAON,2023-05-06,750.0,Other
KOPARGAON,2023-05-09,725.0,Other
KOPARGAON,2023-05-10,725.0,Other
KOPARGAON,2023-05-11,725.0,Other
KOPARGAON,2023-05-12,675.0,Other
KOPARGAON,2023-05-13,675.0,Other
KOPARGAON,2023-05-16,625.0,Other
KOPARGAON,2023-05-17,625.0,Other
KOPARGAON,2023-05-18,550.0,Other
KOPARGAON,2023-05-19,550.0,Other
KOPARGAON,2023-05-23,725.0,Other
KOPARGAON,2023-05-24,725.0,Other
KOPARGAON,2023-05-25,725.0,Other
KOPARGAON,2023-05-26,725.0,Other
KOPARGAON,2023-05-27,775.0,Other
KOPARGAON,2023-05-30,800.0,Other
KOPARGAON,2023-05-31,750.0,Other
KOPARGAON,2023-06-01,725.0,Other
KOPARGAON,2023-06-02,730.0,Other
KOPARGAON,2023-06-03,750.0,Other
KOPARGAON,2023-06-07,750.0,Other
KOPARGAON,2023-06-08,775.0,Other
KOPARGAON,2023-06-09,750.0,Other
KOPARGAON,2023-06-10,750.0,Other
KOPARGAON,2023-06-13,820.0,Other
KOPARGAON,2023-06-14,800.0,Other
KOPARGAON,2023-06-15,750.0,Other
KOPARGAON,2023-06-16,720.0,Other
KOPARGAON,2023-06-17,700.0,Other
KOPARGAON,2023-06-20,730.0,Other
KOPARGAON,2023-06-21,725.0,Other
KOPARGAON,2023-06-22,750.0,Other
KOPARGAON,2023-06-23,775.0,Other
KOPARGAON,2023-06-24,800.0,Other
KOPARGAON,2023-06-27,1000.0,Other
KOPARGAON,2023-06-28,1150.0,Other
KOPARGAON,2023-06-30,1250.0,Other
KOPARGAON,2023-07-01,1350.0,Other
KOPARGAON,2023-07-04,1350.0,Other
KOPARGAON,2023-07-05,1325.0,Other
KOPARGAON,2023-07-06,1350.0,Other
KOPARGAON,2023-07-07,1300.0,Other
KOPARGAON,2023-07-08,1300.0,Other
KOPARGAON,2023-07-11,1200.0,Other
KOPARGAON,2023-07-12,1200.0,Other
KOPARGAON,2023-07-13,1200.0,Other
KOPARGAON,2023-07-14,1240.0,Other
KOPARGAON,2023-07-15,1200.0,Other
KOPARGAON,2023-07-18,1325.0,Other
KOPARGAON,2023-07-21,1200.0,Other
KOPARGAON,2023-07-22,1225.0,Other
KOPARGAON,2023-07-25,1175.0,Other
KOPARGAON,2023-07-26,1175.0,Other
KOPARGAON,2023-07-27,1200.0,Other
KOPARGAON,2023-08-01,1300.0,Other
KOPARGAON,2023-08-02,1300.0,Other
KOPARGAON,2023-08-03,1400.0,Other
KOPARGAON,2023-08-04,1500.0,Other
KOPARGAON,2023-08-05,1600.0,Other
KOPARGAON,2023-08-08,1700.0,Other
KOPARGAON,2023-08-09,1775.0,Other
KOPARGAON,2023-08-10,2000.0,Other
KOPARGAON,2023-08-11,2200.0,Other
KOPARGAON,2023-08-12,2150.0,Other
KOPARGAON,2023-08-17,2000.0,Other
KOPARGAON,2023-08-18,2000.0,Other
KOPARGAON,2023-08-19,1900.0,Other
KOPARGAON,2023-08-25,2100.0,Other
KOPARGAON,2023-08-26,2150.0,Other
KOPARGAON,2023-08-29,2150.0,Other
KOPARGAON,2023-08-31,2150.0,Other
KOPARGAON,2023-09-01,2100.0,Other
KOPARGAON,2023-09-02,2100.0,Other
KOPARGAON,2023-09-05,2100.0,Other
KOPARGAON,2023-09-06,2100.0,Other
KOPARGAON,2023-09-08,1975.0,Other
KOPARGAON,2023-09-09,2010.0,Other
KOPARGAON,2023-09-12,1950.0,Other
KOPARGAON,2023-09-13,2100.0,Other
KOPARGAON,2023-09-16,1975.0,Other
KOPARGAON,2023-09-19,1975.0,Other
KOPARGAON,2023-10-03,2050.0,Other
KOPARGAON,2023-10-04,2050.0,Other
KOPARGAON,2023-10-05,2100.0,Other
KOPARGAON,2023-10-06,2150.0,Other
KOPARGAON,2023-10-07,2100.0,Other
KOPARGAON,2023-10-10,2275.0,Other
KOPARGAON,2023-10-11,2300.0,Other
KOPARGAON,2023-10-12,2300.0,Other
KOPARGAON,2023-10-13,2300.0,Other
KOPARGAON,2023-10-14,2300.0,Other
KOPARGAON,2023-10-17,3300.0,Other
KOPARGAON,2023-10-18,3300.0,Other
KOPARGAON,2023-10-19,3200.0,Other
KOPARGAON,2023-10-20,3200.0,Other
KOPARGAON,2023-10-21,3250.0,Other
KOPARGAON,2023-10-24,4150.0,Other
KOPARGAON,2023-10-25,4451.0,Other
KOPARGAON,2023-10-26,4400.0,Other
KOPARGAON,2023-10-27,3800.0,Red
KOPARGAON,2023-10-28,4800.0,Other
KOPARGAON,2023-10-31,4500.0,Other
KOPARGAON,2023-11-02,3000.0,Red
KOPARGAON,2023-11-03,2400.0,Red
KOPARGAON,2023-11-04,2801.0,Red
KOPARGAON,2023-11-21,3200.0,Other
KOPARGAON,2023-11-22,3700.0,Red
KOPARGAON,2023-11-23,3711.0,Red
KOPARGAON,2023-11-24,3450.0,Red
KOPARGAON,2023-11-25,3500.0,Red
KOPARGAON,2023-11-28,4102.0,Red
KOPARGAON,2023-11-29,3600.0,Red
KOPARGAON,2023-11-30,3300.0,Red
KOPARGAON,2023-12-05,3500.0,Red
KOPARGAON,2023-12-06,3300.0,Red
KOPARGAON,2023-12-07,3400.0,Red
KOPARGAON,2023-12-08,2500.0,Red
KOPARGAON,2023-12-12,2000.0,Red
KOPARGAON,2023-12-13,1750.0,Red
KOPARGAON,2023-12-15,1775.0,Red
KOPARGAON,2023-12-16,1850.0,Red
KOPARGAON,2023-12-19,2050.0,Red
KOPARGAON,2023-12-20,1750.0,Red
KOPARGAON,2023-12-21,1900.0,Red
KOPARGAON,2023-12-22,1700.0,Red
KOPARGAON,2023-12-23,1500.0,Red
KOPARGAON,2023-12-26,1350.0,Red
KOPARGAON,2023-12-27,1200.0,Red
KOPARGAON,2023-12-28,1400.0,Red
KOPARGAON,2023-12-29,1375.0,Red
KOPARGAON,2023-12-30,1575.0,Red
KOPARGAON,2024-01-02,2050.0,Red
KOPARGAON,2024-01-03,1700.0,Red
KOPARGAON,2024-01-04,1675.0,Red
KOPARGAON,2024-01-05,1675.0,Red
KOPARGAON,2024-01-06,1700.0,Red
KOPARGAON,2024-01-09,1875.0,Red
KOPARGAON,2024-01-10,1875.0,Red
KOPARGAON,2024-01-11,1875.0,Red
KOPARGAON,2024-01-12,1675.0,Red
KOPARGAON,2024-01-13,1675.0,Red
KOPARGAON,2024-01-16,1475.0,Red
KOPARGAON,2024-01-17,1475.0,Red
KOPARGAON,2024-01-18,1280.0,Red
KOPARGAON,2024-01-19,1350.0,Red
KOPARGAON,2024-01-20,1300.0,Red
KOPARGAON,2024-01-23,1250.0,Red
KOPARGAON,2024-01-24,1150.0,Red
KOPARGAON,2024-01-25,1050.0,Red
KOPARGAON,2024-01-27,1075.0,Red
KOPARGAON,2024-01-30,1100.0,Red
KOPARGAON,2024-01-31,1175.0,Red
KOPARGAON,2024-02-01,1250.0,Red
KOPARGAON,2024-02-02,1290.0,Red
KOPARGAON,2024-02-03,1300.0,Red
KOPARGAON,2024-02-06,1175.0,Red
KOPARGAON,2024-02-07,1171.0,Red
KOPARGAON,2024-02-08,1110.0,Red
KOPARGAON,2024-02-09,1125.0,Red
KOPARGAON,2024-02-10,1130.0,Red
KOPARGAON,2024-02-13,1200.0,Red
KOPARGAON,2024-02-14,1200.0,Red
KOPARGAON,2024-02-15,1150.0,Red
KOPARGAON,2024-02-16,1260.0,Red
KOPARGAON,2024-02-17,1275.0,Red
KOPARGAON,2024-02-20,1550.0,Red
KOPARGAON,2024-02-21,1380.0,Red
KOPARGAON,2024-02-22,1450.0,Red
KOPARGAON,2024-02-23,1670.0,Red
KOPARGAON,2024-02-24,1710.0,Red
KOPARGAON,2024-02-27,1750.0,Red
KOPARGAON,2024-02-28,1700.0,Red
KOPARGAON,2024-02-29,1700.0,Red
KOPARGAON,2024-03-01,1675.0,Red
KOPARGAON,2024-03-02,1625.0,Red
KOPARGAON,2024-03-05,1700.0,Red
KOPARGAON,2024-03-06,1850.0,Red
KOPARGAON,2024-03-07,1850.0,Red
KOPARGAON,2024-03-09,1800.0,Red
KOPARGAON,2024-03-12,1625.0,Red
KOPARGAON,2024-03-13,1550.0,Red
KOPARGAON,2024-03-14,1475.0,Red
KOPARGAON,2024-03-15,1450.0,Red
KOPARGAON,2024-03-16,1470.0,Red
KOPARGAON,2024-03-19,1275.0,Red
KOPARGAON,2024-03-20,1250.0,Red
KOPARGAON,2024-03-21,1300.0,Red
KOPARGAON,2024-03-22,1250.0,Red
KOPARGAON,2024-03-23,1225.0,Red
KOPARGAON,2024-04-04,1350.0,Other
KOPARGAON,2024-04-05,1325.0,Other
KOPARGAON,2024-04-06,1300.0,Other
KOPARGAON,2024-04-09,1300.0,Other
KOPARGAON,2024-04-13,1275.0,Other
KOPARGAON,2024-04-19,1275.0,Other
KOPARGAON,2024-04-24,1275.0,Other
KOPARGAON,2024-04-25,1290.0,Other
KOPARGAON,2024-04-26,1290.0,Other
KOPARGAON,2024-04-27,1225.0,Other
KOPARGAON,2024-04-30,1275.0,Other
KOPARGAON,2024-05-02,1400.0,Other
KOPARGAON,2024-05-03,1350.0,Other
KOPARGAON,2024-05-04,1750.0,Other
KOPARGAON,2024-05-07,1500.0,Other
KOPARGAON,2024-05-08,1400.0,Other
KOPARGAON,2024-05-09,1425.0,Other
KOPARGAON,2024-05-10,1550.0,Other
KOPARGAON,2024-05-14,1450.0,Other
KOPARGAON,2024-05-15,1400.0,Other
KOPARGAON,2024-05-16,1400.0,Other
KOPARGAON,2024-05-17,1450.0,Other
KOPARGAON,2024-05-18,1475.0,Other
KOPARGAON,2024-05-21,1425.0,Other
KOPARGAON,2024-05-22,1510.0,Other
KOPARGAON,2024-05-24,1650.0,Other
KOPARGAON,2024-05-25,1400.0,Other
KOPARGAON,2024-05-28,1675.0,Other
KOPARGAON,2024-05-29,1725.0,Other
KOPARGAON,2024-05-30,1725.0,Other
KOPARGAON,2024-05-31,1725.0,Other
KOPARGAON,2024-06-01,1750.0,Other
KOPARGAON,2024-06-04,1850.0,Other
KOPARGAON,2024-06-05,2050.0,Other
KOPARGAON,2024-06-06,2200.0,Other
KOPARGAON,2024-06-07,2300.0,Other
KOPARGAON,2024-06-08,2350.0,Other
KOPARGAON,2024-06-11,2300.0,Other
KOPARGAON,2024-06-12,2300.0,Other
KOPARGAON,2024-06-13,2350.0,Other
KOPARGAON,2024-06-14,2500.0,Other
KOPARGAON,2024-06-15,2500.0,Other
KOPARGAON,2024-06-18,2725.0,Other
KOPARGAON,2024-06-19,2700.0,Other
KOPARGAON,2024-06-20,2750.0,Other
KOPARGAON,2024-06-21,2700.0,Other
KOPARGAON,2024-06-22,2651.0,Other
KOPARGAON,2024-06-25,2600.0,Other
KOPARGAON,2024-06-26,2600.0,Other
KOPARGAON,2024-06-27,2550.0,Other
KOPARGAON,2024-06-28,2650.0,Other
KOPARGAON,2024-06-29,2675.0,Other
KOPARGAON,2024-07-02,2750.0,Other
KOPARGAON,2024-07-03,2775.0,Other
KOPARGAON,2024-07-04,2750.0,Other
KOPARGAON,2024-07-05,2750.0,Other
KOPARGAON,2024-07-06,2825.0,Other
KOPARGAON,2024-07-09,2450.0,Other
KOPARGAON,2024-07-10,2760.0,Other
KOPARGAON,2024-07-11,2750.0,Other
KOPARGAON,2024-07-12,2650.0,Other
KOPARGAON,2024-07-13,2650.0,Other
KOPARGAON,2024-07-18,2675.0,Other
KOPARGAON,2024-07-19,2650.0,Other
KOPARGAON,2024-07-20,2680.0,Other
KOPARGAON,2024-07-23,2625.0,Other
KOPARGAON,2024-07-24,2600.0,Other
KOPARGAON,2024-07-25,2600.0,Other
KOPARGAON,2024-07-26,2575.0,Other
KOPARGAON,2024-07-27,2450.0,Other
KOPARGAON,2024-07-30,2600.0,Other
KOPARGAON,2024-07-31,2690.0,Other
KOPARGAON,2024-08-01,2690.0,Other
KOPARGAON,2024-08-02,2695.0,Other
KOPARGAON,2024-08-03,2675.0,Other
KOPARGAON,2024-08-06,2740.0,Other
KOPARGAON,2024-08-07,2950.0,Other
KOPARGAON,2024-08-08,2950.0,Other
KOPARGAON,2024-08-09,3050.0,Other
KOPARGAON,2024-08-10,3250.0,Other
KOPARGAON,2024-08-13,3250.0,Other
KOPARGAON,2024-08-14,3250.0,Other
KOPARGAON,2024-08-16,3150.0,Other
KOPARGAON,2024-08-17,3225.0,Other
KOPARGAON,2024-08-20,3450.0,Other
KOPARGAON,2024-08-21,3675.0,Other
KOPARGAON,2024-08-22,3850.0,Other
KOPARGAON,2024-08-23,3850.0,Other
KOPARGAON,2024-08-24,3750.0,Other
KOPARGAON,2024-08-27,3700.0,Other
KOPARGAON,2024-08-28,3700.0,Other
KOPARGAON,2024-08-29,3550.0,Other
KOPARGAON,2024-08-30,3400.0,Other
KOPARGAON,2024-08-31,3650.0,Other
KOPARGAON,2024-09-03,4100.0,Other
KOPARGAON,2024-09-04,3950.0,Other
KOPARGAON,2024-09-05,3900.0,Other
KOPARGAON,2024-09-06,3885.0,Other
KOPARGAON,2024-09-10,3800.0,Other
KOPARGAON,2024-09-11,3850.0,Other
KOPARGAON,2024-09-12,3976.0,Other
KOPARGAON,2024-09-13,3950.0,Other
KOPARGAON,2024-09-14,4550.0,Other
KOPARGAON,2024-09-18,3901.0,Red
KOPARGAON,2024-09-19,4250.0,Other
KOPARGAON,2024-09-20,4350.0,Other
KOPARGAON,2024-09-21,4500.0,Other
KOPARGAON,2024-09-23,4570.0,Other
KOPARGAON,2024-09-24,4500.0,Other
KOPARGAON,2024-09-25,4450.0,Other
KOPARGAON,2024-09-26,4350.0,Other
KOPARGAON,2024-09-27,4300.0,Other
KOPARGAON,2024-09-28,4100.0,Other
KOPARGAON,2024-09-30,3771.0,Other
KOPARGAON,2024-10-01,3900.0,Other
KOPARGAON,2024-10-03,4225.0,Other
KOPARGAON,2024-10-04,3100.0,Red
KOPARGAON,2024-10-05,2800.0,Red
KOPARGAON,2024-10-09,2500.0,Red
KOPARGAON,2024-10-10,2000.0,Red
KOPARGAON,2024-10-11,2100.0,Red
KOPARGAON,2024-10-14,3951.0,Other
KOPARGAON,2024-10-15,2000.0,Red
KOPARGAON,2024-10-16,3750.0,Other
KOPARGAON,2024-10-17,3800.0,Other
KOPARGAON,2024-10-18,3700.0,Other
KOPARGAON,2024-10-19,2800.0,Red
KOPARGAON,2024-10-21,4200.0,Other
KOPARGAON,2024-10-22,2668.0,Red
KOPARGAON,2024-10-23,2530.0,Red
KOPARGAON,2024-10-24,4375.0,Other
KOPARGAON,2024-10-25,4350.0,Other
KOPARGAON,2024-10-26,4150.0,Other
KOPARGAON,2024-11-05,4950.0,Other
KOPARGAON,2024-11-06,5500.0,Other
KOPARGAON,2024-11-07,3000.0,Red
KOPARGAON,2024-11-08,3300.0,Red
KOPARGAON,2024-11-09,3500.0,Red
KOPARGAON,2024-11-11,2101.0,Red
KOPARGAON,2024-11-12,3500.0,Red
KOPARGAON,2024-11-13,3300.0,Red
KOPARGAON,2024-11-14,3500.0,Red
KOPARGAON,2024-11-16,3900.0,Red
KOPARGAON,2024-11-18,3599.0,Red
KOPARGAON,2024-11-19,3025.0,Red
KOPARGAON,2024-11-21,2735.0,Red
KOPARGAON,2024-11-22,2700.0,Red
KOPARGAON,2024-11-23,2650.0,Red
KOPARGAON,2024-11-25,2929.0,Red
KOPARGAON,2024-11-26,2800.0,Red
KOPARGAON,2024-11-27,3400.0,Red
KOPARGAON,2024-11-28,3500.0,Red
KOPARGAON,2024-12-02,3335.0,Red
KOPARGAON,2024-12-03,3250.0,Red
KOPARGAON,2024-12-04,3250.0,Red
KOPARGAON,2024-12-05,3251.0,Red
KOPARGAON,2024-12-06,3199.0,Red
KOPARGAON,2024-12-07,3285.0,Red
KOPARGAON,2024-12-09,3300.0,Red
KOPARGAON,2024-12-10,3870.0,Red
KOPARGAON,2024-12-11,3700.0,Red
KOPARGAON,2024-12-12,3385.0,Red
KOPARGAON,2024-12-13,3300.0,Red
KOPARGAON,2024-12-14,2300.0,Red
KOPARGAON,2024-12-16,1950.0,Red
KOPARGAON,2024-12-17,1800.0,Red
KOPARGAON,2024-12-18,1750.0,Red
KOPARGAON,2024-12-19,1700.0,Red
KOPARGAON,2024-12-20,1900.0,Red
KOPARGAON,2024-12-21,1800.0,Red
KOPARGAON,2024-12-23,1550.0,Red
KOPARGAON,2024-12-24,1905.0,Red
KOPARGAON,2024-12-26,2200.0,Red
KOPARGAON,2024-12-27,2250.0,Red
KOPARGAON,2024-12-28,2350.0,Red
KOPARGAON,2024-12-30,2325.0,Red
KOPARGAON,2024-12-31,2400.0,Red
KOPARGAON,2025-01-01,2500.0,Red
KOPARGAON,2025-01-02,2375.0,Red
KOPARGAON,2025-01-03,2275.0,Red
KOPARGAON,2025-01-04,2300.0,Red
KOPARGAON,2025-01-06,2325.0,Red
KOPARGAON,2025-01-07,2350.0,Red
KOPARGAON,2025-01-08,2250.0,Red
KOPARGAON,2025-01-09,2000.0,Red
KOPARGAON,2025-01-10,1975.0,Red
KOPARGAON,2025-01-11,1875.0,Red
KOPARGAON,2025-01-16,1825.0,Red
KOPARGAON,2025-01-17,1950.0,Red
KOPARGAON,2025-01-18,2200.0,Red
KOPARGAON,2025-01-20,2275.0,Red
KOPARGAON,2025-01-21,2400.0,Red
KOPARGAON,2025-01-22,2275.0,Red
KOPARGAON,2025-01-23,2275.0,Red
KOPARGAON,2025-01-24,2290.0,Red
KOPARGAON,2025-01-25,2375.0,Red
KOPARGAON,2025-01-27,2190.0,Red
KOPARGAON,2025-01-28,2100.0,Red
KOPARGAON,2025-01-29,2125.0,Red
KOPARGAON,2025-01-30,2100.0,Red
KOPARGAON,2025-01-31,2075.0,Red
KOPARGAON,2025-02-01,1980.0,Red
KOPARGAON,2025-02-03,2000.0,Red
KOPARGAON,2025-02-04,1975.0,Red
KOPARGAON,2025-02-05,2150.0,Red
KOPARGAON,2025-02-06,2250.0,Red
KOPARGAON,2025-02-07,2225.0,Red
KOPARGAON,2025-02-08,2350.0,Red
KOPARGAON,2025-02-13,2600.0,Red
KOPARGAON,2025-02-14,2750.0,Red
KOPARGAON,2025-02-15,2850.0,Red
KOPARGAON,2025-02-17,2725.0,Red
KOPARGAON,2025-02-18,2750.0,Red
KOPARGAON,2025-02-20,2200.0,Red
KOPARGAON,2025-02-21,2200.0,Red
KOPARGAON,2025-02-22,2150.0,Red
KOPARGAON,2025-02-24,2100.0,Red
KOPARGAON,2025-02-25,2365.0,Red
KOPARGAON,2025-02-27,2200.0,Red
KOPARGAON,2025-02-28,2200.0,Red
KOPARGAON,2025-03-01,2200.0,Red
KOPARGAON,2025-03-03,2000.0,Red
KOPARGAON,2025-03-04,2275.0,Red
KOPARGAON,2025-03-05,2175.0,Red
KOPARGAON,2025-03-06,2050.0,Red
KOPARGAON,2025-03-07,2000.0,Red
KOPARGAON,2025-03-08,1600.0,Red
KOPARGAON,2025-03-10,1001.0,Red
KOPARGAON,2025-03-11,1100.0,Red
KOPARGAON,2025-03-12,1300.0,Red
KOPARGAON,2025-03-17,1550.0,Other
KOPARGAON,2025-03-18,1500.0,Other
KOPARGAON,2025-03-19,1500.0,Other
KOPARGAON,2025-03-20,1400.0,Other
KOPARGAON,2025-03-21,1300.0,Other
KOPARGAON,2025-03-22,1325.0,Other
KOPARGAON,2025-03-24,1400.0,Other
KOPARGAON,2025-03-25,1450.0,Other
KOPARGAON,2025-03-26,1475.0,Other
KOPARGAON,2025-03-27,1425.0,Other
KOPARGAON,2025-04-04,1225.0,Other
KOPARGAON,2025-04-05,1300.0,Other
KOPARGAON,2025-04-07,1225.0,Other
KOPARGAON,2025-04-08,1300.0,Other
KOPARGAON,2025-04-09,1281.0,Other
KOPARGAON,2025-04-11,1000.0,Other
KOPARGAON,2025-04-12,1100.0,Other
KOPARGAON,2025-04-15,1100.0,Other
KOPARGAON,2025-04-16,1100.0,Other
KOPARGAON,2025-04-17,1100.0,Other
KOPARGAON,2025-04-19,1100.0,Other
KOPARGAON,2025-04-21,1050.0,Other
KOPARGAON,2025-04-22,1100.0,Other
KOPARGAON,2025-04-23,1100.0,Other
KOPARGAON,2025-04-24,1100.0,Other
KOPARGAON,2025-04-25,1075.0,Other
KOPARGAON,2025-04-26,1050.0,Other
KOPARGAON,2025-04-28,1050.0,Other
KOPARGAON,2025-04-29,1050.0,Other
KOPARGAON,2025-05-02,1050.0,Other
KOPARGAON,2025-05-03,1050.0,Other
KOPARGAON,2025-05-05,1025.0,Other
KOPARGAON,2025-05-06,1075.0,Other
KOPARGAON,2025-05-07,1000.0,Other
KOPARGAON,2025-05-08,1075.0,Other
KOPARGAON,2025-05-09,1075.0,Other
KOPARGAON,2025-05-10,1000.0,Other
KOPARGAON,2025-05-13,1075.0,Other
KOPARGAON,2025-05-15,1050.0,Other
KOPARGAON,2025-05-16,1000.0,Other
KOPARGAON,2025-05-17,1050.0,Other
KOPARGAON,2025-05-19,1000.0,Other
KOPARGAON,2025-05-20,1000.0,Other
KOPARGAON,2025-05-21,1000.0,Other
KOPARGAON,2025-05-22,1075.0,Other
KOPARGAON,2025-05-23,1075.0,Other
KOPARGAON,2025-05-24,1100.0,Other
KOPARGAON,2025-05-26,1210.0,Other
KOPARGAON,2025-05-27,1190.0,Other
KOPARGAON,2025-05-28,1175.0,Other
KOPARGAON,2025-05-29,1200.0,Other
KOPARGAON,2025-05-30,1175.0,Other
KOPARGAON,2025-05-31,1100.0,Other
KOPARGAON,2025-06-02,1000.0,Other
KOPARGAON,2025-06-03,1100.0,Other
KOPARGAON,2025-06-04,1120.0,Other
KOPARGAON,2025-06-05,1175.0,Other
KOPARGAON,2025-06-06,1200.0,Other
KOPARGAON,2025-06-09,1301.0,Other
KOPARGAON,2025-06-10,1500.0,Other
KOPARGAON,2025-06-11,1475.0,Other
KOPARGAON,2025-06-12,1400.0,Other
KOPARGAON,2025-06-13,1400.0,Other
KOPARGAON,2025-06-14,1400.0,Other
KOPARGAON,2025-06-16,1501.0,Other
KOPARGAON,2025-06-17,1400.0,Other
KOPARGAON,2025-06-18,1475.0,Other
KOPARGAON,2025-06-19,1500.0,Other
KOPARGAON,2025-06-20,1475.0,Other
KOPARGAON,2025-06-21,1400.0,Other
KOPARGAON,2025-06-23,1425.0,Other
KOPARGAON,2025-06-24,1425.0,Other
KOPARGAON,2025-06-25,1375.0,Other
KOPARGAON,2025-06-26,1375.0,Other
KOPARGAON,2025-06-27,1375.0,Other
KOPARGAON,2025-06-28,1350.0,Other
KOPARGAON,2025-06-30,1313.0,Other
KOPARGAON,2025-07-01,1365.0,Other
KOPARGAON,2025-07-02,1450.0,Other
KOPARGAON,2025-07-03,1375.0,Other
KOPARGAON,2025-07-04,1400.0,Other
KOPARGAON,2025-07-05,1300.0,Other
KOPARGAON,2025-07-07,1300.0,Other
KOPARGAON,2025-07-08,1395.0,Other
KOPARGAON,2025-07-09,1375.0,Other
KOPARGAON,2025-07-10,1375.0,Other
KOPARGAON,2025-07-11,1250.0,Other
KOPARGAON,2025-07-12,1200.0,Other
KOPARGAON,2025-07-14,1300.0,Other
KOPARGAON,2025-07-15,1225.0,Other
KOPARGAON,2025-07-16,1225.0,Other
KOPARGAON,2025-07-17,1325.0,Other
KOPARGAON,2025-07-18,1200.0,Other
KOPARGAON,2025-07-19,1225.0,Other
KOPARGAON,2025-07-21,1210.0,Other
KOPARGAON,2025-07-22,1175.0,Other
KOPARGAON,2025-07-23,1175.0,Other
KOPARGAON,2025-07-24,1196.0,Other
KOPARGAON,2025-07-28,1200.0,Other
KOPARGAON,2025-07-30,1275.0,Other
KOPARGAON,2025-07-31,1310.0,Other
KOPARGAON,2025-08-01,1232.0,Other
KOPARGAON,2025-08-02,1180.0,Other
KOPARGAON,2025-08-04,1150.0,Other
KOPARGAON,2025-08-05,1170.0,Other
KOPARGAON,2025-08-06,1100.0,Other
KOPARGAON,2025-08-07,1200.0,Other
KOPARGAON,2025-08-11,1250.0,Other
KOPARGAON,2025-08-12,1375.0,Other
KOPARGAON,2025-08-13,1500.0,Other
KOPARGAON,2025-08-14,1500.0,Other
KOPARGAON,2025-08-16,1550.0,Other
KOPARGAON,2025-08-19,1550.0,Other
KOPARGAON,2025-08-20,1450.0,Other
KOPARGAON,2025-08-21,1450.0,Other
KOPARGAON,2025-08-23,1250.0,Other
KOPARGAON,2025-08-25,1200.0,Other
KOPARGAON,2025-08-26,1200.0,Other
KOPARGAON,2025-08-28,1180.0,Other
KOPARGAON,2025-09-01,1100.0,Other
KOPARGAON,2025-09-02,1050.0,Other
KOPARGAON,2025-09-03,1050.0,Other
KOPARGAON,2025-09-04,1150.0,Other
KOPARGAON,2025-09-08,1150.0,Other
KOPARGAON,2025-09-09,1150.0,Other
KOPARGAON,2025-09-10,1125.0,Other
KOPARGAON,2025-09-11,1025.0,Other
KOPARGAON,2025-09-12,1050.0,Other
KOPARGAON,2025-09-13,1050.0,Other
KOPARGAON,2025-09-15,1000.0,Other
KOPARGAON,2025-09-16,1050.0,Other
KOPARGAON,2025-09-17,1075.0,Other
KOPARGAON,2025-09-18,975.0,Other
KOPARGAON,2025-09-19,950.0,Other
KOPARGAON,2025-09-20,950.0,Other
KOPARGAON,2025-09-22,975.0,Other
KOPARGAON,2025-09-23,975.0,Other
KOPARGAON,2025-09-24,1025.0,Other
KOPARGAON,2025-09-25,1000.0,Other
KOPARGAON,2025-09-27,1000.0,Other
KOPARGAON,2025-09-29,1000.0,Other
KOPARGAON,2025-09-30,975.0,Other
KOPARGAON,2025-10-01,990.0,Other
KOPARGAON,2025-10-03,1075.0,Other
KOPARGAON,2025-10-04,995.0,Other
KOPARGAON,2025-10-06,1000.0,Other
KOPARGAON,2025-10-07,1005.0,Other
KOPARGAON,2025-10-08,990.0,Other
KOPARGAON,2025-10-09,975.0,Other
KOPARGAON,2025-10-13,900.0,Other
KOPARGAON,2025-10-14,900.0,Other
KOPARGAON,2025-10-15,900.0,Other
KOPARGAON,2025-10-16,925.0,Other
KOPARGAON,2025-10-27,1200.0,Other
KOPARGAON,2025-10-28,1175.0,Other
KOPARGAON,2025-10-29,1175.0,Other
KOPARGAON,2025-10-30,1250.0,Other
KOPARGAON,2025-10-31,1425.0,Other
KOPARGAON,2025-11-01,1350.0,Other
KOPARGAON,2025-11-03,1300.0,Other
KOPARGAON,2025-11-08,1200.0,Other
KOPARGAON,2025-11-12,1220.0,Other
KOPARGAON,2025-11-13,1175.0,Other
KOPARGAON,2025-11-15,1200.0,Other
KOPARGAON,2025-11-17,1050.0,Other
KOPARGAON,2025-11-18,1175.0,Other
KOPARGAON,2025-11-19,1175.0,Other
KOPARGAON,2025-11-21,1100.0,Other
KOPARGAON,2025-11-22,1000.0,Other
KOPARGAON,2025-11-25,1100.0,Other
KOPARGAON,2025-11-26,1100.0,Other
KOPARGAON,2025-11-27,1100.0,Other
KOPARGAON,2025-11-28,1100.0,Other
KOPARGAON,2025-12-01,1025.0,Other
KOPARGAON,2025-12-02,1050.0,Other
KOPARGAON,2025-12-03,1000.0,Other
KOPARGAON,2025-12-04,950.0,Other
KOPARGAON,2025-12-05,1150.0,Other
KOPARGAON,2025-12-06,1000.0,Other
KOPARGAON,2025-12-08,1300.0,Other
KOPARGAON,2025-12-09,1200.0,Other
KOPARGAON,2025-12-10,1550.0,Other
KOPARGAON,2025-12-11,1560.0,Other
KOPARGAON,2025-12-12,1650.0,Other
KOPARGAON,2025-12-13,1850.0,Other
KOPARGAON,2025-12-15,2150.0,Other
KOPARGAON,2025-12-16,2175.0,Other
KOPARGAON,2025-12-17,2350.0,Other
KOPARGAON,2025-12-18,2200.0,Other
KOPARGAON,2025-12-19,1575.0,Other
KOPARGAON,2025-12-22,1160.0,Red
KOPARGAON,2025-12-23,1400.0,Red
KOPARGAON,2025-12-24,1350.0,Red
KOPARGAON,2025-12-26,1785.0,Red
KOPARGAON,2025-12-27,1800.0,Red
KOPARGAON,2025-12-29,1875.0,Red
KOPARGAON,2025-12-30,1785.0,Red
KOPARGAON,2025-12-31,1785.0,Red
KOPARGAON,2026-01-01,1675.0,Red
KOPARGAON,2026-01-02,1500.0,Red
KOPARGAON,2026-01-03,1400.0,Red
KOPARGAON,2026-01-05,1475.0,Red
KOPARGAON,2026-01-06,1475.0,Red
KOPARGAON,2026-01-07,1400.0,Red
KOPARGAON,2026-01-08,1450.0,Red
KOPARGAON,2026-01-09,1400.0,Red
KOPARGAON,2026-01-10,1400.0,Red
KOPARGAON,2026-01-12,1350.0,Red
KOPARGAON,2026-01-13,1300.0,Red
KOPARGAON,2026-01-15,1300.0,Red
KOPARGAON,2026-01-16,1325.0,Red
KOPARGAON,2026-01-17,1400.0,Red
KOPARGAON,2026-01-19,1375.0,Red
KOPARGAON,2026-01-20,1450.0,Red
KOPARGAON,2026-01-21,1375.0,Red
KOPARGAON,2026-01-22,1350.0,Red
KOPARGAON,2026-01-23,1325.0,Red
KOPARGAON,2026-01-24,1275.0,Red
KOPARGAON,2026-01-27,1150.0,Red
KOPARGAON,2026-01-28,1200.0,Red
KOPARGAON,2026-01-29,1100.0,Red
KOPARGAON,2026-01-30,1075.0,Red
KOPARGAON,2026-01-31,925.0,Red
KOPARGAON,2026-02-02,950.0,Red
KOPARGAON,2026-02-03,1001.0,Red
KOPARGAON,2026-02-04,1000.0,Red
KOPARGAON,2026-02-05,1000.0,Red
KOPARGAON,2026-02-06,1050.0,Red
KOPARGAON,2026-02-07,1075.0,Red
KOPARGAON,2026-02-09,1100.0,Red
KOPARGAON,2026-02-10,1125.0,Red
KOPARGAON,2026-02-11,1100.0,Red
KOPARGAON,2026-02-13,1025.0,Red
KOPARGAON,2026-02-14,950.0,Red
KOPARGAON,2026-02-16,930.0,Red
KOPARGAON,2026-02-17,1000.0,Red
KOPARGAON,2026-02-18,900.0,Red
KOPARGAON,2026-02-20,950.0,Red
KOPARGAON,2026-02-21,1025.0,Red
KOPARGAON,2026-02-23,950.0,Red
KOPARGAON,2026-02-24,920.0,Red
KOPARGAON,2026-02-25,850.0,Red
KOPARGAON,2026-02-26,780.0,Red
KOPARGAON,2026-02-27,750.0,Red
KOPARGAON,2026-02-28,750.0,Red
KOPARGAON,2026-03-02,825.0,Red
KOPARGAON,2026-03-04,875.0,Red
KOPARGAON,2026-03-05,810.0,Red
KOPARGAON,2026-03-06,800.0,Red
KOPARGAON,2026-03-07,725.0,Red
KOPARGAON,2026-03-09,720.0,Red
KOPARGAON,2026-03-10,725.0,Red
KOPARGAON,2026-03-11,800.0,Red
KOPARGAON,2026-03-12,820.0,Red
KOPARGAON,2026-03-13,800.0,Red
KOPARGAON,2026-03-14,800.0,Red
KOPARGAON,2026-03-16,825.0,Red
KOPARGAON,2026-03-17,775.0,Red
KOPARGAON,2026-03-18,770.0,Red
KOPARGAON,2026-03-20,800.0,Red
KOPARGAON,2026-03-23,850.0,Red
KOPARGAON,2026-03-24,750.0,Red
KOPARGAON,2026-03-25,750.0,Red
KOPARGAON,2026-04-04,850.0,Red
KOPARGAON,2026-04-06,850.0,Red
KOPARGAON,2026-04-07,900.0,Red
KOPARGAON,2026-04-08,925.0,Red
KOPARGAON,2026-04-09,875.0,Red
KOPARGAON,2026-04-10,750.0,Red
KOPARGAON,2026-04-11,810.0,Red
KOPARGAON,2026-04-13,875.0,Red
KOPARGAON,2026-04-15,725.0,Red
KOPARGAON,2026-04-16,750.0,Red
KOPARGAON,2026-04-17,700.0,Red
KOPARGAON,2026-04-18,700.0,Red
KOPARGAON,2026-04-20,750.0,Other
KOPARGAON,2026-04-21,700.0,Other
KOPARGAON,2026-04-22,725.0,Other
KOPARGAON,2026-04-23,750.0,Other
KOPARGAON,2026-04-24,775.0,Other
KOPARGAON,2026-04-25,750.0,Other
KOPARGAON,2026-04-27,800.0,Other
KOPARGAON,2026-04-28,850.0,Other
KOPARGAON,2026-04-29,850.0,Other
KOPARGAON,2026-04-30,825.0,Other
KOPARGAON,2026-05-02,850.0,Other
KOPARGAON,2026-05-04,850.0,Other
KOPARGAON,2026-05-05,850.0,Other
LASALGAON,2020-01-01,3801.0,Red
LASALGAON,2020-01-02,4351.0,Red
LASALGAON,2020-01-03,4251.0,Red
LASALGAON,2020-01-04,4000.0,Red
LASALGAON,2020-01-07,4300.0,Red
LASALGAON,2020-01-08,3651.0,Red
LASALGAON,2020-01-09,3200.0,Red
LASALGAON,2020-01-10,2700.0,Red
LASALGAON,2020-01-13,2800.0,Red
LASALGAON,2020-01-14,3351.0,Red
LASALGAON,2020-01-15,3460.0,Red
LASALGAON,2020-01-17,3451.0,Red
LASALGAON,2020-01-18,3551.0,Red
LASALGAON,2020-01-20,4051.0,Red
LASALGAON,2020-01-21,3801.0,Red
LASALGAON,2020-01-22,3700.0,Red
LASALGAON,2020-01-23,3500.0,Red
LASALGAON,2020-01-27,2500.0,Red
LASALGAON,2020-01-28,2680.0,Red
LASALGAON,2020-01-29,2750.0,Red
LASALGAON,2020-01-30,2700.0,Red
LASALGAON,2020-01-31,2600.0,Red
LASALGAON,2020-02-01,2501.0,Red
LASALGAON,2020-02-03,2250.0,Red
LASALGAON,2020-02-04,1800.0,Red
LASALGAON,2020-02-05,1770.0,Red
LASALGAON,2020-02-06,1740.0,Red
LASALGAON,2020-02-07,1600.0,Red
LASALGAON,2020-02-08,1780.0,Red
LASALGAON,2020-02-10,2101.0,Red
LASALGAON,2020-02-11,1850.0,Red
LASALGAON,2020-02-12,1880.0,Red
LASALGAON,2020-02-13,1860.0,Red
LASALGAON,2020-02-14,1850.0,Red
LASALGAON,2020-02-15,1940.0,Red
LASALGAON,2020-02-17,2000.0,Red
LASALGAON,2020-02-18,2050.0,Red
LASALGAON,2020-02-19,2060.0,Red
LASALGAON,2020-02-20,2025.0,Red
LASALGAON,2020-02-22,2000.0,Red
LASALGAON,2020-02-24,1851.0,Red
LASALGAON,2020-02-25,1750.0,Red
LASALGAON,2020-02-27,2001.0,Red
LASALGAON,2020-02-28,1951.0,Red
LASALGAON,2020-02-29,1750.0,Red
LASALGAON,2020-03-02,1452.0,Red
LASALGAON,2020-03-03,1650.0,Red
LASALGAON,2020-03-05,1610.0,Red
LASALGAON,2020-03-06,1750.0,Red
LASALGAON,2020-03-07,1790.0,Red
LASALGAON,2020-03-09,1750.0,Red
LASALGAON,2020-03-11,1750.0,Red
LASALGAON,2020-03-12,1750.0,Red
LASALGAON,2020-03-14,1770.0,Red
LASALGAON,2020-03-16,1350.0,Red
LASALGAON,2020-03-17,1201.0,Red
LASALGAON,2020-03-18,1100.0,Red
LASALGAON,2020-03-19,1100.0,Red
LASALGAON,2020-03-20,1120.0,Red
LASALGAON,2020-03-21,1051.0,Red
LASALGAON,2020-03-23,1351.0,Red
LASALGAON,2020-03-27,1451.0,Red
LASALGAON,2020-03-28,1601.0,Red
LASALGAON,2020-03-30,1301.0,Red
LASALGAON,2020-04-07,800.0,Red
LASALGAON,2020-04-16,650.0,Red
LASALGAON,2020-04-17,750.0,Red
LASALGAON,2020-04-18,775.0,Red
LASALGAON,2020-04-30,700.0,Red
LASALGAON,2020-05-05,650.0,Other
LASALGAON,2020-05-06,630.0,Other
LASALGAON,2020-05-15,620.0,Other
LASALGAON,2020-05-18,620.0,Other
LASALGAON,2020-05-19,600.0,Other
LASALGAON,2020-05-20,640.0,Other
LASALGAON,2020-05-21,670.0,Other
LASALGAON,2020-05-23,740.0,Other
LASALGAON,2020-05-25,820.0,Other
LASALGAON,2020-05-26,760.0,Other
LASALGAON,2020-05-27,751.0,Other
LASALGAON,2020-05-28,780.0,Other
LASALGAON,2020-05-29,851.0,Other
LASALGAON,2020-05-30,801.0,Other
LASALGAON,2020-06-01,761.0,Other
LASALGAON,2020-06-02,720.0,Other
LASALGAON,2020-06-03,700.0,Other
LASALGAON,2020-06-04,951.0,Other
LASALGAON,2020-06-05,830.0,Other
LASALGAON,2020-06-06,851.0,Other
LASALGAON,2020-06-08,870.0,Other
LASALGAON,2020-06-09,960.0,Red
LASALGAON,2020-06-10,951.0,Other
LASALGAON,2020-06-11,901.0,Other
LASALGAON,2020-06-12,851.0,Other
LASALGAON,2020-06-13,870.0,Other
LASALGAON,2020-06-15,851.0,Other
LASALGAON,2020-06-16,840.0,Other
LASALGAON,2020-06-17,780.0,Other
LASALGAON,2020-06-18,770.0,Other
LASALGAON,2020-06-19,751.0,Other
LASALGAON,2020-06-20,770.0,Other
LASALGAON,2020-06-22,901.0,Other
LASALGAON,2020-06-23,760.0,Other
LASALGAON,2020-06-24,770.0,Other
LASALGAON,2020-06-25,780.0,Other
LASALGAON,2020-06-26,751.0,Other
LASALGAON,2020-06-27,780.0,Other
LASALGAON,2020-06-29,801.0,Other
LASALGAON,2020-06-30,775.0,Other
LASALGAON,2020-07-01,751.0,Other
LASALGAON,2020-07-02,770.0,Other
LASALGAON,2020-07-03,760.0,Other
LASALGAON,2020-07-04,740.0,Other
LASALGAON,2020-07-13,760.0,Other
LASALGAON,2020-07-14,751.0,Other
LASALGAON,2020-07-15,770.0,Other
LASALGAON,2020-07-16,740.0,Other
LASALGAON,2020-07-17,770.0,Other
LASALGAON,2020-07-18,701.0,Other
LASALGAON,2020-07-21,710.0,Other
LASALGAON,2020-07-22,675.0,Other
LASALGAON,2020-07-23,701.0,Other
LASALGAON,2020-07-24,715.0,Other
LASALGAON,2020-07-25,701.0,Other
LASALGAON,2020-07-27,725.0,Other
LASALGAON,2020-07-28,730.0,Other
LASALGAON,2020-07-29,700.0,Other
LASALGAON,2020-07-30,725.0,Other
LASALGAON,2020-07-31,700.0,Other
LASALGAON,2020-08-01,651.0,Other
LASALGAON,2020-08-04,700.0,Other
LASALGAON,2020-08-05,740.0,Other
LASALGAON,2020-08-06,725.0,Other
LASALGAON,2020-08-07,675.0,Other
LASALGAON,2020-08-08,730.0,Other
LASALGAON,2020-08-10,751.0,Other
LASALGAON,2020-08-11,840.0,Other
LASALGAON,2020-08-12,970.0,Other
LASALGAON,2020-08-13,1001.0,Other
LASALGAON,2020-08-15,1070.0,Other
LASALGAON,2020-08-17,1270.0,Other
LASALGAON,2020-08-19,1670.0,Other
LASALGAON,2020-08-20,1480.0,Other
LASALGAON,2020-08-24,1201.0,Other
LASALGAON,2020-08-26,1550.0,Other
LASALGAON,2020-08-27,1650.0,Other
LASALGAON,2020-08-28,1640.0,Other
LASALGAON,2020-08-29,1601.0,Other
LASALGAON,2020-08-31,1640.0,Other
LASALGAON,2020-09-02,1770.0,Other
LASALGAON,2020-09-03,2000.0,Other
LASALGAON,2020-09-04,2101.0,Other
LASALGAON,2020-09-05,2001.0,Other
LASALGAON,2020-09-07,2001.0,Other
LASALGAON,2020-09-08,2101.0,Other
LASALGAON,2020-09-09,2501.0,Other
LASALGAON,2020-09-10,2401.0,Other
LASALGAON,2020-09-11,2360.0,Other
LASALGAON,2020-09-12,2501.0,Other
LASALGAON,2020-09-14,2801.0,Other
LASALGAON,2020-09-15,1901.0,Other
LASALGAON,2020-09-16,2470.0,Other
LASALGAON,2020-09-18,2401.0,Other
LASALGAON,2020-09-19,2701.0,Other
LASALGAON,2020-09-21,3600.0,Other
LASALGAON,2020-09-22,3500.0,Other
LASALGAON,2020-09-23,3351.0,Other
LASALGAON,2020-09-24,3000.0,Other
LASALGAON,2020-09-25,3010.0,Other
LASALGAON,2020-09-26,3051.0,Other
LASALGAON,2020-09-28,3101.0,Other
LASALGAON,2020-09-29,3060.0,Other
LASALGAON,2020-09-30,3060.0,Other
LASALGAON,2020-10-01,3301.0,Other
LASALGAON,2020-10-02,3101.0,Other
LASALGAON,2020-10-03,2600.0,Other
LASALGAON,2020-10-05,2900.0,Other
LASALGAON,2020-10-06,3001.0,Other
LASALGAON,2020-10-07,3301.0,Other
LASALGAON,2020-10-08,3501.0,Other
LASALGAON,2020-10-09,3351.0,Other
LASALGAON,2020-10-10,3551.0,Other
LASALGAON,2020-10-12,4100.0,Other
LASALGAON,2020-10-13,4250.0,Other
LASALGAON,2020-10-14,4300.0,Other
LASALGAON,2020-10-30,5100.0,Other
LASALGAON,2020-10-31,4200.0,Red
LASALGAON,2020-11-02,4000.0,Red
LASALGAON,2020-11-03,3100.0,Red
LASALGAON,2020-11-04,3100.0,Red
LASALGAON,2020-11-05,3300.0,Red
LASALGAON,2020-11-06,2451.0,Red
LASALGAON,2020-11-07,3401.0,Other
LASALGAON,2020-11-09,3300.0,Red
LASALGAON,2020-11-10,2900.0,Red
LASALGAON,2020-11-11,3100.0,Red
LASALGAON,2020-11-19,4100.0,Red
LASALGAON,2020-11-20,4300.0,Red
LASALGAON,2020-11-21,4100.0,Red
LASALGAON,2020-11-23,3800.0,Red
LASALGAON,2020-11-24,3800.0,Red
LASALGAON,2020-11-25,4300.0,Red
LASALGAON,2020-11-26,3501.0,Red
LASALGAON,2020-11-27,3250.0,Red
LASALGAON,2020-11-28,2951.0,Red
LASALGAON,2020-11-30,2900.0,Red
LASALGAON,2020-12-01,2800.0,Red
LASALGAON,2020-12-02,3100.0,Red
LASALGAON,2020-12-03,2900.0,Red
LASALGAON,2020-12-04,2600.0,Red
LASALGAON,2020-12-05,2551.0,Red
LASALGAON,2020-12-07,2500.0,Red
LASALGAON,2020-12-09,3100.0,Red
LASALGAON,2020-12-10,3100.0,Red
LASALGAON,2020-12-11,3000.0,Red
LASALGAON,2020-12-12,3100.0,Red
LASALGAON,2020-12-15,2750.0,Red
LASALGAON,2020-12-16,2450.0,Red
LASALGAON,2020-12-17,2450.0,Red
LASALGAON,2020-12-18,1800.0,Red
LASALGAON,2020-12-19,1950.0,Red
LASALGAON,2020-12-21,1750.0,Red
LASALGAON,2020-12-22,2150.0,Red
LASALGAON,2020-12-23,2050.0,Red
LASALGAON,2020-12-24,2150.0,Red
LASALGAON,2020-12-25,2125.0,Red
LASALGAON,2020-12-26,2050.0,Red
LASALGAON,2020-12-28,1750.0,Red
LASALGAON,2020-12-29,2400.0,Red
LASALGAON,2020-12-30,2550.0,Red
LASALGAON,2020-12-31,2575.0,Red
LASALGAON,2021-01-01,2350.0,Red
LASALGAON,2021-01-02,2350.0,Red
LASALGAON,2021-01-04,2640.0,Red
LASALGAON,2021-01-05,2670.0,Red
LASALGAON,2021-01-06,2550.0,Red
LASALGAON,2021-01-11,3000.0,Red
LASALGAON,2021-01-14,2501.0,Red
LASALGAON,2021-01-16,2620.0,Red
LASALGAON,2021-01-18,2770.0,Red
LASALGAON,2021-01-19,2851.0,Red
LASALGAON,2021-01-20,2600.0,Red
LASALGAON,2021-01-21,2570.0,Red
LASALGAON,2021-01-22,2500.0,Red
LASALGAON,2021-01-23,2640.0,Red
LASALGAON,2021-01-25,2500.0,Red
LASALGAON,2021-01-27,2651.0,Red
LASALGAON,2021-01-28,2701.0,Red
LASALGAON,2021-01-29,2550.0,Red
LASALGAON,2021-01-30,2700.0,Red
LASALGAON,2021-02-01,3200.0,Red
LASALGAON,2021-02-02,3500.0,Red
LASALGAON,2021-02-03,3351.0,Red
LASALGAON,2021-02-04,3260.0,Red
LASALGAON,2021-02-05,3050.0,Red
LASALGAON,2021-02-06,2851.0,Red
LASALGAON,2021-02-08,3150.0,Red
LASALGAON,2021-02-09,3470.0,Red
LASALGAON,2021-02-10,3551.0,Red
LASALGAON,2021-02-12,3500.0,Red
LASALGAON,2021-02-13,3470.0,Red
LASALGAON,2021-02-15,3500.0,Red
LASALGAON,2021-02-16,3500.0,Other
LASALGAON,2021-02-17,3801.0,Red
LASALGAON,2021-02-18,3870.0,Red
LASALGAON,2021-02-19,3900.0,Red
LASALGAON,2021-02-20,4000.0,Red
LASALGAON,2021-02-22,3950.0,Red
LASALGAON,2021-02-23,3601.0,Red
LASALGAON,2021-02-24,3200.0,Red
LASALGAON,2021-02-25,2600.0,Red
LASALGAON,2021-02-26,2350.0,Red
LASALGAON,2021-02-27,2325.0,Red
LASALGAON,2021-03-01,2640.0,Red
LASALGAON,2021-03-02,2660.0,Red
LASALGAON,2021-03-03,2551.0,Red
LASALGAON,2021-03-04,2100.0,Red
LASALGAON,2021-03-05,1900.0,Red
LASALGAON,2021-03-06,1851.0,Red
LASALGAON,2021-03-08,1601.0,Red
LASALGAON,2021-03-09,1201.0,Red
LASALGAON,2021-03-10,1180.0,Red
LASALGAON,2021-03-12,1351.0,Red
LASALGAON,2021-03-15,1370.0,Red
LASALGAON,2021-03-16,1250.0,Red
LASALGAON,2021-03-22,930.0,Red
LASALGAON,2021-03-23,800.0,Red
LASALGAON,2021-03-24,925.0,Red
LASALGAON,2021-03-25,951.0,Red
LASALGAON,2021-03-26,900.0,Red
LASALGAON,2021-04-01,901.0,Red
LASALGAON,2021-04-03,901.0,Red
LASALGAON,2021-04-05,775.0,Red
LASALGAON,2021-04-06,751.0,Red
LASALGAON,2021-04-07,775.0,Red
LASALGAON,2021-04-08,775.0,Red
LASALGAON,2021-04-09,750.0,Red
LASALGAON,2021-04-10,770.0,Red
LASALGAON,2021-04-15,801.0,Red
LASALGAON,2021-04-16,815.0,Red
LASALGAON,2021-04-17,860.0,Red
LASALGAON,2021-04-26,1180.0,Red
LASALGAON,2021-05-03,1050.0,Red
LASALGAON,2021-05-04,1000.0,Red
LASALGAON,2021-05-05,851.0,Red
LASALGAON,2021-05-06,760.0,Red
LASALGAON,2021-05-07,800.0,Red
LASALGAON,2021-05-08,850.0,Red
LASALGAON,2021-05-10,851.0,Red
LASALGAON,2021-05-12,1000.0,Red
LASALGAON,2021-05-24,1401.0,Other
LASALGAON,2021-05-25,1460.0,Other
LASALGAON,2021-05-26,1500.0,Other
LASALGAON,2021-05-27,1550.0,Other
LASALGAON,2021-05-28,1601.0,Other
LASALGAON,2021-05-29,1651.0,Other
LASALGAON,2021-05-31,1850.0,Other
LASALGAON,2021-06-01,1800.0,Other
LASALGAON,2021-06-02,1900.0,Other
LASALGAON,2021-06-03,1870.0,Other
LASALGAON,2021-06-04,1951.0,Other
LASALGAON,2021-06-05,1940.0,Other
LASALGAON,2021-06-08,1951.0,Other
LASALGAON,2021-06-09,2001.0,Other
LASALGAON,2021-06-10,1801.0,Other
LASALGAON,2021-06-11,1800.0,Other
LASALGAON,2021-06-12,1851.0,Other
LASALGAON,2021-06-19,1851.0,Other
LASALGAON,2021-06-21,1930.0,Other
LASALGAON,2021-06-22,1950.0,Other
LASALGAON,2021-06-23,1840.0,Other
LASALGAON,2021-06-24,1780.0,Other
LASALGAON,2021-06-25,1770.0,Other
LASALGAON,2021-06-28,1725.0,Other
LASALGAON,2021-06-29,1770.0,Other
LASALGAON,2021-06-30,1700.0,Other
LASALGAON,2021-07-01,1700.0,Other
LASALGAON,2021-07-02,1725.0,Other
LASALGAON,2021-07-03,1780.0,Other
LASALGAON,2021-07-05,1770.0,Other
LASALGAON,2021-07-06,1710.0,Other
LASALGAON,2021-07-07,1680.0,Other
LASALGAON,2021-07-08,1670.0,Other
LASALGAON,2021-07-09,1740.0,Other
LASALGAON,2021-07-10,1670.0,Other
LASALGAON,2021-07-12,1660.0,Other
LASALGAON,2021-07-13,1600.0,Other
LASALGAON,2021-07-14,1480.0,Other
LASALGAON,2021-07-15,1670.0,Other
LASALGAON,2021-07-16,1580.0,Other
LASALGAON,2021-07-17,1575.0,Other
LASALGAON,2021-07-19,1570.0,Other
LASALGAON,2021-07-20,1620.0,Other
LASALGAON,2021-07-21,1590.0,Other
LASALGAON,2021-07-22,1701.0,Other
LASALGAON,2021-07-23,1710.0,Other
LASALGAON,2021-07-24,1751.0,Other
LASALGAON,2021-07-26,1820.0,Other
LASALGAON,2021-07-27,1830.0,Other
LASALGAON,2021-07-28,1760.0,Other
LASALGAON,2021-07-29,1751.0,Other
LASALGAON,2021-07-30,1700.0,Other
LASALGAON,2021-07-31,1625.0,Other
LASALGAON,2021-08-02,1651.0,Other
LASALGAON,2021-08-03,1625.0,Red
LASALGAON,2021-08-04,1660.0,Other
LASALGAON,2021-08-05,1650.0,Other
LASALGAON,2021-08-06,1625.0,Other
LASALGAON,2021-08-07,1670.0,Other
LASALGAON,2021-08-09,1670.0,Other
LASALGAON,2021-08-10,1680.0,Other
LASALGAON,2021-08-11,1710.0,Other
LASALGAON,2021-08-12,1770.0,Other
LASALGAON,2021-08-13,1751.0,Red
LASALGAON,2021-08-14,1740.0,Other
LASALGAON,2021-08-16,1775.0,Other
LASALGAON,2021-08-17,1751.0,Other
LASALGAON,2021-08-19,1760.0,Other
LASALGAON,2021-08-20,1740.0,Other
LASALGAON,2021-08-21,1675.0,Other
LASALGAON,2021-08-23,1620.0,Other
LASALGAON,2021-08-24,1660.0,Other
LASALGAON,2021-08-25,1551.0,Other
LASALGAON,2021-08-26,1480.0,Other
LASALGAON,2021-08-27,1511.0,Other
LASALGAON,2021-08-28,1551.0,Other
LASALGAON,2021-08-30,1500.0,Other
LASALGAON,2021-08-31,1510.0,Other
LASALGAON,2021-09-01,1570.0,Red
LASALGAON,2021-09-02,1530.0,Other
LASALGAON,2021-09-03,1540.0,Other
LASALGAON,2021-09-07,1470.0,Other
LASALGAON,2021-09-08,1480.0,Other
LASALGAON,2021-09-09,1455.0,Other
LASALGAON,2021-09-13,1400.0,Other
LASALGAON,2021-09-14,1410.0,Other
LASALGAON,2021-09-15,1430.0,Other
LASALGAON,2021-09-16,1475.0,Other
LASALGAON,2021-09-17,1480.0,Other
LASALGAON,2021-09-18,1525.0,Other
LASALGAON,2021-09-20,1890.0,Other
LASALGAON,2021-09-21,1780.0,Other
LASALGAON,2021-09-22,1980.0,Other
LASALGAON,2021-09-23,2150.0,Other
LASALGAON,2021-09-24,2051.0,Other
LASALGAON,2021-09-25,1850.0,Other
LASALGAON,2021-09-27,1870.0,Other
LASALGAON,2021-09-28,2001.0,Other
LASALGAON,2021-09-29,2230.0,Other
LASALGAON,2021-09-30,2460.0,Other
LASALGAON,2021-10-01,2480.0,Other
LASALGAON,2021-10-02,2970.0,Other
LASALGAON,2021-10-04,2340.0,Red
LASALGAON,2021-10-05,2401.0,Red
LASALGAON,2021-10-06,2200.0,Red
LASALGAON,2021-10-07,3250.0,Other
LASALGAON,2021-10-08,1881.0,Red
LASALGAON,2021-10-09,2701.0,Red
LASALGAON,2021-10-12,2012.0,Red
LASALGAON,2021-10-13,1741.0,Red
LASALGAON,2021-10-14,1860.0,Red
LASALGAON,2021-10-15,1981.0,Red
LASALGAON,2021-10-16,1900.0,Red
LASALGAON,2021-10-18,1652.0,Red
LASALGAON,2021-10-19,2950.0,Other
LASALGAON,2021-10-20,2700.0,Other
LASALGAON,2021-10-21,2550.0,Other
LASALGAON,2021-10-22,2850.0,Other
LASALGAON,2021-10-23,3001.0,Other
LASALGAON,2021-10-25,2950.0,Other
LASALGAON,2021-10-26,2750.0,Other
LASALGAON,2021-10-27,2550.0,Red
LASALGAON,2021-10-28,2750.0,Other
LASALGAON,2021-11-09,2960.0,Red
LASALGAON,2021-11-10,2700.0,Red
LASALGAON,2021-11-11,2500.0,Red
LASALGAON,2021-11-12,1701.0,Red
LASALGAON,2021-11-13,2100.0,Other
LASALGAON,2021-11-15,2000.0,Red
LASALGAON,2021-11-16,2020.0,Red
LASALGAON,2021-11-17,2201.0,Red
LASALGAON,2021-11-18,2301.0,Red
LASALGAON,2021-11-19,2000.0,Red
LASALGAON,2021-11-20,1660.0,Red
LASALGAON,2021-11-22,2300.0,Red
LASALGAON,2021-11-23,2212.0,Red
LASALGAON,2021-11-24,2500.0,Red
LASALGAON,2021-11-25,2200.0,Red
LASALGAON,2021-11-26,1850.0,Red
LASALGAON,2021-11-27,1901.0,Red
LASALGAON,2021-11-29,2500.0,Red
LASALGAON,2021-11-30,1851.0,Red
LASALGAON,2021-12-01,2201.0,Red
LASALGAON,2021-12-02,2501.0,Red
LASALGAON,2021-12-03,2400.0,Red
LASALGAON,2021-12-04,2100.0,Red
LASALGAON,2021-12-06,2351.0,Red
LASALGAON,2021-12-07,2201.0,Red
LASALGAON,2021-12-08,2301.0,Red
LASALGAON,2021-12-09,2511.0,Red
LASALGAON,2021-12-10,2600.0,Red
LASALGAON,2021-12-11,2500.0,Red
LASALGAON,2021-12-13,2525.0,Red
LASALGAON,2021-12-14,2351.0,Red
LASALGAON,2021-12-15,2000.0,Red
LASALGAON,2021-12-16,1780.0,Red
LASALGAON,2021-12-17,1651.0,Red
LASALGAON,2021-12-18,1601.0,Red
LASALGAON,2021-12-20,1875.0,Red
LASALGAON,2021-12-21,2001.0,Red
LASALGAON,2021-12-22,1901.0,Red
LASALGAON,2021-12-23,2051.0,Red
LASALGAON,2021-12-24,2001.0,Red
LASALGAON,2021-12-25,2001.0,Red
LASALGAON,2021-12-27,2025.0,Red
LASALGAON,2021-12-28,1880.0,Red
LASALGAON,2021-12-29,1851.0,Red
LASALGAON,2021-12-30,1901.0,Red
LASALGAON,2021-12-31,1850.0,Red
LASALGAON,2022-01-01,2001.0,Red
LASALGAON,2022-01-03,2100.0,Red
LASALGAON,2022-01-04,2151.0,Red
LASALGAON,2022-01-05,2151.0,Red
LASALGAON,2022-01-06,2201.0,Red
LASALGAON,2022-01-07,2180.0,Red
LASALGAON,2022-01-08,2051.0,Red
LASALGAON,2022-01-10,2070.0,Red
LASALGAON,2022-01-11,2075.0,Red
LASALGAON,2022-01-12,1850.0,Red
LASALGAON,2022-01-14,2100.0,Red
LASALGAON,2022-01-17,2100.0,Red
LASALGAON,2022-01-18,2000.0,Red
LASALGAON,2022-01-19,2160.0,Red
LASALGAON,2022-01-20,2270.0,Red
LASALGAON,2022-01-21,2251.0,Red
LASALGAON,2022-01-22,2260.0,Red
LASALGAON,2022-01-24,2270.0,Red
LASALGAON,2022-01-25,2260.0,Red
LASALGAON,2022-01-27,2100.0,Red
LASALGAON,2022-01-28,2160.0,Red
LASALGAON,2022-01-29,2151.0,Red
LASALGAON,2022-01-31,2151.0,Red
LASALGAON,2022-02-01,2140.0,Red
LASALGAON,2022-02-02,2125.0,Red
LASALGAON,2022-02-03,2060.0,Red
LASALGAON,2022-02-04,2151.0,Red
LASALGAON,2022-02-05,2170.0,Red
LASALGAON,2022-02-07,2201.0,Red
LASALGAON,2022-02-08,2251.0,Red
LASALGAON,2022-02-09,2351.0,Red
LASALGAON,2022-02-10,2640.0,Red
LASALGAON,2022-02-11,2651.0,Red
LASALGAON,2022-02-12,2600.0,Red
LASALGAON,2022-02-14,2300.0,Red
LASALGAON,2022-02-15,2351.0,Red
LASALGAON,2022-02-16,2270.0,Red
LASALGAON,2022-02-17,2451.0,Red
LASALGAON,2022-02-18,2480.0,Red
LASALGAON,2022-02-21,2430.0,Red
LASALGAON,2022-02-22,2370.0,Red
LASALGAON,2022-02-23,2330.0,Red
LASALGAON,2022-02-24,2225.0,Red
LASALGAON,2022-02-25,2170.0,Red
LASALGAON,2022-02-26,2100.0,Red
LASALGAON,2022-02-28,1815.0,Red
LASALGAON,2022-03-01,1775.0,Red
LASALGAON,2022-03-02,1670.0,Red
LASALGAON,2022-03-03,1650.0,Red
LASALGAON,2022-03-04,1550.0,Red
LASALGAON,2022-03-05,1551.0,Red
LASALGAON,2022-03-07,1325.0,Red
LASALGAON,2022-03-08,1330.0,Red
LASALGAON,2022-03-09,1375.0,Red
LASALGAON,2022-03-10,1375.0,Red
LASALGAON,2022-03-11,1340.0,Red
LASALGAON,2022-03-12,1301.0,Red
LASALGAON,2022-03-14,1070.0,Red
LASALGAON,2022-03-15,960.0,Red
LASALGAON,2022-03-16,890.0,Red
LASALGAON,2022-03-17,875.0,Red
LASALGAON,2022-03-21,801.0,Red
LASALGAON,2022-03-23,801.0,Red
LASALGAON,2022-03-24,751.0,Red
LASALGAON,2022-03-26,770.0,Red
LASALGAON,2022-03-28,730.0,Red
LASALGAON,2022-03-29,801.0,Red
LASALGAON,2022-04-02,700.0,Red
LASALGAON,2022-04-04,651.0,Red
LASALGAON,2022-04-05,700.0,Red
LASALGAON,2022-04-06,660.0,Red
LASALGAON,2022-04-07,701.0,Red
LASALGAON,2022-04-08,751.0,Red
LASALGAON,2022-04-09,700.0,Red
LASALGAON,2022-04-11,700.0,Red
LASALGAON,2022-04-12,720.0,Red
LASALGAON,2022-04-13,710.0,Red
LASALGAON,2022-04-15,700.0,Red
LASALGAON,2022-04-16,785.0,Red
LASALGAON,2022-04-18,700.0,Red
LASALGAON,2022-04-19,810.0,Red
LASALGAON,2022-04-20,651.0,Red
LASALGAON,2022-04-21,630.0,Red
LASALGAON,2022-04-22,760.0,Red
LASALGAON,2022-04-23,701.0,Red
LASALGAON,2022-04-25,500.0,Red
LASALGAON,2022-04-26,960.0,Other
LASALGAON,2022-04-27,950.0,Other
LASALGAON,2022-04-28,950.0,Other
LASALGAON,2022-04-29,975.0,Other
LASALGAON,2022-04-30,950.0,Other
LASALGAON,2022-05-02,860.0,Other
LASALGAON,2022-05-03,851.0,Other
LASALGAON,2022-05-04,901.0,Other
LASALGAON,2022-05-05,851.0,Other
LASALGAON,2022-05-06,960.0,Other
LASALGAON,2022-05-07,850.0,Other
LASALGAON,2022-05-09,970.0,Other
LASALGAON,2022-05-10,1151.0,Other
LASALGAON,2022-05-11,880.0,Red
LASALGAON,2022-05-12,850.0,Other
LASALGAON,2022-05-14,890.0,Other
LASALGAON,2022-05-16,925.0,Other
LASALGAON,2022-05-17,880.0,Other
LASALGAON,2022-05-18,901.0,Other
LASALGAON,2022-05-19,951.0,Other
LASALGAON,2022-05-20,880.0,Other
LASALGAON,2022-05-21,851.0,Other
LASALGAON,2022-05-23,825.0,Other
LASALGAON,2022-05-24,875.0,Other
LASALGAON,2022-05-25,951.0,Other
LASALGAON,2022-05-26,975.0,Other
LASALGAON,2022-05-27,930.0,Other
LASALGAON,2022-05-28,980.0,Other
LASALGAON,2022-05-30,1110.0,Other
LASALGAON,2022-05-31,1151.0,Other
LASALGAON,2022-06-01,1051.0,Other
LASALGAON,2022-06-02,1125.0,Other
LASALGAON,2022-06-03,1180.0,Other
LASALGAON,2022-06-04,1130.0,Other
LASALGAON,2022-06-06,1080.0,Other
LASALGAON,2022-06-07,1151.0,Other
LASALGAON,2022-06-08,1130.0,Other
LASALGAON,2022-06-09,1175.0,Other
LASALGAON,2022-06-10,1180.0,Other
LASALGAON,2022-06-11,1190.0,Other
LASALGAON,2022-06-13,1225.0,Other
LASALGAON,2022-06-14,1320.0,Other
LASALGAON,2022-06-15,1360.0,Other
LASALGAON,2022-06-16,1410.0,Other
LASALGAON,2022-06-17,1310.0,Other
LASALGAON,2022-06-18,1380.0,Other
LASALGAON,2022-06-20,1280.0,Other
LASALGAON,2022-06-21,1315.0,Other
LASALGAON,2022-06-22,1301.0,Other
LASALGAON,2022-06-23,1330.0,Other
LASALGAON,2022-06-24,1370.0,Other
LASALGAON,2022-06-25,1380.0,Other
LASALGAON,2022-06-27,1370.0,Other
LASALGAON,2022-06-28,1351.0,Other
LASALGAON,2022-06-29,1375.0,Other
LASALGAON,2022-06-30,1330.0,Other
LASALGAON,2022-07-01,1351.0,Other
LASALGAON,2022-07-04,1225.0,Other
LASALGAON,2022-07-05,1290.0,Other
LASALGAON,2022-07-06,1251.0,Other
LASALGAON,2022-07-07,1240.0,Other
LASALGAON,2022-07-08,1230.0,Other
LASALGAON,2022-07-09,1230.0,Other
LASALGAON,2022-07-11,1301.0,Other
LASALGAON,2022-07-12,1280.0,Other
LASALGAON,2022-07-13,1251.0,Other
LASALGAON,2022-07-14,1225.0,Other
LASALGAON,2022-07-15,1180.0,Other
LASALGAON,2022-07-16,1200.0,Other
LASALGAON,2022-07-18,1225.0,Other
LASALGAON,2022-07-19,1140.0,Other
LASALGAON,2022-07-20,1151.0,Other
LASALGAON,2022-07-21,1125.0,Other
LASALGAON,2022-07-22,1151.0,Other
LASALGAON,2022-07-23,1101.0,Other
LASALGAON,2022-07-25,1001.0,Other
LASALGAON,2022-07-26,1101.0,Other
LASALGAON,2022-07-27,1151.0,Other
LASALGAON,2022-07-28,1125.0,Other
LASALGAON,2022-07-29,1200.0,Other
LASALGAON,2022-07-30,1251.0,Other
LASALGAON,2022-08-01,1150.0,Other
LASALGAON,2022-08-02,1120.0,Other
LASALGAON,2022-08-03,1151.0,Other
LASALGAON,2022-08-04,1160.0,Other
LASALGAON,2022-08-05,1101.0,Other
LASALGAON,2022-08-06,1151.0,Other
LASALGAON,2022-08-08,1130.0,Other
LASALGAON,2022-08-09,1151.0,Other
LASALGAON,2022-08-10,1125.0,Other
LASALGAON,2022-08-12,1140.0,Other
LASALGAON,2022-08-13,1150.0,Other
LASALGAON,2022-08-16,1120.0,Other
LASALGAON,2022-08-17,1180.0,Other
LASALGAON,2022-08-18,1251.0,Other
LASALGAON,2022-08-19,1200.0,Other
LASALGAON,2022-08-20,1175.0,Other
LASALGAON,2022-08-22,1160.0,Other
LASALGAON,2022-08-23,1152.0,Other
LASALGAON,2022-08-25,1180.0,Other
LASALGAON,2022-08-27,1151.0,Other
LASALGAON,2022-08-29,1125.0,Other
LASALGAON,2022-08-30,1150.0,Other
LASALGAON,2022-09-01,1230.0,Other
LASALGAON,2022-09-02,1280.0,Other
LASALGAON,2022-09-03,1230.0,Other
LASALGAON,2022-09-05,1290.0,Other
LASALGAON,2022-09-06,1180.0,Other
LASALGAON,2022-09-07,1150.0,Other
LASALGAON,2022-09-08,1180.0,Other
LASALGAON,2022-09-10,1251.0,Other
LASALGAON,2022-09-13,1210.0,Other
LASALGAON,2022-09-14,1160.0,Other
LASALGAON,2022-09-15,1151.0,Other
LASALGAON,2022-09-16,1160.0,Other
LASALGAON,2022-09-17,1125.0,Other
LASALGAON,2022-09-19,1150.0,Other
LASALGAON,2022-09-20,1151.0,Other
LASALGAON,2022-09-22,1150.0,Other
LASALGAON,2022-09-23,1170.0,Other
LASALGAON,2022-09-24,1160.0,Other
LASALGAON,2022-09-26,1150.0,Other
LASALGAON,2022-09-28,2352.0,Other
LASALGAON,2022-09-29,1451.0,Other
LASALGAON,2022-09-30,1501.0,Other
LASALGAON,2022-10-01,1450.0,Other
LASALGAON,2022-10-03,1425.0,Other
LASALGAON,2022-10-04,1501.0,Other
LASALGAON,2022-10-06,1560.0,Other
LASALGAON,2022-10-07,1851.0,Other
LASALGAON,2022-10-08,1840.0,Other
LASALGAON,2022-10-10,1950.0,Other
LASALGAON,2022-10-12,2080.0,Other
LASALGAON,2022-10-13,2160.0,Other
LASALGAON,2022-10-14,1960.0,Other
LASALGAON,2022-10-15,1900.0,Other
LASALGAON,2022-10-17,2060.0,Other
LASALGAON,2022-10-18,1900.0,Other
LASALGAON,2022-10-19,1850.0,Other
LASALGAON,2022-10-20,1850.0,Other
LASALGAON,2022-10-21,1860.0,Other
LASALGAON,2022-10-31,2450.0,Other
LASALGAON,2022-11-01,2470.0,Other
LASALGAON,2022-11-02,2550.0,Other
LASALGAON,2022-11-03,2500.0,Other
LASALGAON,2022-11-04,2551.0,Other
LASALGAON,2022-11-05,2400.0,Other
LASALGAON,2022-11-07,2360.0,Other
LASALGAON,2022-11-08,1800.0,Other
LASALGAON,2022-11-09,2050.0,Other
LASALGAON,2022-11-10,5580.0,Other
LASALGAON,2022-11-11,2000.0,Other
LASALGAON,2022-11-12,2131.0,Red
LASALGAON,2022-11-15,1851.0,Other
LASALGAON,2022-11-16,1701.0,Other
LASALGAON,2022-11-17,1600.0,Other
LASALGAON,2022-11-18,1600.0,Other
LASALGAON,2022-11-19,1501.0,Other
LASALGAON,2022-11-21,1400.0,Other
LASALGAON,2022-11-22,1501.0,Other
LASALGAON,2022-11-23,2602.0,Red
LASALGAON,2022-11-24,1761.0,Red
LASALGAON,2022-11-26,1711.0,Red
LASALGAON,2022-11-30,1150.0,Other
LASALGAON,2022-12-01,2311.0,Red
LASALGAON,2022-12-02,2101.0,Red
LASALGAON,2022-12-03,1616.0,Red
LASALGAON,2022-12-06,2175.0,Red
LASALGAON,2022-12-07,2000.0,Red
LASALGAON,2022-12-08,2051.0,Red
LASALGAON,2022-12-09,2060.0,Red
LASALGAON,2022-12-10,1951.0,Red
LASALGAON,2022-12-12,1850.0,Red
LASALGAON,2022-12-13,1725.0,Red
LASALGAON,2022-12-14,1850.0,Red
LASALGAON,2022-12-15,1900.0,Red
LASALGAON,2022-12-16,1725.0,Red
LASALGAON,2022-12-17,1651.0,Red
LASALGAON,2022-12-19,1851.0,Red
LASALGAON,2022-12-20,1800.0,Red
LASALGAON,2022-12-21,1825.0,Red
LASALGAON,2022-12-22,1750.0,Red
LASALGAON,2022-12-23,1850.0,Red
LASALGAON,2022-12-24,1850.0,Red
LASALGAON,2022-12-26,1850.0,Red
LASALGAON,2022-12-28,1651.0,Red
LASALGAON,2022-12-29,1601.0,Red
LASALGAON,2022-12-30,1500.0,Red
LASALGAON,2022-12-31,1425.0,Red
LASALGAON,2023-01-02,1600.0,Red
LASALGAON,2023-01-03,1450.0,Red
LASALGAON,2023-01-04,1525.0,Red
LASALGAON,2023-01-06,1525.0,Red
LASALGAON,2023-01-07,1501.0,Red
LASALGAON,2023-01-11,1400.0,Red
LASALGAON,2023-01-12,1425.0,Red
LASALGAON,2023-01-14,1325.0,Red
LASALGAON,2023-01-17,1301.0,Red
LASALGAON,2023-01-18,1330.0,Red
LASALGAON,2023-01-19,1401.0,Red
LASALGAON,2023-01-20,1420.0,Red
LASALGAON,2023-01-21,1425.0,Red
LASALGAON,2023-01-23,1370.0,Red
LASALGAON,2023-01-24,1320.0,Red
LASALGAON,2023-01-25,1301.0,Red
LASALGAON,2023-01-27,1301.0,Red
LASALGAON,2023-01-28,1310.0,Red
LASALGAON,2023-01-30,1201.0,Red
LASALGAON,2023-01-31,1260.0,Red
LASALGAON,2023-02-02,1201.0,Red
LASALGAON,2023-02-03,1180.0,Red
LASALGAON,2023-02-04,1151.0,Red
LASALGAON,2023-02-06,1230.0,Red
LASALGAON,2023-02-07,1151.0,Red
LASALGAON,2023-02-08,1100.0,Red
LASALGAON,2023-02-09,1000.0,Red
LASALGAON,2023-02-10,980.0,Red
LASALGAON,2023-02-11,960.0,Red
LASALGAON,2023-02-13,851.0,Red
LASALGAON,2023-02-14,780.0,Red
LASALGAON,2023-02-15,700.0,Red
LASALGAON,2023-02-16,700.0,Red
LASALGAON,2023-02-17,675.0,Red
LASALGAON,2023-02-20,701.0,Red
LASALGAON,2023-02-21,680.0,Red
LASALGAON,2023-02-22,601.0,Red
LASALGAON,2023-02-23,551.0,Red
LASALGAON,2023-02-24,575.0,Red
LASALGAON,2023-02-25,625.0,Red
LASALGAON,2023-02-27,471.0,Red
LASALGAON,2023-02-28,675.0,Red
LASALGAON,2023-03-01,720.0,Red
LASALGAON,2023-03-02,700.0,Red
LASALGAON,2023-03-03,751.0,Red
LASALGAON,2023-03-04,700.0,Red
LASALGAON,2023-03-06,760.0,Red
LASALGAON,2023-03-08,775.0,Red
LASALGAON,2023-03-09,810.0,Red
LASALGAON,2023-03-10,860.0,Red
LASALGAON,2023-03-11,851.0,Red
LASALGAON,2023-03-14,800.0,Red
LASALGAON,2023-03-15,775.0,Red
LASALGAON,2023-03-16,751.0,Red
LASALGAON,2023-03-17,800.0,Red
LASALGAON,2023-03-18,760.0,Red
LASALGAON,2023-03-20,751.0,Red
LASALGAON,2023-03-21,751.0,Red
LASALGAON,2023-03-22,700.0,Red
LASALGAON,2023-03-23,725.0,Red
LASALGAON,2023-03-24,725.0,Red
LASALGAON,2023-03-25,730.0,Red
LASALGAON,2023-03-27,675.0,Red
LASALGAON,2023-03-28,650.0,Red
LASALGAON,2023-03-29,651.0,Red
LASALGAON,2023-03-30,700.0,Red
LASALGAON,2023-03-31,651.0,Red
LASALGAON,2023-04-05,500.0,Red
LASALGAON,2023-04-06,600.0,Red
LASALGAON,2023-04-07,600.0,Red
LASALGAON,2023-04-08,570.0,Red
LASALGAON,2023-04-10,551.0,Red
LASALGAON,2023-04-11,600.0,Red
LASALGAON,2023-04-12,500.0,Red
LASALGAON,2023-04-13,620.0,Red
LASALGAON,2023-04-14,660.0,Red
LASALGAON,2023-04-15,480.0,Red
LASALGAON,2023-04-17,500.0,Red
LASALGAON,2023-04-18,541.0,Red
LASALGAON,2023-04-19,451.0,Red
LASALGAON,2023-04-20,300.0,Red
LASALGAON,2023-04-21,456.0,Red
LASALGAON,2023-04-24,340.0,Red
LASALGAON,2023-04-25,620.0,Other
LASALGAON,2023-04-26,610.0,Other
LASALGAON,2023-04-27,700.0,Other
LASALGAON,2023-04-29,860.0,Other
LASALGAON,2023-05-02,725.0,Other
LASALGAON,2023-05-03,775.0,Other
LASALGAON,2023-05-04,800.0,Other
LASALGAON,2023-05-05,770.0,Other
LASALGAON,2023-05-06,751.0,Other
LASALGAON,2023-05-08,770.0,Other
LASALGAON,2023-05-09,760.0,Other
LASALGAON,2023-05-10,751.0,Other
LASALGAON,2023-05-11,800.0,Other
LASALGAON,2023-05-12,770.0,Other
LASALGAON,2023-05-13,800.0,Other
LASALGAON,2023-05-15,810.0,Other
LASALGAON,2023-05-16,715.0,Other
LASALGAON,2023-05-17,700.0,Other
LASALGAON,2023-05-18,725.0,Other
LASALGAON,2023-05-19,751.0,Other
LASALGAON,2023-05-20,700.0,Other
LASALGAON,2023-05-22,800.0,Other
LASALGAON,2023-05-23,700.0,Other
LASALGAON,2023-05-24,700.0,Other
LASALGAON,2023-05-25,675.0,Other
LASALGAON,2023-05-26,760.0,Other
LASALGAON,2023-05-27,825.0,Other
LASALGAON,2023-05-29,850.0,Other
LASALGAON,2023-05-30,860.0,Other
LASALGAON,2023-05-31,850.0,Other
LASALGAON,2023-06-01,830.0,Other
LASALGAON,2023-06-02,800.0,Other
LASALGAON,2023-06-03,860.0,Other
LASALGAON,2023-06-05,1050.0,Other
LASALGAON,2023-06-06,900.0,Other
LASALGAON,2023-06-07,1000.0,Other
LASALGAON,2023-06-08,925.0,Other
LASALGAON,2023-06-09,975.0,Other
LASALGAON,2023-06-10,930.0,Other
LASALGAON,2023-06-12,1000.0,Other
LASALGAON,2023-06-13,800.0,Other
LASALGAON,2023-06-14,1001.0,Other
LASALGAON,2023-06-15,870.0,Other
LASALGAON,2023-06-16,900.0,Other
LASALGAON,2023-06-17,1000.0,Other
LASALGAON,2023-06-19,1051.0,Other
LASALGAON,2023-06-20,1060.0,Red
LASALGAON,2023-06-21,1050.0,Other
LASALGAON,2023-06-22,1001.0,Other
LASALGAON,2023-06-23,1100.0,Other
LASALGAON,2023-06-24,1050.0,Other
LASALGAON,2023-06-26,1151.0,Other
LASALGAON,2023-06-27,1201.0,Other
LASALGAON,2023-06-28,1280.0,Other
LASALGAON,2023-06-29,1325.0,Other
LASALGAON,2023-06-30,1425.0,Other
LASALGAON,2023-07-01,1400.0,Other
LASALGAON,2023-07-03,1460.0,Other
LASALGAON,2023-07-04,1300.0,Other
LASALGAON,2023-07-05,1351.0,Other
LASALGAON,2023-07-06,1360.0,Other
LASALGAON,2023-07-07,1370.0,Other
LASALGAON,2023-07-08,1340.0,Other
LASALGAON,2023-07-10,1340.0,Other
LASALGAON,2023-07-11,1251.0,Other
LASALGAON,2023-07-12,1270.0,Other
LASALGAON,2023-07-13,1301.0,Other
LASALGAON,2023-07-14,1301.0,Other
LASALGAON,2023-07-15,1350.0,Other
LASALGAON,2023-07-17,1320.0,Other
LASALGAON,2023-07-18,1351.0,Other
LASALGAON,2023-07-20,1401.0,Other
LASALGAON,2023-07-21,1270.0,Other
LASALGAON,2023-07-22,1251.0,Other
LASALGAON,2023-07-24,1251.0,Other
LASALGAON,2023-07-25,1301.0,Other
LASALGAON,2023-07-26,1325.0,Other
LASALGAON,2023-07-27,1260.0,Other
LASALGAON,2023-07-28,1280.0,Other
LASALGAON,2023-07-29,1275.0,Other
LASALGAON,2023-07-31,1350.0,Other
LASALGAON,2023-08-01,1370.0,Other
LASALGAON,2023-08-02,1370.0,Other
LASALGAON,2023-08-03,1500.0,Other
LASALGAON,2023-08-04,1551.0,Other
LASALGAON,2023-08-05,1675.0,Other
LASALGAON,2023-08-07,1725.0,Other
LASALGAON,2023-08-08,1700.0,Other
LASALGAON,2023-08-09,1860.0,Other
LASALGAON,2023-08-10,2075.0,Other
LASALGAON,2023-08-11,2301.0,Other
LASALGAON,2023-08-12,2170.0,Other
LASALGAON,2023-08-14,2280.0,Other
LASALGAON,2023-08-17,2280.0,Other
LASALGAON,2023-08-18,2150.0,Other
LASALGAON,2023-08-19,2050.0,Other
LASALGAON,2023-08-24,2151.0,Other
LASALGAON,2023-08-25,2201.0,Other
LASALGAON,2023-08-26,2051.0,Other
LASALGAON,2023-08-28,2000.0,Other
LASALGAON,2023-08-29,2100.0,Other
LASALGAON,2023-08-31,2351.0,Other
LASALGAON,2023-09-01,2201.0,Other
LASALGAON,2023-09-02,2300.0,Other
LASALGAON,2023-09-05,2275.0,Other
LASALGAON,2023-09-06,2051.0,Other
LASALGAON,2023-09-07,2100.0,Other
LASALGAON,2023-09-08,2051.0,Other
LASALGAON,2023-09-09,2000.0,Other
LASALGAON,2023-09-11,2000.0,Other
LASALGAON,2023-09-13,2025.0,Other
LASALGAON,2023-09-15,2000.0,Other
LASALGAON,2023-09-16,1951.0,Other
LASALGAON,2023-10-03,2050.0,Other
LASALGAON,2023-10-04,2151.0,Other
LASALGAON,2023-10-05,2325.0,Other
LASALGAON,2023-10-06,2310.0,Other
LASALGAON,2023-10-07,2300.0,Red
LASALGAON,2023-10-09,2360.0,Other
LASALGAON,2023-10-10,2410.0,Other
LASALGAON,2023-10-11,2470.0,Other
LASALGAON,2023-10-12,2520.0,Other
LASALGAON,2023-10-13,2500.0,Other
LASALGAON,2023-10-14,2525.0,Other
LASALGAON,2023-10-16,3000.0,Other
LASALGAON,2023-10-17,3301.0,Other
LASALGAON,2023-10-18,3200.0,Other
LASALGAON,2023-10-19,3200.0,Other
LASALGAON,2023-10-20,3100.0,Other
LASALGAON,2023-10-21,3200.0,Other
LASALGAON,2023-10-23,3900.0,Other
LASALGAON,2023-10-24,2151.0,Red
LASALGAON,2023-10-25,3400.0,Red
LASALGAON,2023-10-26,4625.0,Other
LASALGAON,2023-10-27,4401.0,Red
LASALGAON,2023-10-28,3737.0,Red
LASALGAON,2023-10-30,2581.0,Red
LASALGAON,2023-11-01,3200.0,Red
LASALGAON,2023-11-02,3140.0,Red
LASALGAON,2023-11-03,3000.0,Red
LASALGAON,2023-11-06,2401.0,Red
LASALGAON,2023-11-20,4000.0,Red
LASALGAON,2023-11-21,4200.0,Red
LASALGAON,2023-11-22,3900.0,Red
LASALGAON,2023-11-23,4000.0,Red
LASALGAON,2023-11-24,3700.0,Red
LASALGAON,2023-11-25,3751.0,Red
LASALGAON,2023-11-27,4101.0,Red
LASALGAON,2023-11-28,4150.0,Red
LASALGAON,2023-11-29,4000.0,Red
LASALGAON,2023-11-30,3900.0,Red
LASALGAON,2023-12-04,3900.0,Red
LASALGAON,2023-12-05,4000.0,Red
LASALGAON,2023-12-06,3950.0,Red
LASALGAON,2023-12-07,3360.0,Red
LASALGAON,2023-12-08,2002.0,Other
LASALGAON,2023-12-11,2260.0,Red
LASALGAON,2023-12-12,2000.0,Red
LASALGAON,2023-12-13,1900.0,Red
LASALGAON,2023-12-14,1800.0,Red
LASALGAON,2023-12-15,1950.0,Red
LASALGAON,2023-12-16,2000.0,Red
LASALGAON,2023-12-18,2000.0,Red
LASALGAON,2023-12-19,2125.0,Red
LASALGAON,2023-12-20,1900.0,Red
LASALGAON,2023-12-21,1900.0,Red
LASALGAON,2023-12-22,1850.0,Red
LASALGAON,2023-12-23,1751.0,Red
LASALGAON,2023-12-25,1600.0,Red
LASALGAON,2023-12-26,1500.0,Red
LASALGAON,2023-12-27,1670.0,Red
LASALGAON,2023-12-28,1550.0,Red
LASALGAON,2023-12-29,1611.0,Red
LASALGAON,2023-12-30,1751.0,Red
LASALGAON,2024-01-01,1925.0,Red
LASALGAON,2024-01-02,2170.0,Red
LASALGAON,2024-01-03,1970.0,Red
LASALGAON,2024-01-04,1825.0,Red
LASALGAON,2024-01-05,1820.0,Red
LASALGAON,2024-01-06,1860.0,Red
LASALGAON,2024-01-08,1875.0,Red
LASALGAON,2024-01-09,1900.0,Red
LASALGAON,2024-01-10,1861.0,Red
LASALGAON,2024-01-11,1800.0,Red
LASALGAON,2024-01-12,1770.0,Red
LASALGAON,2024-01-13,1740.0,Red
LASALGAON,2024-01-15,1680.0,Red
LASALGAON,2024-01-16,1625.0,Red
LASALGAON,2024-01-17,1551.0,Red
LASALGAON,2024-01-18,1551.0,Red
LASALGAON,2024-01-19,1400.0,Red
LASALGAON,2024-01-20,1351.0,Red
LASALGAON,2024-01-23,1310.0,Red
LASALGAON,2024-01-24,1150.0,Red
LASALGAON,2024-01-25,1170.0,Red
LASALGAON,2024-01-30,1160.0,Red
LASALGAON,2024-01-31,1325.0,Red
LASALGAON,2024-02-01,1280.0,Red
LASALGAON,2024-02-02,1250.0,Red
LASALGAON,2024-02-03,1250.0,Red
LASALGAON,2024-02-05,1180.0,Red
LASALGAON,2024-02-06,1160.0,Red
LASALGAON,2024-02-07,1170.0,Red
LASALGAON,2024-02-08,1110.0,Red
LASALGAON,2024-02-09,1140.0,Red
LASALGAON,2024-02-10,1100.0,Red
LASALGAON,2024-02-12,1180.0,Red
LASALGAON,2024-02-13,1200.0,Red
LASALGAON,2024-02-14,1240.0,Red
LASALGAON,2024-02-15,1260.0,Red
LASALGAON,2024-02-16,1260.0,Red
LASALGAON,2024-02-17,1280.0,Red
LASALGAON,2024-02-19,1800.0,Red
LASALGAON,2024-02-20,1600.0,Red
LASALGAON,2024-02-21,1451.0,Red
LASALGAON,2024-02-22,1451.0,Red
LASALGAON,2024-02-23,1710.0,Red
LASALGAON,2024-02-24,1800.0,Red
LASALGAON,2024-02-27,1725.0,Red
LASALGAON,2024-02-28,1740.0,Red
LASALGAON,2024-02-29,1620.0,Red
LASALGAON,2024-03-01,1640.0,Red
LASALGAON,2024-03-02,725.0,Red
LASALGAON,2024-03-04,1751.0,Red
LASALGAON,2024-03-05,1840.0,Red
LASALGAON,2024-03-06,1900.0,Red
LASALGAON,2024-03-07,2180.0,Red
LASALGAON,2024-03-09,1890.0,Red
LASALGAON,2024-03-11,1811.0,Red
LASALGAON,2024-03-12,1780.0,Red
LASALGAON,2024-03-13,1700.0,Red
LASALGAON,2024-03-14,1710.0,Red
LASALGAON,2024-03-15,1410.0,Red
LASALGAON,2024-03-16,1491.0,Red
LASALGAON,2024-03-18,1325.0,Red
LASALGAON,2024-03-19,1351.0,Red
LASALGAON,2024-03-20,1270.0,Red
LASALGAON,2024-03-21,1390.0,Red
LASALGAON,2024-03-22,1280.0,Red
LASALGAON,2024-03-23,1360.0,Red
LASALGAON,2024-03-26,1480.0,Other
LASALGAON,2024-03-27,1570.0,Other
LASALGAON,2024-03-28,1580.0,Other
LASALGAON,2024-03-29,1520.0,Other
LASALGAON,2024-04-13,1400.0,Other
LASALGAON,2024-04-15,1400.0,Other
LASALGAON,2024-04-19,1350.0,Other
LASALGAON,2024-04-22,1300.0,Other
LASALGAON,2024-04-24,1300.0,Other
LASALGAON,2024-04-25,1300.0,Other
LASALGAON,2024-04-27,1300.0,Other
LASALGAON,2024-04-29,1351.0,Other
LASALGAON,2024-04-30,1400.0,Other
LASALGAON,2024-05-02,1501.0,Other
LASALGAON,2024-05-03,1551.0,Other
LASALGAON,2024-05-04,2000.0,Other
LASALGAON,2024-05-06,1651.0,Other
LASALGAON,2024-05-07,1600.0,Other
LASALGAON,2024-05-08,1500.0,Other
LASALGAON,2024-05-09,1500.0,Other
LASALGAON,2024-05-10,1500.0,Other
LASALGAON,2024-05-11,1500.0,Other
LASALGAON,2024-05-13,1711.0,Other
LASALGAON,2024-05-14,1700.0,Other
LASALGAON,2024-05-15,1600.0,Other
LASALGAON,2024-05-16,1500.0,Other
LASALGAON,2024-05-17,1400.0,Other
LASALGAON,2024-05-18,1500.0,Other
LASALGAON,2024-05-21,1310.0,Other
LASALGAON,2024-05-22,1421.0,Other
LASALGAON,2024-05-23,1500.0,Other
LASALGAON,2024-05-24,1351.0,Other
LASALGAON,2024-05-25,1461.0,Other
LASALGAON,2024-05-27,1500.0,Other
LASALGAON,2024-05-28,1551.0,Other
LASALGAON,2024-05-29,1380.0,Other
LASALGAON,2024-05-30,1500.0,Other
LASALGAON,2024-05-31,1565.0,Other
LASALGAON,2024-06-01,1950.0,Other
LASALGAON,2024-06-03,2000.0,Other
LASALGAON,2024-06-04,2100.0,Other
LASALGAON,2024-06-05,2130.0,Other
LASALGAON,2024-06-06,2260.0,Other
LASALGAON,2024-06-07,2400.0,Other
LASALGAON,2024-06-08,2550.0,Other
LASALGAON,2024-06-10,2550.0,Other
LASALGAON,2024-06-11,2401.0,Other
LASALGAON,2024-06-13,2425.0,Other
LASALGAON,2024-06-14,2550.0,Other
LASALGAON,2024-06-15,2600.0,Other
LASALGAON,2024-06-18,2825.0,Other
LASALGAON,2024-06-19,3000.0,Other
LASALGAON,2024-06-20,3051.0,Other
LASALGAON,2024-06-21,3051.0,Other
LASALGAON,2024-06-22,3100.0,Other
LASALGAON,2024-06-24,3175.0,Other
LASALGAON,2024-06-25,3100.0,Other
LASALGAON,2024-06-26,2751.0,Other
LASALGAON,2024-06-27,2900.0,Other
LASALGAON,2024-06-28,2951.0,Other
LASALGAON,2024-06-29,2960.0,Other
LASALGAON,2024-07-01,3000.0,Other
LASALGAON,2024-07-02,3100.0,Other
LASALGAON,2024-07-03,3000.0,Other
LASALGAON,2024-07-04,3000.0,Other
LASALGAON,2024-07-05,3000.0,Other
LASALGAON,2024-07-06,2951.0,Other
LASALGAON,2024-07-08,2851.0,Other
LASALGAON,2024-07-09,2851.0,Other
LASALGAON,2024-07-10,2851.0,Other
LASALGAON,2024-07-11,2800.0,Other
LASALGAON,2024-07-12,2900.0,Other
LASALGAON,2024-07-13,2900.0,Other
LASALGAON,2024-07-15,2851.0,Other
LASALGAON,2024-07-18,2800.0,Other
LASALGAON,2024-07-20,2700.0,Other
LASALGAON,2024-07-22,2730.0,Other
LASALGAON,2024-07-23,2775.0,Other
LASALGAON,2024-07-24,2760.0,Other
LASALGAON,2024-07-25,2750.0,Other
LASALGAON,2024-07-26,2650.0,Other
LASALGAON,2024-07-27,2651.0,Other
LASALGAON,2024-07-29,2675.0,Other
LASALGAON,2024-07-30,2700.0,Other
LASALGAON,2024-07-31,2670.0,Other
LASALGAON,2024-08-01,2700.0,Other
LASALGAON,2024-08-02,2675.0,Other
LASALGAON,2024-08-03,2725.0,Other
LASALGAON,2024-08-05,2851.0,Other
LASALGAON,2024-08-06,2900.0,Other
LASALGAON,2024-08-07,2990.0,Other
LASALGAON,2024-08-08,3020.0,Other
LASALGAON,2024-08-09,3020.0,Other
LASALGAON,2024-08-10,3300.0,Other
LASALGAON,2024-08-12,3390.0,Other
LASALGAON,2024-08-14,3300.0,Other
LASALGAON,2024-08-16,3250.0,Other
LASALGAON,2024-08-17,3300.0,Other
LASALGAON,2024-08-20,3460.0,Other
LASALGAON,2024-08-21,3612.5,Other
LASALGAON,2024-08-22,3750.0,Other
LASALGAON,2024-08-23,3850.0,Other
LASALGAON,2024-08-24,3700.0,Other
LASALGAON,2024-08-26,3762.5,Other
LASALGAON,2024-08-27,3800.0,Other
LASALGAON,2024-08-28,3700.0,Other
LASALGAON,2024-08-29,3580.0,Other
LASALGAON,2024-08-30,3525.0,Other
LASALGAON,2024-08-31,3750.0,Other
LASALGAON,2024-09-03,4100.0,Other
LASALGAON,2024-09-04,3975.0,Other
LASALGAON,2024-09-05,4100.0,Other
LASALGAON,2024-09-06,3950.0,Other
LASALGAON,2024-09-09,3720.0,Other
LASALGAON,2024-09-10,3900.0,Other
LASALGAON,2024-09-11,4000.0,Other
LASALGAON,2024-09-12,4100.0,Other
LASALGAON,2024-09-13,4200.0,Other
LASALGAON,2024-09-14,4700.0,Other
LASALGAON,2024-09-16,4760.0,Other
LASALGAON,2024-09-18,4600.0,Other
LASALGAON,2024-09-19,4550.0,Other
LASALGAON,2024-09-20,4761.0,Other
LASALGAON,2024-09-21,4780.0,Other
LASALGAON,2024-09-23,4700.0,Other
LASALGAON,2024-09-24,4770.0,Other
LASALGAON,2024-09-26,4600.0,Other
LASALGAON,2024-09-27,4400.0,Other
LASALGAON,2024-09-28,4251.0,Other
LASALGAON,2024-09-30,3850.0,Other
LASALGAON,2024-10-01,4000.0,Other
LASALGAON,2024-10-03,4300.0,Other
LASALGAON,2024-10-04,4520.0,Other
LASALGAON,2024-10-05,4351.0,Other
LASALGAON,2024-10-09,4300.0,Other
LASALGAON,2024-10-10,4200.0,Other
LASALGAON,2024-10-11,3000.0,Red
LASALGAON,2024-10-12,3100.0,Red
LASALGAON,2024-10-14,3080.0,Red
LASALGAON,2024-10-15,3000.0,Red
LASALGAON,2024-10-16,3581.0,Red
LASALGAON,2024-10-17,3000.0,Red
LASALGAON,2024-10-18,2591.0,Red
LASALGAON,2024-10-19,2401.0,Red
LASALGAON,2024-10-21,2701.0,Red
LASALGAON,2024-10-22,2525.0,Red
LASALGAON,2024-10-23,2102.0,Red
LASALGAON,2024-10-24,3451.0,Red
LASALGAON,2024-10-25,2277.0,Red
LASALGAON,2024-10-26,3501.0,Red
LASALGAON,2024-11-04,3321.0,Red
LASALGAON,2024-11-05,4000.0,Red
LASALGAON,2024-11-06,4000.0,Red
LASALGAON,2024-11-07,4151.0,Red
LASALGAON,2024-11-08,3501.0,Red
LASALGAON,2024-11-09,3501.0,Red
LASALGAON,2024-11-11,3600.0,Red
LASALGAON,2024-11-12,4100.0,Red
LASALGAON,2024-11-13,4600.0,Red
LASALGAON,2024-11-14,4500.0,Red
LASALGAON,2024-11-15,4300.0,Red
LASALGAON,2024-11-16,4500.0,Red
LASALGAON,2024-11-18,4300.0,Red
LASALGAON,2024-11-19,4700.0,Red
LASALGAON,2024-11-21,4500.0,Red
LASALGAON,2024-11-22,4400.0,Red
LASALGAON,2024-11-23,4000.0,Red
LASALGAON,2024-11-25,3900.0,Red
LASALGAON,2024-11-26,4100.0,Red
LASALGAON,2024-11-27,4100.0,Red
LASALGAON,2024-11-28,4300.0,Red
LASALGAON,2024-12-02,3700.0,Red
LASALGAON,2024-12-03,3751.0,Red
LASALGAON,2024-12-04,3500.0,Red
LASALGAON,2024-12-05,3551.0,Red
LASALGAON,2024-12-06,3800.0,Red
LASALGAON,2024-12-07,3851.0,Red
LASALGAON,2024-12-09,3700.0,Red
LASALGAON,2024-12-10,3800.0,Red
LASALGAON,2024-12-12,3600.0,Red
LASALGAON,2024-12-13,3200.0,Red
LASALGAON,2024-12-14,2700.0,Red
LASALGAON,2024-12-16,2351.0,Red
LASALGAON,2024-12-17,2100.0,Red
LASALGAON,2024-12-18,1900.0,Red
LASALGAON,2024-12-19,1900.0,Red
LASALGAON,2024-12-20,2000.0,Red
LASALGAON,2024-12-21,2000.0,Red
LASALGAON,2024-12-23,1725.0,Red
LASALGAON,2024-12-24,1900.0,Red
LASALGAON,2024-12-25,2000.0,Red
LASALGAON,2024-12-26,2100.0,Red
LASALGAON,2024-12-27,2200.0,Red
LASALGAON,2024-12-28,2370.0,Red
LASALGAON,2024-12-30,2451.0,Red
LASALGAON,2024-12-31,2700.0,Red
LASALGAON,2025-01-01,2451.0,Red
LASALGAON,2025-01-02,2401.0,Red
LASALGAON,2025-01-03,2400.0,Red
LASALGAON,2025-01-04,2500.0,Red
LASALGAON,2025-01-06,2500.0,Red
LASALGAON,2025-01-07,2400.0,Red
LASALGAON,2025-01-08,2351.0,Red
LASALGAON,2025-01-09,2200.0,Red
LASALGAON,2025-01-10,1900.0,Red
LASALGAON,2025-01-11,1780.0,Red
LASALGAON,2025-01-13,1951.0,Red
LASALGAON,2025-01-14,2000.0,Red
LASALGAON,2025-01-15,2000.0,Red
LASALGAON,2025-01-17,2150.0,Red
LASALGAON,2025-01-18,2251.0,Red
LASALGAON,2025-01-20,2500.0,Red
LASALGAON,2025-01-21,2400.0,Red
LASALGAON,2025-01-22,2300.0,Red
LASALGAON,2025-01-23,2351.0,Red
LASALGAON,2025-01-24,2400.0,Red
LASALGAON,2025-01-25,2425.0,Red
LASALGAON,2025-01-27,2370.0,Red
LASALGAON,2025-01-28,2400.0,Red
LASALGAON,2025-01-29,2300.0,Red
LASALGAON,2025-01-30,2351.0,Red
LASALGAON,2025-01-31,2250.0,Red
LASALGAON,2025-02-01,2100.0,Red
LASALGAON,2025-02-03,2100.0,Red
LASALGAON,2025-02-04,2270.0,Red
LASALGAON,2025-02-05,2400.0,Red
LASALGAON,2025-02-06,2370.0,Red
LASALGAON,2025-02-07,2400.0,Red
LASALGAON,2025-02-08,2451.0,Red
LASALGAON,2025-02-12,2700.0,Red
LASALGAON,2025-02-13,2900.0,Red
LASALGAON,2025-02-14,3100.0,Red
LASALGAON,2025-02-15,3000.0,Red
LASALGAON,2025-02-17,2700.0,Red
LASALGAON,2025-02-18,2600.0,Red
LASALGAON,2025-02-19,2400.0,Red
LASALGAON,2025-02-20,2300.0,Red
LASALGAON,2025-02-21,2325.0,Red
LASALGAON,2025-02-22,2400.0,Red
LASALGAON,2025-02-24,2400.0,Red
LASALGAON,2025-02-25,2425.0,Red
LASALGAON,2025-02-27,2400.0,Red
LASALGAON,2025-02-28,2300.0,Red
LASALGAON,2025-03-01,2270.0,Red
LASALGAON,2025-03-03,2250.0,Red
LASALGAON,2025-03-04,2200.0,Red
LASALGAON,2025-03-05,2270.0,Red
LASALGAON,2025-03-06,2280.0,Red
LASALGAON,2025-03-07,2250.0,Red
LASALGAON,2025-03-08,1950.0,Red
LASALGAON,2025-03-10,1700.0,Red
LASALGAON,2025-03-11,1625.0,Red
LASALGAON,2025-03-12,1450.0,Red
LASALGAON,2025-03-17,1370.0,Red
LASALGAON,2025-03-18,1525.0,Red
LASALGAON,2025-03-20,1325.0,Red
LASALGAON,2025-03-21,1260.0,Red
LASALGAON,2025-03-22,1225.0,Red
LASALGAON,2025-03-24,1375.0,Red
LASALGAON,2025-03-25,1400.0,Red
LASALGAON,2025-03-26,1370.0,Red
LASALGAON,2025-03-27,1325.0,Red
LASALGAON,2025-04-02,1060.0,Red
LASALGAON,2025-04-03,1100.0,Red
LASALGAON,2025-04-04,1125.0,Red
LASALGAON,2025-04-07,1100.0,Red
LASALGAON,2025-04-08,1030.0,Red
LASALGAON,2025-04-09,1000.0,Red
LASALGAON,2025-04-11,900.0,Red
LASALGAON,2025-04-12,700.0,Red
LASALGAON,2025-04-14,1175.0,Other
LASALGAON,2025-04-15,1150.0,Other
LASALGAON,2025-04-16,1250.0,Other
LASALGAON,2025-04-17,1240.0,Other
LASALGAON,2025-04-18,1250.0,Other
LASALGAON,2025-04-19,1220.0,Other
LASALGAON,2025-04-21,1270.0,Other
LASALGAON,2025-04-22,1260.0,Other
LASALGAON,2025-04-23,1280.0,Other
LASALGAON,2025-04-24,1200.0,Other
LASALGAON,2025-04-25,1275.0,Other
LASALGAON,2025-04-26,1250.0,Other
LASALGAON,2025-04-28,1200.0,Other
LASALGAON,2025-04-29,1200.0,Other
LASALGAON,2025-04-30,1200.0,Other
LASALGAON,2025-05-02,1150.0,Other
LASALGAON,2025-05-03,1200.0,Other
LASALGAON,2025-05-05,1180.0,Other
LASALGAON,2025-05-06,1100.0,Other
LASALGAON,2025-05-07,1100.0,Other
LASALGAON,2025-05-08,1070.0,Other
LASALGAON,2025-05-09,1125.0,Other
LASALGAON,2025-05-10,1151.0,Other
LASALGAON,2025-05-12,1150.0,Other
LASALGAON,2025-05-15,1100.0,Other
LASALGAON,2025-05-16,1170.0,Other
LASALGAON,2025-05-17,1200.0,Other
LASALGAON,2025-05-19,1150.0,Other
LASALGAON,2025-05-20,1150.0,Other
LASALGAON,2025-05-21,1160.0,Other
LASALGAON,2025-05-22,1175.0,Other
LASALGAON,2025-05-23,1150.0,Other
LASALGAON,2025-05-24,1200.0,Other
LASALGAON,2025-05-26,1200.0,Other
LASALGAON,2025-05-27,1351.0,Other
LASALGAON,2025-05-28,1375.0,Other
LASALGAON,2025-05-29,1400.0,Other
LASALGAON,2025-05-30,1400.0,Other
LASALGAON,2025-05-31,1380.0,Other
LASALGAON,2025-06-02,1350.0,Other
LASALGAON,2025-06-03,1400.0,Other
LASALGAON,2025-06-04,1420.0,Other
LASALGAON,2025-06-05,1451.0,Other
LASALGAON,2025-06-06,1475.0,Other
LASALGAON,2025-06-07,1450.0,Other
LASALGAON,2025-06-09,1600.0,Other
LASALGAON,2025-06-10,1600.0,Other
LASALGAON,2025-06-11,1620.0,Other
LASALGAON,2025-06-12,1600.0,Other
LASALGAON,2025-06-13,1600.0,Other
LASALGAON,2025-06-14,1601.0,Other
LASALGAON,2025-06-16,1600.0,Other
LASALGAON,2025-06-17,1620.0,Other
LASALGAON,2025-06-18,1540.0,Other
LASALGAON,2025-06-19,1600.0,Other
LASALGAON,2025-06-20,1551.0,Other
LASALGAON,2025-06-21,1580.0,Other
LASALGAON,2025-06-23,1600.0,Other
LASALGAON,2025-06-24,1651.0,Other
LASALGAON,2025-06-25,1570.0,Other
LASALGAON,2025-06-26,1570.0,Other
LASALGAON,2025-06-27,1500.0,Other
LASALGAON,2025-06-28,1551.0,Other
LASALGAON,2025-06-30,1550.0,Other
LASALGAON,2025-07-01,1525.0,Other
LASALGAON,2025-07-02,1500.0,Other
LASALGAON,2025-07-03,1500.0,Other
LASALGAON,2025-07-04,1510.0,Other
LASALGAON,2025-07-05,1551.0,Other
LASALGAON,2025-07-07,1500.0,Other
LASALGAON,2025-07-08,1480.0,Other
LASALGAON,2025-07-09,1500.0,Other
LASALGAON,2025-07-10,1475.0,Other
LASALGAON,2025-07-11,1551.0,Other
LASALGAON,2025-07-12,1451.0,Other
LASALGAON,2025-07-14,1451.0,Other
LASALGAON,2025-07-15,1460.0,Other
LASALGAON,2025-07-16,1500.0,Other
LASALGAON,2025-07-17,1400.0,Other
LASALGAON,2025-07-18,1400.0,Other
LASALGAON,2025-07-19,1351.0,Other
LASALGAON,2025-07-21,1425.0,Other
LASALGAON,2025-07-22,1451.0,Other
LASALGAON,2025-07-23,1400.0,Other
LASALGAON,2025-07-24,1425.0,Other
LASALGAON,2025-07-25,1350.0,Other
LASALGAON,2025-07-28,1275.0,Other
LASALGAON,2025-07-29,1301.0,Other
LASALGAON,2025-07-30,1320.0,Other
LASALGAON,2025-07-31,1280.0,Other
LASALGAON,2025-08-01,1310.0,Other
LASALGAON,2025-08-02,1330.0,Other
LASALGAON,2025-08-04,1275.0,Other
LASALGAON,2025-08-05,1270.0,Other
LASALGAON,2025-08-06,1325.0,Other
LASALGAON,2025-08-07,1340.0,Other
LASALGAON,2025-08-11,1351.0,Other
LASALGAON,2025-08-12,1525.0,Other
LASALGAON,2025-08-13,1701.0,Other
LASALGAON,2025-08-14,1600.0,Other
LASALGAON,2025-08-16,1575.0,Other
LASALGAON,2025-08-18,1650.0,Other
LASALGAON,2025-08-19,1640.0,Other
LASALGAON,2025-08-25,1551.0,Other
LASALGAON,2025-08-26,1500.0,Other
LASALGAON,2025-08-28,1400.0,Other
LASALGAON,2025-08-30,1340.0,Other
LASALGAON,2025-09-01,1340.0,Other
LASALGAON,2025-09-02,1360.0,Other
LASALGAON,2025-09-03,1310.0,Other
LASALGAON,2025-09-04,1325.0,Other
LASALGAON,2025-09-06,1280.0,Other
LASALGAON,2025-09-08,1275.0,Other
LASALGAON,2025-09-09,1320.0,Other
LASALGAON,2025-09-10,1251.0,Other
LASALGAON,2025-09-11,1200.0,Other
LASALGAON,2025-09-13,801.0,Red
LASALGAON,2025-09-15,1270.0,Other
LASALGAON,2025-09-16,1170.0,Other
LASALGAON,2025-09-17,1250.0,Other
LASALGAON,2025-09-18,1175.0,Other
LASALGAON,2025-09-19,1100.0,Other
LASALGAON,2025-09-20,1100.0,Other
LASALGAON,2025-09-22,1100.0,Other
LASALGAON,2025-09-23,1080.0,Other
LASALGAON,2025-09-24,1150.0,Other
LASALGAON,2025-09-26,1170.0,Other
LASALGAON,2025-09-27,1125.0,Other
LASALGAON,2025-09-29,1100.0,Other
LASALGAON,2025-09-30,1200.0,Other
LASALGAON,2025-10-02,1200.0,Other
LASALGAON,2025-10-03,1200.0,Other
LASALGAON,2025-10-04,1180.0,Other
LASALGAON,2025-10-06,1151.0,Other
LASALGAON,2025-10-07,1100.0,Other
LASALGAON,2025-10-08,1060.0,Other
LASALGAON,2025-10-09,1080.0,Other
LASALGAON,2025-10-13,1100.0,Other
LASALGAON,2025-10-14,1060.0,Other
LASALGAON,2025-10-15,1050.0,Other
LASALGAON,2025-10-16,1075.0,Other
LASALGAON,2025-10-24,1100.0,Other
LASALGAON,2025-10-27,1280.0,Other
LASALGAON,2025-10-28,1350.0,Other
LASALGAON,2025-10-29,1401.0,Other
LASALGAON,2025-10-30,1550.0,Other
LASALGAON,2025-10-31,1710.0,Other
LASALGAON,2025-11-01,1550.0,Other
LASALGAON,2025-11-03,1600.0,Other
LASALGAON,2025-11-05,1725.0,Other
LASALGAON,2025-11-07,1725.0,Other
LASALGAON,2025-11-08,1701.0,Other
LASALGAON,2025-11-10,1650.0,Other
LASALGAON,2025-11-12,1500.0,Other
LASALGAON,2025-11-13,1525.0,Other
LASALGAON,2025-11-14,1500.0,Other
LASALGAON,2025-11-15,1500.0,Other
LASALGAON,2025-11-17,1425.0,Other
LASALGAON,2025-11-19,1501.0,Red
LASALGAON,2025-11-20,1301.0,Red
LASALGAON,2025-11-21,1351.0,Red
LASALGAON,2025-11-22,1100.0,Red
LASALGAON,2025-11-24,2000.0,Red
LASALGAON,2025-11-26,2100.0,Red
LASALGAON,2025-11-27,2000.0,Red
LASALGAON,2025-11-28,1800.0,Red
LASALGAON,2025-12-01,3100.0,Red
LASALGAON,2025-12-02,2500.0,Red
LASALGAON,2025-12-03,3000.0,Red
LASALGAON,2025-12-04,2700.0,Red
LASALGAON,2025-12-05,2500.0,Red
LASALGAON,2025-12-06,2200.0,Red
LASALGAON,2025-12-08,2400.0,Red
LASALGAON,2025-12-10,2600.0,Red
LASALGAON,2025-12-12,2551.0,Red
LASALGAON,2025-12-13,2451.0,Red
LASALGAON,2025-12-15,2300.0,Red
LASALGAON,2025-12-16,2500.0,Red
LASALGAON,2025-12-17,2351.0,Red
LASALGAON,2025-12-18,2250.0,Red
LASALGAON,2025-12-19,2100.0,Red
LASALGAON,2025-12-25,1900.0,Red
LASALGAON,2025-12-26,2000.0,Red
LASALGAON,2025-12-27,1900.0,Red
LASALGAON,2025-12-29,2200.0,Red
LASALGAON,2025-12-30,2000.0,Red
LASALGAON,2025-12-31,1950.0,Red
LASALGAON,2026-01-01,1870.0,Red
LASALGAON,2026-01-02,1800.0,Red
LASALGAON,2026-01-03,1850.0,Red
LASALGAON,2026-01-05,1625.0,Red
LASALGAON,2026-01-06,1500.0,Red
LASALGAON,2026-01-07,1600.0,Red
LASALGAON,2026-01-09,1651.0,Red
LASALGAON,2026-01-10,1500.0,Red
LASALGAON,2026-01-12,1550.0,Red
LASALGAON,2026-01-13,1525.0,Red
LASALGAON,2026-01-16,1450.0,Red
LASALGAON,2026-01-20,1550.0,Red
LASALGAON,2026-01-21,1500.0,Red
LASALGAON,2026-01-22,1500.0,Red
LASALGAON,2026-01-27,1325.0,Red
LASALGAON,2026-01-28,1351.0,Red
LASALGAON,2026-01-29,1280.0,Red
LASALGAON,2026-01-30,1200.0,Red
LASALGAON,2026-01-31,1100.0,Red
LASALGAON,2026-02-02,1150.0,Red
LASALGAON,2026-02-03,1140.0,Red
LASALGAON,2026-02-04,1151.0,Red
LASALGAON,2026-02-05,1100.0,Red
LASALGAON,2026-02-06,1120.0,Red
LASALGAON,2026-02-07,1170.0,Red
LASALGAON,2026-02-09,1250.0,Red
LASALGAON,2026-02-10,1260.0,Red
LASALGAON,2026-02-11,1251.0,Red
LASALGAON,2026-02-12,1240.0,Red
LASALGAON,2026-02-13,1200.0,Red
LASALGAON,2026-02-16,1170.0,Red
LASALGAON,2026-02-17,1150.0,Red
LASALGAON,2026-02-19,1100.0,Red
LASALGAON,2026-02-20,1151.0,Red
LASALGAON,2026-02-21,1100.0,Red
LASALGAON,2026-02-23,1100.0,Red
LASALGAON,2026-02-24,1000.0,Red
LASALGAON,2026-02-25,975.0,Red
LASALGAON,2026-02-26,1075.0,Red
LASALGAON,2026-02-27,1000.0,Red
LASALGAON,2026-02-28,875.0,Red
LASALGAON,2026-03-05,975.0,Red
LASALGAON,2026-03-06,960.0,Red
LASALGAON,2026-03-07,925.0,Red
LASALGAON,2026-03-09,900.0,Red
LASALGAON,2026-03-10,910.0,Red
LASALGAON,2026-03-11,920.0,Red
LASALGAON,2026-03-12,925.0,Red
LASALGAON,2026-03-13,950.0,Red
LASALGAON,2026-03-14,940.0,Red
LASALGAON,2026-03-17,900.0,Red
LASALGAON,2026-03-18,900.0,Red
LASALGAON,2026-03-19,900.0,Red
LASALGAON,2026-03-20,890.0,Red
LASALGAON,2026-03-23,900.0,Red
LASALGAON,2026-03-24,920.0,Red
LASALGAON,2026-03-25,900.0,Red
LASALGAON,2026-04-02,925.0,Red
LASALGAON,2026-04-03,1000.0,Red
LASALGAON,2026-04-04,910.0,Red
LASALGAON,2026-04-06,950.0,Red
LASALGAON,2026-04-07,850.0,Red
LASALGAON,2026-04-08,800.0,Red
LASALGAON,2026-04-09,800.0,Red
LASALGAON,2026-04-10,810.0,Red
LASALGAON,2026-04-11,775.0,Red
LASALGAON,2026-04-13,750.0,Red
LASALGAON,2026-04-14,800.0,Red
LASALGAON,2026-04-15,651.0,Red
LASALGAON,2026-04-16,650.0,Red
LASALGAON,2026-04-17,1000.0,Other
LASALGAON,2026-04-20,1051.0,Other
LASALGAON,2026-04-21,1000.0,Other
LASALGAON,2026-04-22,1051.0,Other
LASALGAON,2026-04-23,1025.0,Other
LASALGAON,2026-04-24,1000.0,Other
LASALGAON,2026-04-25,1100.0,Other
LASALGAON,2026-04-27,1100.0,Other
LASALGAON,2026-04-28,1051.0,Other
LASALGAON,2026-04-29,1100.0,Other
LASALGAON,2026-04-30,1180.0,Other
LASALGAON,2026-05-02,1130.0,Other
LASALGAON,2026-05-04,1151.0,Other
LASALGAON,2026-05-05,1150.0,Other
LASALGAON(NIPHAD),2020-01-01,3900.0,Red
LASALGAON(NIPHAD),2020-01-02,4300.0,Red
LASALGAON(NIPHAD),2020-01-03,4200.0,Red
LASALGAON(NIPHAD),2020-01-04,4000.0,Red
LASALGAON(NIPHAD),2020-01-06,4201.0,Red
LASALGAON(NIPHAD),2020-01-07,4000.0,Red
LASALGAON(NIPHAD),2020-01-08,3750.0,Red
LASALGAON(NIPHAD),2020-01-09,3400.0,Red
LASALGAON(NIPHAD),2020-01-10,2800.0,Red
LASALGAON(NIPHAD),2020-01-13,2751.0,Red
LASALGAON(NIPHAD),2020-01-14,3400.0,Red
LASALGAON(NIPHAD),2020-01-15,3351.0,Red
LASALGAON(NIPHAD),2020-01-16,3500.0,Red
LASALGAON(NIPHAD),2020-01-17,3400.0,Red
LASALGAON(NIPHAD),2020-01-18,3500.0,Red
LASALGAON(NIPHAD),2020-01-20,4200.0,Red
LASALGAON(NIPHAD),2020-01-21,3500.0,Red
LASALGAON(NIPHAD),2020-01-22,3550.0,Red
LASALGAON(NIPHAD),2020-01-23,3200.0,Red
LASALGAON(NIPHAD),2020-01-25,2800.0,Red
LASALGAON(NIPHAD),2020-01-27,2451.0,Red
LASALGAON(NIPHAD),2020-01-28,2551.0,Red
LASALGAON(NIPHAD),2020-01-29,2800.0,Red
LASALGAON(NIPHAD),2020-01-30,2625.0,Red
LASALGAON(NIPHAD),2020-01-31,2551.0,Red
LASALGAON(NIPHAD),2020-02-03,2200.0,Red
LASALGAON(NIPHAD),2020-02-04,1700.0,Red
LASALGAON(NIPHAD),2020-02-05,1700.0,Red
LASALGAON(NIPHAD),2020-02-06,1770.0,Red
LASALGAON(NIPHAD),2020-02-07,1651.0,Red
LASALGAON(NIPHAD),2020-02-10,2100.0,Red
LASALGAON(NIPHAD),2020-02-11,1951.0,Red
LASALGAON(NIPHAD),2020-02-12,1900.0,Red
LASALGAON(NIPHAD),2020-02-13,1900.0,Red
LASALGAON(NIPHAD),2020-02-15,2051.0,Red
LASALGAON(NIPHAD),2020-02-17,1950.0,Red
LASALGAON(NIPHAD),2020-02-18,2021.0,Red
LASALGAON(NIPHAD),2020-02-19,2051.0,Red
LASALGAON(NIPHAD),2020-02-20,1950.0,Red
LASALGAON(NIPHAD),2020-02-21,1970.0,Red
LASALGAON(NIPHAD),2020-02-22,2000.0,Red
LASALGAON(NIPHAD),2020-02-24,1800.0,Red
LASALGAON(NIPHAD),2020-02-25,1751.0,Red
LASALGAON(NIPHAD),2020-02-27,2000.0,Red
LASALGAON(NIPHAD),2020-02-28,1850.0,Red
LASALGAON(NIPHAD),2020-02-29,1850.0,Red
LASALGAON(NIPHAD),2020-03-02,1550.0,Red
LASALGAON(NIPHAD),2020-03-03,1540.0,Red
LASALGAON(NIPHAD),2020-03-04,1700.0,Red
LASALGAON(NIPHAD),2020-03-05,1700.0,Red
LASALGAON(NIPHAD),2020-03-06,1710.0,Red
LASALGAON(NIPHAD),2020-03-07,1751.0,Red
LASALGAON(NIPHAD),2020-03-09,1761.0,Red
LASALGAON(NIPHAD),2020-03-11,1730.0,Red
LASALGAON(NIPHAD),2020-03-12,1730.0,Red
LASALGAON(NIPHAD),2020-03-13,1761.0,Red
LASALGAON(NIPHAD),2020-03-14,1725.0,Red
LASALGAON(NIPHAD),2020-03-16,1400.0,Red
LASALGAON(NIPHAD),2020-03-17,1151.0,Red
LASALGAON(NIPHAD),2020-03-19,1100.0,Red
LASALGAON(NIPHAD),2020-03-20,1160.0,Red
LASALGAON(NIPHAD),2020-03-21,1160.0,Red
LASALGAON(NIPHAD),2020-03-23,1280.0,Red
LASALGAON(NIPHAD),2020-03-25,1250.0,Red
LASALGAON(NIPHAD),2020-03-27,1200.0,Red
LASALGAON(NIPHAD),2020-03-30,1100.0,Red
LASALGAON(NIPHAD),2020-04-07,775.0,Red
LASALGAON(NIPHAD),2020-04-18,620.0,Red
LASALGAON(NIPHAD),2020-05-06,580.0,Other
LASALGAON(NIPHAD),2020-05-07,600.0,Other
LASALGAON(NIPHAD),2020-05-08,590.0,Other
LASALGAON(NIPHAD),2020-05-09,600.0,Other
LASALGAON(NIPHAD),2020-05-11,600.0,Other
LASALGAON(NIPHAD),2020-05-14,560.0,Other
LASALGAON(NIPHAD),2020-05-15,550.0,Other
LASALGAON(NIPHAD),2020-05-16,530.0,Other
LASALGAON(NIPHAD),2020-05-18,500.0,Other
LASALGAON(NIPHAD),2020-05-19,500.0,Other
LASALGAON(NIPHAD),2020-05-20,570.0,Other
LASALGAON(NIPHAD),2020-05-21,580.0,Other
LASALGAON(NIPHAD),2020-05-22,600.0,Other
LASALGAON(NIPHAD),2020-05-23,725.0,Other
LASALGAON(NIPHAD),2020-05-25,751.0,Other
LASALGAON(NIPHAD),2020-05-26,700.0,Other
LASALGAON(NIPHAD),2020-05-27,651.0,Other
LASALGAON(NIPHAD),2020-05-28,725.0,Other
LASALGAON(NIPHAD),2020-05-29,775.0,Other
LASALGAON(NIPHAD),2020-05-30,800.0,Other
LASALGAON(NIPHAD),2020-06-01,725.0,Other
LASALGAON(NIPHAD),2020-06-02,650.0,Other
LASALGAON(NIPHAD),2020-06-03,600.0,Other
LASALGAON(NIPHAD),2020-06-04,650.0,Other
LASALGAON(NIPHAD),2020-06-05,741.0,Other
LASALGAON(NIPHAD),2020-06-06,751.0,Other
LASALGAON(NIPHAD),2020-06-08,775.0,Other
LASALGAON(NIPHAD),2020-06-09,825.0,Other
LASALGAON(NIPHAD),2020-06-10,825.0,Other
LASALGAON(NIPHAD),2020-06-11,760.0,Other
LASALGAON(NIPHAD),2020-06-12,800.0,Other
LASALGAON(NIPHAD),2020-06-13,800.0,Other
LASALGAON(NIPHAD),2020-06-15,800.0,Other
LASALGAON(NIPHAD),2020-06-16,750.0,Other
LASALGAON(NIPHAD),2020-06-17,700.0,Other
LASALGAON(NIPHAD),2020-06-18,700.0,Other
LASALGAON(NIPHAD),2020-06-19,711.0,Other
LASALGAON(NIPHAD),2020-06-22,751.0,Other
LASALGAON(NIPHAD),2020-06-23,750.0,Other
LASALGAON(NIPHAD),2020-06-24,700.0,Other
LASALGAON(NIPHAD),2020-06-25,700.0,Other
LASALGAON(NIPHAD),2020-06-26,721.0,Other
LASALGAON(NIPHAD),2020-06-27,750.0,Other
LASALGAON(NIPHAD),2020-06-29,750.0,Other
LASALGAON(NIPHAD),2020-07-02,750.0,Other
LASALGAON(NIPHAD),2020-07-03,721.0,Other
LASALGAON(NIPHAD),2020-07-04,750.0,Other
LASALGAON(NIPHAD),2020-07-06,721.0,Other
LASALGAON(NIPHAD),2020-07-07,650.0,Other
LASALGAON(NIPHAD),2020-07-08,625.0,Other
LASALGAON(NIPHAD),2020-07-13,660.0,Other
LASALGAON(NIPHAD),2020-07-14,650.0,Other
LASALGAON(NIPHAD),2020-07-15,670.0,Other
LASALGAON(NIPHAD),2020-07-16,680.0,Other
LASALGAON(NIPHAD),2020-07-17,640.0,Other
LASALGAON(NIPHAD),2020-07-21,670.0,Other
LASALGAON(NIPHAD),2020-07-22,650.0,Other
LASALGAON(NIPHAD),2020-07-23,620.0,Other
LASALGAON(NIPHAD),2020-07-24,640.0,Other
LASALGAON(NIPHAD),2020-07-25,670.0,Other
LASALGAON(NIPHAD),2020-07-27,660.0,Other
LASALGAON(NIPHAD),2020-07-28,650.0,Other
LASALGAON(NIPHAD),2020-07-29,651.0,Other
LASALGAON(NIPHAD),2020-07-30,640.0,Other
LASALGAON(NIPHAD),2020-07-31,630.0,Other
LASALGAON(NIPHAD),2020-08-01,625.0,Other
LASALGAON(NIPHAD),2020-08-03,630.0,Other
LASALGAON(NIPHAD),2020-08-04,621.0,Other
LASALGAON(NIPHAD),2020-08-05,625.0,Other
LASALGAON(NIPHAD),2020-08-06,625.0,Other
LASALGAON(NIPHAD),2020-08-07,650.0,Other
LASALGAON(NIPHAD),2020-08-08,711.0,Other
LASALGAON(NIPHAD),2020-08-10,725.0,Other
LASALGAON(NIPHAD),2020-08-11,850.0,Other
LASALGAON(NIPHAD),2020-08-12,925.0,Other
LASALGAON(NIPHAD),2020-08-13,971.0,Other
LASALGAON(NIPHAD),2020-08-14,1025.0,Other
LASALGAON(NIPHAD),2020-08-17,1251.0,Other
LASALGAON(NIPHAD),2020-08-19,1600.0,Other
LASALGAON(NIPHAD),2020-08-20,1400.0,Other
LASALGAON(NIPHAD),2020-08-24,1200.0,Other
LASALGAON(NIPHAD),2020-08-25,1251.0,Other
LASALGAON(NIPHAD),2020-08-27,1450.0,Other
LASALGAON(NIPHAD),2020-08-28,1550.0,Other
LASALGAON(NIPHAD),2020-08-29,1525.0,Other
LASALGAON(NIPHAD),2020-08-31,1500.0,Other
LASALGAON(NIPHAD),2020-09-02,1800.0,Other
LASALGAON(NIPHAD),2020-09-03,1900.0,Other
LASALGAON(NIPHAD),2020-09-04,2050.0,Other
LASALGAON(NIPHAD),2020-09-05,2050.0,Other
LASALGAON(NIPHAD),2020-09-07,1951.0,Other
LASALGAON(NIPHAD),2020-09-08,2000.0,Other
LASALGAON(NIPHAD),2020-09-09,2300.0,Other
LASALGAON(NIPHAD),2020-09-10,2351.0,Other
LASALGAON(NIPHAD),2020-09-11,2300.0,Other
LASALGAON(NIPHAD),2020-09-12,2551.0,Other
LASALGAON(NIPHAD),2020-09-14,2651.0,Other
LASALGAON(NIPHAD),2020-09-15,2300.0,Other
LASALGAON(NIPHAD),2020-09-16,2350.0,Other
LASALGAON(NIPHAD),2020-09-18,2351.0,Other
LASALGAON(NIPHAD),2020-09-19,2651.0,Other
LASALGAON(NIPHAD),2020-09-21,3500.0,Other
LASALGAON(NIPHAD),2020-09-22,3200.0,Other
LASALGAON(NIPHAD),2020-09-23,3200.0,Other
LASALGAON(NIPHAD),2020-09-24,3200.0,Other
LASALGAON(NIPHAD),2020-09-26,3400.0,Other
LASALGAON(NIPHAD),2020-09-28,3100.0,Other
LASALGAON(NIPHAD),2020-09-29,3000.0,Other
LASALGAON(NIPHAD),2020-09-30,3151.0,Other
LASALGAON(NIPHAD),2020-10-01,3100.0,Other
LASALGAON(NIPHAD),2020-10-03,2600.0,Other
LASALGAON(NIPHAD),2020-10-05,2700.0,Other
LASALGAON(NIPHAD),2020-10-06,2500.0,Other
LASALGAON(NIPHAD),2020-10-07,2651.0,Other
LASALGAON(NIPHAD),2020-10-08,3300.0,Other
LASALGAON(NIPHAD),2020-10-09,3600.0,Other
LASALGAON(NIPHAD),2020-10-10,3400.0,Other
LASALGAON(NIPHAD),2020-10-12,3900.0,Other
LASALGAON(NIPHAD),2020-10-13,4100.0,Other
LASALGAON(NIPHAD),2020-10-14,4100.0,Other
LASALGAON(NIPHAD),2020-11-02,5100.0,Other
LASALGAON(NIPHAD),2020-11-03,3800.0,Other
LASALGAON(NIPHAD),2020-11-04,3300.0,Other
LASALGAON(NIPHAD),2020-11-05,3300.0,Other
LASALGAON(NIPHAD),2020-11-06,3200.0,Other
LASALGAON(NIPHAD),2020-11-18,3600.0,Other
LASALGAON(NIPHAD),2020-11-19,4000.0,Other
LASALGAON(NIPHAD),2020-11-20,4100.0,Other
LASALGAON(NIPHAD),2020-11-21,3800.0,Other
LASALGAON(NIPHAD),2020-11-23,3000.0,Other
LASALGAON(NIPHAD),2020-11-24,3200.0,Other
LASALGAON(NIPHAD),2020-11-28,2500.0,Other
LASALGAON(NIPHAD),2020-11-30,2500.0,Other
LASALGAON(NIPHAD),2020-12-01,3249.0,Red
LASALGAON(NIPHAD),2020-12-03,2700.0,Red
LASALGAON(NIPHAD),2020-12-04,2400.0,Red
LASALGAON(NIPHAD),2020-12-05,2300.0,Red
LASALGAON(NIPHAD),2020-12-07,2425.0,Red
LASALGAON(NIPHAD),2020-12-09,2500.0,Other
LASALGAON(NIPHAD),2020-12-10,3000.0,Red
LASALGAON(NIPHAD),2020-12-11,3170.0,Red
LASALGAON(NIPHAD),2020-12-12,3000.0,Red
LASALGAON(NIPHAD),2020-12-15,2700.0,Red
LASALGAON(NIPHAD),2020-12-16,2352.0,Red
LASALGAON(NIPHAD),2020-12-17,2100.0,Red
LASALGAON(NIPHAD),2020-12-18,1800.0,Red
LASALGAON(NIPHAD),2020-12-19,1900.0,Red
LASALGAON(NIPHAD),2020-12-21,1500.0,Red
LASALGAON(NIPHAD),2020-12-22,2000.0,Red
LASALGAON(NIPHAD),2020-12-23,2050.0,Red
LASALGAON(NIPHAD),2020-12-26,2151.0,Red
LASALGAON(NIPHAD),2020-12-29,2300.0,Red
LASALGAON(NIPHAD),2020-12-30,2425.0,Red
LASALGAON(NIPHAD),2020-12-31,2801.0,Red
LASALGAON(NIPHAD),2021-01-01,2500.0,Red
LASALGAON(NIPHAD),2021-01-02,2200.0,Red
LASALGAON(NIPHAD),2021-01-04,2551.0,Red
LASALGAON(NIPHAD),2021-01-05,2700.0,Red
LASALGAON(NIPHAD),2021-01-14,2300.0,Red
LASALGAON(NIPHAD),2021-01-16,2300.0,Red
LASALGAON(NIPHAD),2021-01-19,2750.0,Red
LASALGAON(NIPHAD),2021-01-20,2550.0,Red
LASALGAON(NIPHAD),2021-01-21,2500.0,Red
LASALGAON(NIPHAD),2021-01-22,2400.0,Red
LASALGAON(NIPHAD),2021-01-23,2400.0,Red
LASALGAON(NIPHAD),2021-01-25,2200.0,Red
LASALGAON(NIPHAD),2021-01-27,2300.0,Red
LASALGAON(NIPHAD),2021-01-28,2600.0,Red
LASALGAON(NIPHAD),2021-01-29,2600.0,Red
LASALGAON(NIPHAD),2021-01-30,2800.0,Red
LASALGAON(NIPHAD),2021-02-01,3400.0,Red
LASALGAON(NIPHAD),2021-02-02,3250.0,Red
LASALGAON(NIPHAD),2021-02-03,3350.0,Red
LASALGAON(NIPHAD),2021-02-05,2700.0,Red
LASALGAON(NIPHAD),2021-02-09,3400.0,Red
LASALGAON(NIPHAD),2021-02-10,3600.0,Red
LASALGAON(NIPHAD),2021-02-12,3400.0,Red
LASALGAON(NIPHAD),2021-02-13,3100.0,Red
LASALGAON(NIPHAD),2021-02-15,3251.0,Red
LASALGAON(NIPHAD),2021-02-16,3625.0,Red
LASALGAON(NIPHAD),2021-02-17,3650.0,Red
LASALGAON(NIPHAD),2021-02-18,3651.0,Red
LASALGAON(NIPHAD),2021-02-20,3751.0,Red
LASALGAON(NIPHAD),2021-02-22,3900.0,Red
LASALGAON(NIPHAD),2021-02-23,3800.0,Red
LASALGAON(NIPHAD),2021-02-24,3100.0,Red
LASALGAON(NIPHAD),2021-02-25,2300.0,Red
LASALGAON(NIPHAD),2021-02-26,2251.0,Red
LASALGAON(NIPHAD),2021-02-27,2175.0,Red
LASALGAON(NIPHAD),2021-03-01,2450.0,Red
LASALGAON(NIPHAD),2021-03-02,2551.0,Red
LASALGAON(NIPHAD),2021-03-03,2400.0,Red
LASALGAON(NIPHAD),2021-03-04,2000.0,Red
LASALGAON(NIPHAD),2021-03-05,1650.0,Red
LASALGAON(NIPHAD),2021-03-06,1651.0,Red
LASALGAON(NIPHAD),2021-03-08,1500.0,Red
LASALGAON(NIPHAD),2021-03-09,1225.0,Red
LASALGAON(NIPHAD),2021-03-10,1100.0,Red
LASALGAON(NIPHAD),2021-03-11,1151.0,Red
LASALGAON(NIPHAD),2021-03-12,1300.0,Red
LASALGAON(NIPHAD),2021-03-15,1300.0,Red
LASALGAON(NIPHAD),2021-03-22,951.0,Red
LASALGAON(NIPHAD),2021-03-23,875.0,Red
LASALGAON(NIPHAD),2021-03-24,911.0,Red
LASALGAON(NIPHAD),2021-03-25,857.0,Red
LASALGAON(NIPHAD),2021-03-26,851.0,Red
LASALGAON(NIPHAD),2021-04-01,850.0,Red
LASALGAON(NIPHAD),2021-04-05,750.0,Red
LASALGAON(NIPHAD),2021-04-06,800.0,Red
LASALGAON(NIPHAD),2021-04-08,711.0,Red
LASALGAON(NIPHAD),2021-04-09,700.0,Red
LASALGAON(NIPHAD),2021-04-10,725.0,Red
LASALGAON(NIPHAD),2021-04-12,800.0,Red
LASALGAON(NIPHAD),2021-04-13,751.0,Red
LASALGAON(NIPHAD),2021-04-15,725.0,Red
LASALGAON(NIPHAD),2021-04-16,751.0,Red
LASALGAON(NIPHAD),2021-04-17,900.0,Red
LASALGAON(NIPHAD),2021-04-19,800.0,Red
LASALGAON(NIPHAD),2021-04-20,950.0,Red
LASALGAON(NIPHAD),2021-04-26,1000.0,Red
LASALGAON(NIPHAD),2021-05-03,1000.0,Red
LASALGAON(NIPHAD),2021-05-04,800.0,Red
LASALGAON(NIPHAD),2021-05-05,700.0,Red
LASALGAON(NIPHAD),2021-05-06,651.0,Red
LASALGAON(NIPHAD),2021-05-07,615.0,Red
LASALGAON(NIPHAD),2021-05-08,675.0,Red
LASALGAON(NIPHAD),2021-05-10,650.0,Red
LASALGAON(NIPHAD),2021-05-11,740.0,Red
LASALGAON(NIPHAD),2021-05-24,1400.0,Other
LASALGAON(NIPHAD),2021-05-25,1400.0,Other
LASALGAON(NIPHAD),2021-05-27,1351.0,Other
LASALGAON(NIPHAD),2021-05-31,1600.0,Other
LASALGAON(NIPHAD),2021-06-01,1550.0,Other
LASALGAON(NIPHAD),2021-06-02,1700.0,Other
LASALGAON(NIPHAD),2021-06-03,1700.0,Other
LASALGAON(NIPHAD),2021-06-04,1651.0,Other
LASALGAON(NIPHAD),2021-06-05,1750.0,Other
LASALGAON(NIPHAD),2021-06-07,1700.0,Other
LASALGAON(NIPHAD),2021-06-08,1600.0,Other
LASALGAON(NIPHAD),2021-06-11,1700.0,Other
LASALGAON(NIPHAD),2021-06-12,1700.0,Other
LASALGAON(NIPHAD),2021-06-14,1700.0,Other
LASALGAON(NIPHAD),2021-06-15,1700.0,Other
LASALGAON(NIPHAD),2021-06-16,1751.0,Other
LASALGAON(NIPHAD),2021-06-17,1925.0,Other
LASALGAON(NIPHAD),2021-06-18,1900.0,Other
LASALGAON(NIPHAD),2021-06-19,1900.0,Other
LASALGAON(NIPHAD),2021-06-21,1925.0,Other
LASALGAON(NIPHAD),2021-06-22,1900.0,Other
LASALGAON(NIPHAD),2021-06-23,1775.0,Other
LASALGAON(NIPHAD),2021-06-24,1751.0,Other
LASALGAON(NIPHAD),2021-06-25,1751.0,Other
LASALGAON(NIPHAD),2021-06-26,1751.0,Other
LASALGAON(NIPHAD),2021-06-28,1751.0,Other
LASALGAON(NIPHAD),2021-06-29,1700.0,Other
LASALGAON(NIPHAD),2021-06-30,1700.0,Other
LASALGAON(NIPHAD),2021-07-02,1680.0,Other
LASALGAON(NIPHAD),2021-07-03,1675.0,Other
LASALGAON(NIPHAD),2021-07-05,1725.0,Other
LASALGAON(NIPHAD),2021-07-06,1750.0,Other
LASALGAON(NIPHAD),2021-07-07,1650.0,Other
LASALGAON(NIPHAD),2021-07-08,1650.0,Other
LASALGAON(NIPHAD),2021-07-10,1625.0,Other
LASALGAON(NIPHAD),2021-07-12,1600.0,Other
LASALGAON(NIPHAD),2021-07-13,1551.0,Other
LASALGAON(NIPHAD),2021-07-14,1550.0,Other
LASALGAON(NIPHAD),2021-07-15,1550.0,Other
LASALGAON(NIPHAD),2021-07-16,1550.0,Other
LASALGAON(NIPHAD),2021-07-17,1525.0,Other
LASALGAON(NIPHAD),2021-07-20,1540.0,Other
LASALGAON(NIPHAD),2021-07-21,1551.0,Other
LASALGAON(NIPHAD),2021-07-22,1625.0,Other
LASALGAON(NIPHAD),2021-07-23,1640.0,Other
LASALGAON(NIPHAD),2021-07-24,1750.0,Other
LASALGAON(NIPHAD),2021-07-26,1751.0,Other
LASALGAON(NIPHAD),2021-07-27,1770.0,Other
LASALGAON(NIPHAD),2021-07-28,1750.0,Other
LASALGAON(NIPHAD),2021-07-29,1700.0,Other
LASALGAON(NIPHAD),2021-07-30,1671.0,Other
LASALGAON(NIPHAD),2021-07-31,1651.0,Other
LASALGAON(NIPHAD),2021-08-02,1600.0,Other
LASALGAON(NIPHAD),2021-08-03,1630.0,Other
LASALGAON(NIPHAD),2021-08-05,1640.0,Other
LASALGAON(NIPHAD),2021-08-07,1620.0,Other
LASALGAON(NIPHAD),2021-08-09,1651.0,Other
LASALGAON(NIPHAD),2021-08-10,1651.0,Other
LASALGAON(NIPHAD),2021-08-11,1650.0,Other
LASALGAON(NIPHAD),2021-08-12,1650.0,Other
LASALGAON(NIPHAD),2021-08-16,1750.0,Other
LASALGAON(NIPHAD),2021-08-17,1750.0,Other
LASALGAON(NIPHAD),2021-08-18,1725.0,Other
LASALGAON(NIPHAD),2021-08-19,1680.0,Other
LASALGAON(NIPHAD),2021-08-20,1651.0,Other
LASALGAON(NIPHAD),2021-08-21,1611.0,Other
LASALGAON(NIPHAD),2021-08-23,1625.0,Other
LASALGAON(NIPHAD),2021-08-24,1680.0,Other
LASALGAON(NIPHAD),2021-08-25,1550.0,Other
LASALGAON(NIPHAD),2021-08-26,1451.0,Other
LASALGAON(NIPHAD),2021-08-27,1451.0,Other
LASALGAON(NIPHAD),2021-08-28,1450.0,Other
LASALGAON(NIPHAD),2021-08-30,1461.0,Other
LASALGAON(NIPHAD),2021-08-31,1500.0,Other
LASALGAON(NIPHAD),2021-09-01,1500.0,Other
LASALGAON(NIPHAD),2021-09-02,1480.0,Other
LASALGAON(NIPHAD),2021-09-03,1451.0,Other
LASALGAON(NIPHAD),2021-09-04,1421.0,Other
LASALGAON(NIPHAD),2021-09-07,1475.0,Other
LASALGAON(NIPHAD),2021-09-08,1500.0,Other
LASALGAON(NIPHAD),2021-09-09,1500.0,Other
LASALGAON(NIPHAD),2021-09-10,1500.0,Other
LASALGAON(NIPHAD),2021-09-13,1450.0,Other
LASALGAON(NIPHAD),2021-09-14,1400.0,Other
LASALGAON(NIPHAD),2021-09-16,1400.0,Other
LASALGAON(NIPHAD),2021-09-17,1380.0,Other
LASALGAON(NIPHAD),2021-09-18,1511.0,Other
LASALGAON(NIPHAD),2021-09-20,1751.0,Other
LASALGAON(NIPHAD),2021-09-21,1751.0,Other
LASALGAON(NIPHAD),2021-09-22,1871.0,Other
LASALGAON(NIPHAD),2021-09-23,2025.0,Other
LASALGAON(NIPHAD),2021-09-24,2100.0,Other
LASALGAON(NIPHAD),2021-09-25,1850.0,Other
LASALGAON(NIPHAD),2021-09-27,1850.0,Other
LASALGAON(NIPHAD),2021-09-28,2000.0,Other
LASALGAON(NIPHAD),2021-09-29,2150.0,Other
LASALGAON(NIPHAD),2021-09-30,2350.0,Other
LASALGAON(NIPHAD),2021-10-01,2400.0,Other
LASALGAON(NIPHAD),2021-10-02,2850.0,Other
LASALGAON(NIPHAD),2021-10-04,3250.0,Other
LASALGAON(NIPHAD),2021-10-07,3275.0,Other
LASALGAON(NIPHAD),2021-10-08,3300.0,Other
LASALGAON(NIPHAD),2021-10-09,3450.0,Other
LASALGAON(NIPHAD),2021-10-12,3800.0,Other
LASALGAON(NIPHAD),2021-10-13,3500.0,Other
LASALGAON(NIPHAD),2021-10-14,3251.0,Other
LASALGAON(NIPHAD),2021-10-16,3350.0,Other
LASALGAON(NIPHAD),2021-10-18,3100.0,Other
LASALGAON(NIPHAD),2021-10-20,2800.0,Other
LASALGAON(NIPHAD),2021-10-21,2500.0,Other
LASALGAON(NIPHAD),2021-10-22,2552.0,Other
LASALGAON(NIPHAD),2021-10-23,2800.0,Other
LASALGAON(NIPHAD),2021-10-25,3000.0,Other
LASALGAON(NIPHAD),2021-10-26,2750.0,Other
LASALGAON(NIPHAD),2021-10-27,2425.0,Other
LASALGAON(NIPHAD),2021-10-28,2400.0,Other
LASALGAON(NIPHAD),2021-11-11,2650.0,Other
LASALGAON(NIPHAD),2021-11-12,2200.0,Other
LASALGAON(NIPHAD),2021-11-13,2000.0,Other
LASALGAON(NIPHAD),2021-11-15,2000.0,Other
LASALGAON(NIPHAD),2021-11-16,1900.0,Other
LASALGAON(NIPHAD),2021-11-17,1900.0,Other
LASALGAON(NIPHAD),2021-11-20,1900.0,Other
LASALGAON(NIPHAD),2021-11-22,2300.0,Other
LASALGAON(NIPHAD),2021-11-23,2200.0,Other
LASALGAON(NIPHAD),2021-11-24,1950.0,Other
LASALGAON(NIPHAD),2021-11-25,1750.0,Other
LASALGAON(NIPHAD),2021-11-26,1700.0,Other
LASALGAON(NIPHAD),2021-11-27,1700.0,Other
LASALGAON(NIPHAD),2021-11-29,1500.0,Other
LASALGAON(NIPHAD),2021-11-30,1400.0,Other
LASALGAON(NIPHAD),2021-12-01,1501.0,Other
LASALGAON(NIPHAD),2021-12-02,2200.0,Other
LASALGAON(NIPHAD),2021-12-03,2451.0,Other
LASALGAON(NIPHAD),2021-12-06,1350.0,Red
LASALGAON(NIPHAD),2021-12-07,1900.0,Other
LASALGAON(NIPHAD),2021-12-08,2200.0,Other
LASALGAON(NIPHAD),2021-12-09,2600.0,Other
LASALGAON(NIPHAD),2021-12-10,2900.0,Other
LASALGAON(NIPHAD),2021-12-11,2700.0,Other
LASALGAON(NIPHAD),2021-12-13,2700.0,Other
LASALGAON(NIPHAD),2021-12-14,2800.0,Other
LASALGAON(NIPHAD),2021-12-15,1771.0,Red
LASALGAON(NIPHAD),2021-12-16,1400.0,Red
LASALGAON(NIPHAD),2021-12-17,1600.0,Red
LASALGAON(NIPHAD),2021-12-18,1641.0,Red
LASALGAON(NIPHAD),2021-12-20,1900.0,Red
LASALGAON(NIPHAD),2021-12-22,1900.0,Red
LASALGAON(NIPHAD),2021-12-23,1961.0,Red
LASALGAON(NIPHAD),2021-12-24,1900.0,Red
LASALGAON(NIPHAD),2021-12-25,1931.0,Red
LASALGAON(NIPHAD),2021-12-27,1800.0,Red
LASALGAON(NIPHAD),2021-12-28,1800.0,Red
LASALGAON(NIPHAD),2021-12-29,1900.0,Red
LASALGAON(NIPHAD),2021-12-30,1900.0,Red
LASALGAON(NIPHAD),2021-12-31,1901.0,Red
LASALGAON(NIPHAD),2022-01-01,1900.0,Red
LASALGAON(NIPHAD),2022-01-03,2211.0,Red
LASALGAON(NIPHAD),2022-01-04,2250.0,Red
LASALGAON(NIPHAD),2022-01-05,2140.0,Red
LASALGAON(NIPHAD),2022-01-06,2200.0,Red
LASALGAON(NIPHAD),2022-01-07,2251.0,Red
LASALGAON(NIPHAD),2022-01-08,2151.0,Red
LASALGAON(NIPHAD),2022-01-10,2000.0,Red
LASALGAON(NIPHAD),2022-01-11,2000.0,Red
LASALGAON(NIPHAD),2022-01-12,1900.0,Red
LASALGAON(NIPHAD),2022-01-13,1850.0,Red
LASALGAON(NIPHAD),2022-01-14,1950.0,Red
LASALGAON(NIPHAD),2022-01-15,1925.0,Red
LASALGAON(NIPHAD),2022-01-17,1900.0,Red
LASALGAON(NIPHAD),2022-01-18,2100.0,Red
LASALGAON(NIPHAD),2022-01-19,2100.0,Red
LASALGAON(NIPHAD),2022-01-20,2151.0,Red
LASALGAON(NIPHAD),2022-01-21,2300.0,Red
LASALGAON(NIPHAD),2022-01-22,2200.0,Red
LASALGAON(NIPHAD),2022-01-24,2200.0,Red
LASALGAON(NIPHAD),2022-01-25,2250.0,Red
LASALGAON(NIPHAD),2022-01-27,2050.0,Red
LASALGAON(NIPHAD),2022-01-28,2000.0,Red
LASALGAON(NIPHAD),2022-01-29,2000.0,Red
LASALGAON(NIPHAD),2022-02-01,2100.0,Red
LASALGAON(NIPHAD),2022-02-02,2125.0,Red
LASALGAON(NIPHAD),2022-02-03,2150.0,Red
LASALGAON(NIPHAD),2022-02-04,2175.0,Red
LASALGAON(NIPHAD),2022-02-05,2200.0,Red
LASALGAON(NIPHAD),2022-02-07,2151.0,Red
LASALGAON(NIPHAD),2022-02-08,2200.0,Red
LASALGAON(NIPHAD),2022-02-09,2251.0,Red
LASALGAON(NIPHAD),2022-02-10,2525.0,Red
LASALGAON(NIPHAD),2022-02-11,2600.0,Red
LASALGAON(NIPHAD),2022-02-12,2600.0,Red
LASALGAON(NIPHAD),2022-02-14,2300.0,Red
LASALGAON(NIPHAD),2022-02-15,2200.0,Red
LASALGAON(NIPHAD),2022-02-16,2200.0,Red
LASALGAON(NIPHAD),2022-02-17,2350.0,Red
LASALGAON(NIPHAD),2022-02-18,2450.0,Red
LASALGAON(NIPHAD),2022-02-19,2400.0,Red
LASALGAON(NIPHAD),2022-02-21,2300.0,Red
LASALGAON(NIPHAD),2022-02-22,2350.0,Red
LASALGAON(NIPHAD),2022-02-23,2300.0,Red
LASALGAON(NIPHAD),2022-02-24,2050.0,Red
LASALGAON(NIPHAD),2022-02-25,2050.0,Red
LASALGAON(NIPHAD),2022-02-26,2100.0,Red
LASALGAON(NIPHAD),2022-02-28,1800.0,Red
LASALGAON(NIPHAD),2022-03-01,1700.0,Red
LASALGAON(NIPHAD),2022-03-03,1625.0,Red
LASALGAON(NIPHAD),2022-03-04,1611.0,Red
LASALGAON(NIPHAD),2022-03-05,1500.0,Red
LASALGAON(NIPHAD),2022-03-07,1200.0,Red
LASALGAON(NIPHAD),2022-03-08,1251.0,Red
LASALGAON(NIPHAD),2022-03-09,1400.0,Red
LASALGAON(NIPHAD),2022-03-10,1300.0,Red
LASALGAON(NIPHAD),2022-03-11,1251.0,Red
LASALGAON(NIPHAD),2022-03-12,1150.0,Red
LASALGAON(NIPHAD),2022-03-14,1100.0,Red
LASALGAON(NIPHAD),2022-03-15,1100.0,Red
LASALGAON(NIPHAD),2022-03-16,1100.0,Red
LASALGAON(NIPHAD),2022-03-17,1100.0,Red
LASALGAON(NIPHAD),2022-03-19,851.0,Red
LASALGAON(NIPHAD),2022-03-21,700.0,Red
LASALGAON(NIPHAD),2022-03-22,751.0,Red
LASALGAON(NIPHAD),2022-03-23,700.0,Red
LASALGAON(NIPHAD),2022-03-24,751.0,Red
LASALGAON(NIPHAD),2022-03-25,750.0,Red
LASALGAON(NIPHAD),2022-03-26,750.0,Red
LASALGAON(NIPHAD),2022-03-28,730.0,Red
LASALGAON(NIPHAD),2022-03-29,750.0,Red
LASALGAON(NIPHAD),2022-04-07,750.0,Red
LASALGAON(NIPHAD),2022-04-08,640.0,Red
LASALGAON(NIPHAD),2022-04-09,700.0,Red
LASALGAON(NIPHAD),2022-04-15,640.0,Red
LASALGAON(NIPHAD),2022-04-18,650.0,Red
LASALGAON(NIPHAD),2022-04-19,726.0,Red
LASALGAON(NIPHAD),2022-04-20,700.0,Red
LASALGAON(NIPHAD),2022-04-21,635.0,Red
LASALGAON(NIPHAD),2022-04-22,700.0,Red
LASALGAON(NIPHAD),2022-04-23,900.0,Other
LASALGAON(NIPHAD),2022-04-25,900.0,Other
LASALGAON(NIPHAD),2022-04-28,800.0,Other
LASALGAON(NIPHAD),2022-04-29,800.0,Other
LASALGAON(NIPHAD),2022-05-02,780.0,Other
LASALGAON(NIPHAD),2022-05-07,800.0,Other
LASALGAON(NIPHAD),2022-05-09,725.0,Other
LASALGAON(NIPHAD),2022-05-14,750.0,Other
LASALGAON(NIPHAD),2022-05-17,700.0,Other
LASALGAON(NIPHAD),2022-05-18,700.0,Other
LASALGAON(NIPHAD),2022-05-19,721.0,Other
LASALGAON(NIPHAD),2022-05-20,700.0,Other
LASALGAON(NIPHAD),2022-05-21,750.0,Other
LASALGAON(NIPHAD),2022-05-23,800.0,Other
LASALGAON(NIPHAD),2022-05-24,821.0,Other
LASALGAON(NIPHAD),2022-05-25,811.0,Other
LASALGAON(NIPHAD),2022-05-26,850.0,Other
LASALGAON(NIPHAD),2022-05-27,950.0,Other
LASALGAON(NIPHAD),2022-05-28,925.0,Other
LASALGAON(NIPHAD),2022-05-30,951.0,Other
LASALGAON(NIPHAD),2022-05-31,1001.0,Other
LASALGAON(NIPHAD),2022-06-01,1071.0,Other
LASALGAON(NIPHAD),2022-06-04,1120.0,Other
LASALGAON(NIPHAD),2022-06-06,1200.0,Other
LASALGAON(NIPHAD),2022-06-07,1200.0,Other
LASALGAON(NIPHAD),2022-06-08,1200.0,Other
LASALGAON(NIPHAD),2022-06-09,1200.0,Other
LASALGAON(NIPHAD),2022-06-10,1170.0,Other
LASALGAON(NIPHAD),2022-06-11,1251.0,Other
LASALGAON(NIPHAD),2022-06-13,1300.0,Other
LASALGAON(NIPHAD),2022-06-14,1221.0,Other
LASALGAON(NIPHAD),2022-06-15,1225.0,Other
LASALGAON(NIPHAD),2022-06-16,1200.0,Other
LASALGAON(NIPHAD),2022-06-17,1200.0,Other
LASALGAON(NIPHAD),2022-06-18,1200.0,Other
LASALGAON(NIPHAD),2022-06-20,1160.0,Other
LASALGAON(NIPHAD),2022-06-21,1170.0,Other
LASALGAON(NIPHAD),2022-06-22,1300.0,Other
LASALGAON(NIPHAD),2022-06-23,1325.0,Other
LASALGAON(NIPHAD),2022-06-24,1300.0,Other
LASALGAON(NIPHAD),2022-06-25,1300.0,Other
LASALGAON(NIPHAD),2022-06-27,1251.0,Other
LASALGAON(NIPHAD),2022-06-28,1225.0,Other
LASALGAON(NIPHAD),2022-06-29,1171.0,Other
LASALGAON(NIPHAD),2022-06-30,1171.0,Other
LASALGAON(NIPHAD),2022-07-01,1171.0,Other
LASALGAON(NIPHAD),2022-07-02,1220.0,Other
LASALGAON(NIPHAD),2022-07-04,1170.0,Other
LASALGAON(NIPHAD),2022-07-05,1200.0,Other
LASALGAON(NIPHAD),2022-07-06,1231.0,Other
LASALGAON(NIPHAD),2022-07-07,1270.0,Other
LASALGAON(NIPHAD),2022-07-08,1240.0,Other
LASALGAON(NIPHAD),2022-07-09,1225.0,Other
LASALGAON(NIPHAD),2022-07-11,1181.0,Other
LASALGAON(NIPHAD),2022-07-13,1200.0,Other
LASALGAON(NIPHAD),2022-07-14,1200.0,Other
LASALGAON(NIPHAD),2022-07-15,1150.0,Other
LASALGAON(NIPHAD),2022-07-19,1130.0,Other
LASALGAON(NIPHAD),2022-07-20,1100.0,Other
LASALGAON(NIPHAD),2022-07-21,1070.0,Other
LASALGAON(NIPHAD),2022-07-22,940.0,Other
LASALGAON(NIPHAD),2022-07-25,970.0,Other
LASALGAON(NIPHAD),2022-07-26,970.0,Other
LASALGAON(NIPHAD),2022-07-27,950.0,Other
LASALGAON(NIPHAD),2022-07-28,1000.0,Other
LASALGAON(NIPHAD),2022-07-29,1051.0,Other
LASALGAON(NIPHAD),2022-08-02,1050.0,Other
LASALGAON(NIPHAD),2022-08-03,1070.0,Other
LASALGAON(NIPHAD),2022-08-04,1051.0,Other
LASALGAON(NIPHAD),2022-08-05,1040.0,Other
LASALGAON(NIPHAD),2022-08-06,1020.0,Other
LASALGAON(NIPHAD),2022-08-08,1070.0,Other
LASALGAON(NIPHAD),2022-08-09,1050.0,Other
LASALGAON(NIPHAD),2022-08-10,1031.0,Other
LASALGAON(NIPHAD),2022-08-11,1000.0,Other
LASALGAON(NIPHAD),2022-08-12,1000.0,Other
LASALGAON(NIPHAD),2022-08-13,1051.0,Other
LASALGAON(NIPHAD),2022-08-17,1150.0,Other
LASALGAON(NIPHAD),2022-08-18,1180.0,Other
LASALGAON(NIPHAD),2022-08-19,1200.0,Other
LASALGAON(NIPHAD),2022-08-22,1070.0,Other
LASALGAON(NIPHAD),2022-08-23,1125.0,Other
LASALGAON(NIPHAD),2022-08-24,1140.0,Other
LASALGAON(NIPHAD),2022-08-25,1100.0,Other
LASALGAON(NIPHAD),2022-08-27,1100.0,Other
LASALGAON(NIPHAD),2022-08-30,1070.0,Other
LASALGAON(NIPHAD),2022-09-01,1100.0,Other
LASALGAON(NIPHAD),2022-09-02,1070.0,Other
LASALGAON(NIPHAD),2022-09-03,1100.0,Other
LASALGAON(NIPHAD),2022-09-06,1100.0,Other
LASALGAON(NIPHAD),2022-09-07,1100.0,Other
LASALGAON(NIPHAD),2022-09-08,1050.0,Other
LASALGAON(NIPHAD),2022-09-09,980.0,Other
LASALGAON(NIPHAD),2022-09-14,1050.0,Other
LASALGAON(NIPHAD),2022-09-17,970.0,Other
LASALGAON(NIPHAD),2022-09-21,1041.0,Other
LASALGAON(NIPHAD),2022-09-22,1000.0,Other
LASALGAON(NIPHAD),2022-09-23,980.0,Other
LASALGAON(NIPHAD),2022-09-24,1001.0,Other
LASALGAON(NIPHAD),2022-09-27,1070.0,Other
LASALGAON(NIPHAD),2022-09-28,1200.0,Other
LASALGAON(NIPHAD),2022-09-29,1351.0,Other
LASALGAON(NIPHAD),2022-09-30,1461.0,Other
LASALGAON(NIPHAD),2022-10-04,1351.0,Other
LASALGAON(NIPHAD),2022-10-05,1351.0,Other
LASALGAON(NIPHAD),2022-10-06,1500.0,Other
LASALGAON(NIPHAD),2022-10-07,1650.0,Other
LASALGAON(NIPHAD),2022-10-08,1650.0,Other
LASALGAON(NIPHAD),2022-10-11,1971.0,Other
LASALGAON(NIPHAD),2022-10-12,1900.0,Other
LASALGAON(NIPHAD),2022-10-13,2000.0,Other
LASALGAON(NIPHAD),2022-10-14,1940.0,Other
LASALGAON(NIPHAD),2022-10-17,1971.0,Other
LASALGAON(NIPHAD),2022-10-18,2000.0,Other
LASALGAON(NIPHAD),2022-10-19,1900.0,Other
LASALGAON(NIPHAD),2022-10-20,1800.0,Other
LASALGAON(NIPHAD),2022-10-21,1771.0,Other
LASALGAON(NIPHAD),2022-11-01,2421.0,Other
LASALGAON(NIPHAD),2022-11-02,2451.0,Other
LASALGAON(NIPHAD),2022-11-03,2351.0,Other
LASALGAON(NIPHAD),2022-11-04,2451.0,Other
LASALGAON(NIPHAD),2022-11-05,2400.0,Other
LASALGAON(NIPHAD),2022-11-07,2200.0,Other
LASALGAON(NIPHAD),2022-11-09,1951.0,Other
LASALGAON(NIPHAD),2022-11-10,1800.0,Other
LASALGAON(NIPHAD),2022-11-11,1900.0,Other
LASALGAON(NIPHAD),2022-11-16,1500.0,Other
LASALGAON(NIPHAD),2022-11-17,1400.0,Other
LASALGAON(NIPHAD),2022-11-18,1155.0,Other
LASALGAON(NIPHAD),2022-11-23,1100.0,Other
LASALGAON(NIPHAD),2022-11-26,1100.0,Other
LASALGAON(NIPHAD),2022-11-29,1051.0,Other
LASALGAON(NIPHAD),2022-11-30,1100.0,Other
LASALGAON(NIPHAD),2022-12-01,1000.0,Other
LASALGAON(NIPHAD),2022-12-02,1000.0,Other
LASALGAON(NIPHAD),2022-12-07,940.0,Other
LASALGAON(NIPHAD),2022-12-08,910.0,Other
LASALGAON(NIPHAD),2022-12-09,1100.0,Other
LASALGAON(NIPHAD),2022-12-10,1050.0,Other
LASALGAON(NIPHAD),2022-12-12,1051.0,Other
LASALGAON(NIPHAD),2022-12-13,1010.0,Other
LASALGAON(NIPHAD),2022-12-14,1000.0,Other
LASALGAON(NIPHAD),2022-12-15,951.0,Other
LASALGAON(NIPHAD),2022-12-16,911.0,Other
LASALGAON(NIPHAD),2022-12-17,1600.0,Red
LASALGAON(NIPHAD),2022-12-19,1100.0,Other
LASALGAON(NIPHAD),2022-12-20,1600.0,Red
LASALGAON(NIPHAD),2022-12-21,1500.0,Other
LASALGAON(NIPHAD),2022-12-23,1451.0,Other
LASALGAON(NIPHAD),2022-12-24,1452.0,Red
LASALGAON(NIPHAD),2022-12-26,1431.0,Other
LASALGAON(NIPHAD),2022-12-28,1800.0,Red
LASALGAON(NIPHAD),2022-12-29,1630.0,Red
LASALGAON(NIPHAD),2022-12-30,1600.0,Red
LASALGAON(NIPHAD),2022-12-31,1500.0,Red
LASALGAON(NIPHAD),2023-01-02,1525.0,Red
LASALGAON(NIPHAD),2023-01-04,1470.0,Red
LASALGAON(NIPHAD),2023-01-07,1450.0,Red
LASALGAON(NIPHAD),2023-01-10,1451.0,Red
LASALGAON(NIPHAD),2023-01-11,1370.0,Red
LASALGAON(NIPHAD),2023-01-12,1351.0,Red
LASALGAON(NIPHAD),2023-01-14,1251.0,Red
LASALGAON(NIPHAD),2023-01-17,1225.0,Red
LASALGAON(NIPHAD),2023-01-21,1350.0,Red
LASALGAON(NIPHAD),2023-01-23,1300.0,Red
LASALGAON(NIPHAD),2023-01-24,1271.0,Red
LASALGAON(NIPHAD),2023-01-25,1271.0,Red
LASALGAON(NIPHAD),2023-01-27,1150.0,Red
LASALGAON(NIPHAD),2023-01-28,1171.0,Red
LASALGAON(NIPHAD),2023-01-30,1070.0,Red
LASALGAON(NIPHAD),2023-01-31,1090.0,Red
LASALGAON(NIPHAD),2023-02-02,1100.0,Red
LASALGAON(NIPHAD),2023-02-03,1100.0,Red
LASALGAON(NIPHAD),2023-02-04,1061.0,Red
LASALGAON(NIPHAD),2023-02-06,1050.0,Red
LASALGAON(NIPHAD),2023-02-07,1051.0,Red
LASALGAON(NIPHAD),2023-02-08,1050.0,Red
LASALGAON(NIPHAD),2023-02-09,980.0,Red
LASALGAON(NIPHAD),2023-02-10,900.0,Red
LASALGAON(NIPHAD),2023-02-11,851.0,Red
LASALGAON(NIPHAD),2023-02-13,750.0,Red
LASALGAON(NIPHAD),2023-02-14,700.0,Red
LASALGAON(NIPHAD),2023-02-15,750.0,Red
LASALGAON(NIPHAD),2023-02-16,700.0,Red
LASALGAON(NIPHAD),2023-02-17,620.0,Red
LASALGAON(NIPHAD),2023-02-18,621.0,Red
LASALGAON(NIPHAD),2023-02-20,650.0,Red
LASALGAON(NIPHAD),2023-02-21,621.0,Red
LASALGAON(NIPHAD),2023-02-22,510.0,Red
LASALGAON(NIPHAD),2023-02-23,500.0,Red
LASALGAON(NIPHAD),2023-02-24,500.0,Red
LASALGAON(NIPHAD),2023-02-25,551.0,Red
LASALGAON(NIPHAD),2023-02-27,600.0,Red
LASALGAON(NIPHAD),2023-02-28,630.0,Red
LASALGAON(NIPHAD),2023-03-01,751.0,Red
LASALGAON(NIPHAD),2023-03-02,750.0,Red
LASALGAON(NIPHAD),2023-03-03,750.0,Red
LASALGAON(NIPHAD),2023-03-04,750.0,Red
LASALGAON(NIPHAD),2023-03-06,750.0,Red
LASALGAON(NIPHAD),2023-03-07,800.0,Red
LASALGAON(NIPHAD),2023-03-08,850.0,Red
LASALGAON(NIPHAD),2023-03-09,820.0,Red
LASALGAON(NIPHAD),2023-03-10,800.0,Red
LASALGAON(NIPHAD),2023-03-11,850.0,Red
LASALGAON(NIPHAD),2023-03-13,800.0,Red
LASALGAON(NIPHAD),2023-03-14,800.0,Red
LASALGAON(NIPHAD),2023-03-15,800.0,Red
LASALGAON(NIPHAD),2023-03-16,850.0,Red
LASALGAON(NIPHAD),2023-03-17,780.0,Red
LASALGAON(NIPHAD),2023-03-18,781.0,Red
LASALGAON(NIPHAD),2023-03-20,750.0,Red
LASALGAON(NIPHAD),2023-03-21,721.0,Red
LASALGAON(NIPHAD),2023-03-22,671.0,Red
LASALGAON(NIPHAD),2023-03-23,675.0,Red
LASALGAON(NIPHAD),2023-03-24,700.0,Red
LASALGAON(NIPHAD),2023-03-27,800.0,Red
LASALGAON(NIPHAD),2023-03-28,700.0,Red
LASALGAON(NIPHAD),2023-03-29,671.0,Red
LASALGAON(NIPHAD),2023-04-06,500.0,Red
LASALGAON(NIPHAD),2023-04-08,571.0,Red
LASALGAON(NIPHAD),2023-04-10,621.0,Red
LASALGAON(NIPHAD),2023-04-11,581.0,Red
LASALGAON(NIPHAD),2023-04-12,590.0,Red
LASALGAON(NIPHAD),2023-04-13,590.0,Red
LASALGAON(NIPHAD),2023-04-14,602.0,Red
LASALGAON(NIPHAD),2023-04-15,581.0,Red
LASALGAON(NIPHAD),2023-04-17,441.0,Red
LASALGAON(NIPHAD),2023-04-18,700.0,Other
LASALGAON(NIPHAD),2023-04-19,650.0,Other
LASALGAON(NIPHAD),2023-04-20,640.0,Other
LASALGAON(NIPHAD),2023-04-21,671.0,Other
LASALGAON(NIPHAD),2023-04-22,691.0,Other
LASALGAON(NIPHAD),2023-04-24,670.0,Other
LASALGAON(NIPHAD),2023-04-25,600.0,Other
LASALGAON(NIPHAD),2023-04-26,611.0,Other
LASALGAON(NIPHAD),2023-04-27,630.0,Other
LASALGAON(NIPHAD),2023-05-02,700.0,Other
LASALGAON(NIPHAD),2023-05-03,700.0,Other
LASALGAON(NIPHAD),2023-05-04,675.0,Other
LASALGAON(NIPHAD),2023-05-05,700.0,Other
LASALGAON(NIPHAD),2023-05-06,711.0,Other
LASALGAON(NIPHAD),2023-05-08,650.0,Other
LASALGAON(NIPHAD),2023-05-09,650.0,Other
LASALGAON(NIPHAD),2023-05-10,600.0,Other
LASALGAON(NIPHAD),2023-05-11,600.0,Other
LASALGAON(NIPHAD),2023-05-12,641.0,Other
LASALGAON(NIPHAD),2023-05-13,651.0,Other
LASALGAON(NIPHAD),2023-05-15,650.0,Other
LASALGAON(NIPHAD),2023-05-16,560.0,Other
LASALGAON(NIPHAD),2023-05-17,550.0,Other
LASALGAON(NIPHAD),2023-05-18,561.0,Other
LASALGAON(NIPHAD),2023-05-19,601.0,Other
LASALGAON(NIPHAD),2023-05-20,500.0,Other
LASALGAON(NIPHAD),2023-05-22,525.0,Other
LASALGAON(NIPHAD),2023-05-23,550.0,Other
LASALGAON(NIPHAD),2023-05-24,541.0,Other
LASALGAON(NIPHAD),2023-05-25,551.0,Other
LASALGAON(NIPHAD),2023-05-26,600.0,Other
LASALGAON(NIPHAD),2023-05-27,620.0,Other
LASALGAON(NIPHAD),2023-05-29,651.0,Other
LASALGAON(NIPHAD),2023-05-30,700.0,Other
LASALGAON(NIPHAD),2023-05-31,640.0,Other
LASALGAON(NIPHAD),2023-06-01,651.0,Other
LASALGAON(NIPHAD),2023-06-02,700.0,Other
LASALGAON(NIPHAD),2023-06-03,700.0,Other
LASALGAON(NIPHAD),2023-06-05,811.0,Other
LASALGAON(NIPHAD),2023-06-06,825.0,Other
LASALGAON(NIPHAD),2023-06-07,751.0,Other
LASALGAON(NIPHAD),2023-06-08,700.0,Other
LASALGAON(NIPHAD),2023-06-09,700.0,Other
LASALGAON(NIPHAD),2023-06-10,700.0,Other
LASALGAON(NIPHAD),2023-06-12,751.0,Other
LASALGAON(NIPHAD),2023-06-13,811.0,Other
LASALGAON(NIPHAD),2023-06-14,751.0,Other
LASALGAON(NIPHAD),2023-06-15,751.0,Other
LASALGAON(NIPHAD),2023-06-16,700.0,Other
LASALGAON(NIPHAD),2023-06-17,751.0,Other
LASALGAON(NIPHAD),2023-06-19,700.0,Other
LASALGAON(NIPHAD),2023-06-20,751.0,Other
LASALGAON(NIPHAD),2023-06-21,780.0,Other
LASALGAON(NIPHAD),2023-06-22,750.0,Other
LASALGAON(NIPHAD),2023-06-23,851.0,Other
LASALGAON(NIPHAD),2023-06-24,952.0,Other
LASALGAON(NIPHAD),2023-06-26,1051.0,Other
LASALGAON(NIPHAD),2023-06-27,1200.0,Other
LASALGAON(NIPHAD),2023-06-28,1250.0,Other
LASALGAON(NIPHAD),2023-06-29,1251.0,Other
LASALGAON(NIPHAD),2023-06-30,1271.0,Other
LASALGAON(NIPHAD),2023-07-01,1300.0,Other
LASALGAON(NIPHAD),2023-07-03,1350.0,Other
LASALGAON(NIPHAD),2023-07-04,1300.0,Other
LASALGAON(NIPHAD),2023-07-05,1250.0,Other
LASALGAON(NIPHAD),2023-07-06,1250.0,Other
LASALGAON(NIPHAD),2023-07-07,1150.0,Other
LASALGAON(NIPHAD),2023-07-08,1150.0,Other
LASALGAON(NIPHAD),2023-07-10,1200.0,Other
LASALGAON(NIPHAD),2023-07-11,1200.0,Other
LASALGAON(NIPHAD),2023-07-12,1200.0,Other
LASALGAON(NIPHAD),2023-07-13,1170.0,Other
LASALGAON(NIPHAD),2023-07-14,1150.0,Other
LASALGAON(NIPHAD),2023-07-17,1325.0,Other
LASALGAON(NIPHAD),2023-07-18,1300.0,Other
LASALGAON(NIPHAD),2023-07-20,1200.0,Other
LASALGAON(NIPHAD),2023-07-21,1100.0,Other
LASALGAON(NIPHAD),2023-07-22,1100.0,Other
LASALGAON(NIPHAD),2023-07-24,1151.0,Other
LASALGAON(NIPHAD),2023-07-25,1151.0,Other
LASALGAON(NIPHAD),2023-07-26,1200.0,Other
LASALGAON(NIPHAD),2023-07-27,1200.0,Other
LASALGAON(NIPHAD),2023-07-28,1151.0,Other
LASALGAON(NIPHAD),2023-07-29,1150.0,Other
LASALGAON(NIPHAD),2023-07-31,1250.0,Other
LASALGAON(NIPHAD),2023-08-01,1200.0,Other
LASALGAON(NIPHAD),2023-08-02,1270.0,Other
LASALGAON(NIPHAD),2023-08-03,1350.0,Other
LASALGAON(NIPHAD),2023-08-04,1600.0,Other
LASALGAON(NIPHAD),2023-08-05,1550.0,Other
LASALGAON(NIPHAD),2023-08-07,1811.0,Other
LASALGAON(NIPHAD),2023-08-08,1751.0,Other
LASALGAON(NIPHAD),2023-08-09,1800.0,Other
LASALGAON(NIPHAD),2023-08-10,2051.0,Other
LASALGAON(NIPHAD),2023-08-11,2150.0,Other
LASALGAON(NIPHAD),2023-08-12,2170.0,Other
LASALGAON(NIPHAD),2023-08-14,2250.0,Other
LASALGAON(NIPHAD),2023-08-17,2250.0,Other
LASALGAON(NIPHAD),2023-08-18,2100.0,Other
LASALGAON(NIPHAD),2023-08-19,2050.0,Other
LASALGAON(NIPHAD),2023-08-23,2000.0,Other
LASALGAON(NIPHAD),2023-08-24,2050.0,Other
LASALGAON(NIPHAD),2023-08-25,2000.0,Other
LASALGAON(NIPHAD),2023-08-26,2050.0,Other
LASALGAON(NIPHAD),2023-08-28,2000.0,Other
LASALGAON(NIPHAD),2023-08-29,2000.0,Other
LASALGAON(NIPHAD),2023-08-31,2100.0,Other
LASALGAON(NIPHAD),2023-09-01,2100.0,Other
LASALGAON(NIPHAD),2023-09-02,2151.0,Other
LASALGAON(NIPHAD),2023-09-04,2100.0,Other
LASALGAON(NIPHAD),2023-09-05,2200.0,Other
LASALGAON(NIPHAD),2023-09-06,1950.0,Other
LASALGAON(NIPHAD),2023-09-08,2000.0,Other
LASALGAON(NIPHAD),2023-09-09,1950.0,Other
LASALGAON(NIPHAD),2023-09-11,1850.0,Other
LASALGAON(NIPHAD),2023-09-12,1850.0,Other
LASALGAON(NIPHAD),2023-09-13,1750.0,Other
LASALGAON(NIPHAD),2023-09-15,1900.0,Other
LASALGAON(NIPHAD),2023-09-16,1850.0,Other
LASALGAON(NIPHAD),2023-09-18,2000.0,Other
LASALGAON(NIPHAD),2023-09-19,2050.0,Other
LASALGAON(NIPHAD),2023-10-02,2051.0,Other
LASALGAON(NIPHAD),2023-10-03,2000.0,Other
LASALGAON(NIPHAD),2023-10-04,2050.0,Other
LASALGAON(NIPHAD),2023-10-05,2150.0,Other
LASALGAON(NIPHAD),2023-10-06,2250.0,Other
LASALGAON(NIPHAD),2023-10-07,2300.0,Other
LASALGAON(NIPHAD),2023-10-09,2300.0,Other
LASALGAON(NIPHAD),2023-10-10,2350.0,Other
LASALGAON(NIPHAD),2023-10-11,2325.0,Other
LASALGAON(NIPHAD),2023-10-12,2121.0,Red
LASALGAON(NIPHAD),2023-10-13,2350.0,Other
LASALGAON(NIPHAD),2023-10-14,2440.0,Other
LASALGAON(NIPHAD),2023-10-16,2750.0,Other
LASALGAON(NIPHAD),2023-10-17,3100.0,Other
LASALGAON(NIPHAD),2023-10-18,3400.0,Other
LASALGAON(NIPHAD),2023-10-19,3300.0,Other
LASALGAON(NIPHAD),2023-10-20,3200.0,Other
LASALGAON(NIPHAD),2023-10-21,3200.0,Other
LASALGAON(NIPHAD),2023-10-23,3800.0,Other
LASALGAON(NIPHAD),2023-10-24,5100.0,Red
LASALGAON(NIPHAD),2023-10-25,3900.0,Red
LASALGAON(NIPHAD),2023-10-26,4500.0,Other
LASALGAON(NIPHAD),2023-10-27,4900.0,Other
LASALGAON(NIPHAD),2023-10-28,4700.0,Other
LASALGAON(NIPHAD),2023-10-30,4550.0,Other
LASALGAON(NIPHAD),2023-10-31,3100.0,Red
LASALGAON(NIPHAD),2023-11-01,4000.0,Other
LASALGAON(NIPHAD),2023-11-02,3800.0,Other
LASALGAON(NIPHAD),2023-11-03,3600.0,Other
LASALGAON(NIPHAD),2023-11-04,3400.0,Other
LASALGAON(NIPHAD),2023-11-06,3300.0,Other
LASALGAON(NIPHAD),2023-11-07,3250.0,Other
LASALGAON(NIPHAD),2023-11-08,3499.0,Red
LASALGAON(NIPHAD),2023-11-16,3501.0,Red
LASALGAON(NIPHAD),2023-11-17,3641.0,Red
LASALGAON(NIPHAD),2023-11-18,3351.0,Red
LASALGAON(NIPHAD),2023-11-20,3960.0,Red
LASALGAON(NIPHAD),2023-11-21,3871.0,Red
LASALGAON(NIPHAD),2023-11-22,3600.0,Red
LASALGAON(NIPHAD),2023-11-23,3600.0,Red
LASALGAON(NIPHAD),2023-11-24,3851.0,Red
LASALGAON(NIPHAD),2023-11-25,3400.0,Red
LASALGAON(NIPHAD),2023-11-27,4299.0,Red
LASALGAON(NIPHAD),2023-11-28,4001.0,Red
LASALGAON(NIPHAD),2023-11-29,4150.0,Red
LASALGAON(NIPHAD),2023-11-30,3700.0,Red
LASALGAON(NIPHAD),2023-12-04,3600.0,Red
LASALGAON(NIPHAD),2023-12-05,3500.0,Red
LASALGAON(NIPHAD),2023-12-06,3600.0,Red
LASALGAON(NIPHAD),2023-12-07,3700.0,Red
LASALGAON(NIPHAD),2023-12-08,2300.0,Red
LASALGAON(NIPHAD),2023-12-11,2250.0,Red
LASALGAON(NIPHAD),2023-12-12,2200.0,Red
LASALGAON(NIPHAD),2023-12-13,1900.0,Red
LASALGAON(NIPHAD),2023-12-14,2000.0,Red
LASALGAON(NIPHAD),2023-12-15,2000.0,Red
LASALGAON(NIPHAD),2023-12-16,2000.0,Red
LASALGAON(NIPHAD),2023-12-18,2100.0,Red
LASALGAON(NIPHAD),2023-12-19,2151.0,Red
LASALGAON(NIPHAD),2023-12-20,2000.0,Red
LASALGAON(NIPHAD),2023-12-21,1900.0,Red
LASALGAON(NIPHAD),2023-12-22,1850.0,Red
LASALGAON(NIPHAD),2023-12-23,1721.0,Red
LASALGAON(NIPHAD),2023-12-25,1670.0,Red
LASALGAON(NIPHAD),2023-12-26,1570.0,Red
LASALGAON(NIPHAD),2023-12-27,1500.0,Red
LASALGAON(NIPHAD),2023-12-28,1600.0,Red
LASALGAON(NIPHAD),2023-12-29,1551.0,Red
LASALGAON(NIPHAD),2023-12-30,1650.0,Red
LASALGAON(NIPHAD),2024-01-01,1950.0,Red
LASALGAON(NIPHAD),2024-01-02,2100.0,Red
LASALGAON(NIPHAD),2024-01-03,1900.0,Red
LASALGAON(NIPHAD),2024-01-04,1800.0,Red
LASALGAON(NIPHAD),2024-01-05,1775.0,Red
LASALGAON(NIPHAD),2024-01-06,1800.0,Red
LASALGAON(NIPHAD),2024-01-08,1790.0,Red
LASALGAON(NIPHAD),2024-01-09,1875.0,Red
LASALGAON(NIPHAD),2024-01-10,1870.0,Red
LASALGAON(NIPHAD),2024-01-11,1850.0,Red
LASALGAON(NIPHAD),2024-01-12,1750.0,Red
LASALGAON(NIPHAD),2024-01-13,1751.0,Red
LASALGAON(NIPHAD),2024-01-15,1580.0,Red
LASALGAON(NIPHAD),2024-01-16,1600.0,Red
LASALGAON(NIPHAD),2024-01-17,1575.0,Red
LASALGAON(NIPHAD),2024-01-18,1500.0,Red
LASALGAON(NIPHAD),2024-01-19,1350.0,Red
LASALGAON(NIPHAD),2024-01-20,1325.0,Red
LASALGAON(NIPHAD),2024-01-22,1300.0,Red
LASALGAON(NIPHAD),2024-01-23,1285.0,Red
LASALGAON(NIPHAD),2024-01-24,1211.0,Red
LASALGAON(NIPHAD),2024-01-25,1070.0,Red
LASALGAON(NIPHAD),2024-01-27,1125.0,Red
LASALGAON(NIPHAD),2024-01-29,1170.0,Red
LASALGAON(NIPHAD),2024-01-30,1250.0,Red
LASALGAON(NIPHAD),2024-01-31,1275.0,Red
LASALGAON(NIPHAD),2024-02-01,1290.0,Red
LASALGAON(NIPHAD),2024-02-02,1280.0,Red
LASALGAON(NIPHAD),2024-02-03,1251.0,Red
LASALGAON(NIPHAD),2024-02-05,1170.0,Red
LASALGAON(NIPHAD),2024-02-06,1125.0,Red
LASALGAON(NIPHAD),2024-02-07,1121.0,Red
LASALGAON(NIPHAD),2024-02-08,1150.0,Red
LASALGAON(NIPHAD),2024-02-09,1121.0,Red
LASALGAON(NIPHAD),2024-02-10,1125.0,Red
LASALGAON(NIPHAD),2024-02-12,1150.0,Red
LASALGAON(NIPHAD),2024-02-13,1180.0,Red
LASALGAON(NIPHAD),2024-02-14,1220.0,Red
LASALGAON(NIPHAD),2024-02-15,1250.0,Red
LASALGAON(NIPHAD),2024-02-16,1281.0,Red
LASALGAON(NIPHAD),2024-02-17,1325.0,Red
LASALGAON(NIPHAD),2024-02-19,1850.0,Red
LASALGAON(NIPHAD),2024-02-20,1600.0,Red
LASALGAON(NIPHAD),2024-02-21,1470.0,Red
LASALGAON(NIPHAD),2024-02-22,1451.0,Red
LASALGAON(NIPHAD),2024-02-23,1700.0,Red
LASALGAON(NIPHAD),2024-02-24,1851.0,Red
LASALGAON(NIPHAD),2024-02-27,1740.0,Red
LASALGAON(NIPHAD),2024-02-28,1720.0,Red
LASALGAON(NIPHAD),2024-02-29,1675.0,Red
LASALGAON(NIPHAD),2024-03-01,1650.0,Red
LASALGAON(NIPHAD),2024-03-02,1700.0,Red
LASALGAON(NIPHAD),2024-03-04,1720.0,Red
LASALGAON(NIPHAD),2024-03-06,1870.0,Red
LASALGAON(NIPHAD),2024-03-07,1950.0,Red
LASALGAON(NIPHAD),2024-03-08,1921.0,Red
LASALGAON(NIPHAD),2024-03-09,1880.0,Red
LASALGAON(NIPHAD),2024-03-11,1850.0,Red
LASALGAON(NIPHAD),2024-03-13,1650.0,Red
LASALGAON(NIPHAD),2024-03-14,1600.0,Red
LASALGAON(NIPHAD),2024-03-15,1500.0,Red
LASALGAON(NIPHAD),2024-03-16,1500.0,Red
LASALGAON(NIPHAD),2024-03-18,1275.0,Red
LASALGAON(NIPHAD),2024-03-19,1200.0,Red
LASALGAON(NIPHAD),2024-03-20,1161.0,Red
LASALGAON(NIPHAD),2024-03-21,1150.0,Red
LASALGAON(NIPHAD),2024-03-22,1300.0,Other
LASALGAON(NIPHAD),2024-03-23,1321.0,Other
LASALGAON(NIPHAD),2024-03-25,1420.0,Other
LASALGAON(NIPHAD),2024-03-26,1475.0,Other
LASALGAON(NIPHAD),2024-03-27,1500.0,Other
LASALGAON(NIPHAD),2024-03-28,1500.0,Other
LASALGAON(NIPHAD),2024-03-29,1500.0,Other
LASALGAON(NIPHAD),2024-03-30,1450.0,Other
LASALGAON(NIPHAD),2024-04-15,1351.0,Other
LASALGAON(NIPHAD),2024-04-19,1325.0,Other
LASALGAON(NIPHAD),2024-04-29,1425.0,Other
LASALGAON(NIPHAD),2024-04-30,1375.0,Other
LASALGAON(NIPHAD),2024-05-02,1425.0,Other
LASALGAON(NIPHAD),2024-05-04,1950.0,Other
LASALGAON(NIPHAD),2024-05-06,1850.0,Other
LASALGAON(NIPHAD),2024-05-07,1600.0,Other
LASALGAON(NIPHAD),2024-05-08,1600.0,Other
LASALGAON(NIPHAD),2024-05-09,1650.0,Other
LASALGAON(NIPHAD),2024-05-10,1700.0,Other
LASALGAON(NIPHAD),2024-05-11,1650.0,Other
LASALGAON(NIPHAD),2024-05-13,1725.0,Other
LASALGAON(NIPHAD),2024-05-14,1650.0,Other
LASALGAON(NIPHAD),2024-05-15,1600.0,Other
LASALGAON(NIPHAD),2024-05-16,1550.0,Other
LASALGAON(NIPHAD),2024-05-17,1580.0,Other
LASALGAON(NIPHAD),2024-05-18,1621.0,Other
LASALGAON(NIPHAD),2024-05-21,1750.0,Other
LASALGAON(NIPHAD),2024-05-22,1750.0,Other
LASALGAON(NIPHAD),2024-05-23,1750.0,Other
LASALGAON(NIPHAD),2024-05-25,1651.0,Other
LASALGAON(NIPHAD),2024-05-27,1700.0,Other
LASALGAON(NIPHAD),2024-05-28,1750.0,Other
LASALGAON(NIPHAD),2024-05-29,2100.0,Other
LASALGAON(NIPHAD),2024-05-31,2051.0,Other
LASALGAON(NIPHAD),2024-06-01,2000.0,Other
LASALGAON(NIPHAD),2024-06-03,2021.0,Other
LASALGAON(NIPHAD),2024-06-04,2200.0,Other
LASALGAON(NIPHAD),2024-06-05,2225.0,Other
LASALGAON(NIPHAD),2024-06-06,2411.0,Other
LASALGAON(NIPHAD),2024-06-07,2451.0,Other
LASALGAON(NIPHAD),2024-06-08,2600.0,Other
LASALGAON(NIPHAD),2024-06-10,2600.0,Other
LASALGAON(NIPHAD),2024-06-11,2400.0,Other
LASALGAON(NIPHAD),2024-06-13,2471.0,Other
LASALGAON(NIPHAD),2024-06-14,2525.0,Other
LASALGAON(NIPHAD),2024-06-15,2575.0,Other
LASALGAON(NIPHAD),2024-06-17,2700.0,Other
LASALGAON(NIPHAD),2024-06-18,2850.0,Other
LASALGAON(NIPHAD),2024-06-19,3000.0,Other
LASALGAON(NIPHAD),2024-06-20,3100.0,Other
LASALGAON(NIPHAD),2024-06-21,3200.0,Other
LASALGAON(NIPHAD),2024-06-22,3050.0,Other
LASALGAON(NIPHAD),2024-06-24,3150.0,Other
LASALGAON(NIPHAD),2024-06-25,3111.0,Other
LASALGAON(NIPHAD),2024-06-26,2800.0,Other
LASALGAON(NIPHAD),2024-06-27,2900.0,Other
LASALGAON(NIPHAD),2024-06-28,2851.0,Other
LASALGAON(NIPHAD),2024-06-29,2900.0,Other
LASALGAON(NIPHAD),2024-07-01,3025.0,Other
LASALGAON(NIPHAD),2024-07-02,3025.0,Other
LASALGAON(NIPHAD),2024-07-03,3000.0,Other
LASALGAON(NIPHAD),2024-07-04,3000.0,Other
LASALGAON(NIPHAD),2024-07-05,2975.0,Other
LASALGAON(NIPHAD),2024-07-06,2975.0,Other
LASALGAON(NIPHAD),2024-07-08,2850.0,Other
LASALGAON(NIPHAD),2024-07-09,2900.0,Other
LASALGAON(NIPHAD),2024-07-10,2900.0,Other
LASALGAON(NIPHAD),2024-07-11,2900.0,Other
LASALGAON(NIPHAD),2024-07-12,2900.0,Other
LASALGAON(NIPHAD),2024-07-13,2900.0,Other
LASALGAON(NIPHAD),2024-07-15,2875.0,Other
LASALGAON(NIPHAD),2024-07-16,2850.0,Other
LASALGAON(NIPHAD),2024-07-17,2800.0,Other
LASALGAON(NIPHAD),2024-07-18,2775.0,Other
LASALGAON(NIPHAD),2024-07-19,2775.0,Other
LASALGAON(NIPHAD),2024-07-20,2751.0,Other
LASALGAON(NIPHAD),2024-07-22,2800.0,Other
LASALGAON(NIPHAD),2024-07-23,2775.0,Other
LASALGAON(NIPHAD),2024-07-24,2780.0,Other
LASALGAON(NIPHAD),2024-07-25,2741.0,Other
LASALGAON(NIPHAD),2024-07-26,2730.0,Other
LASALGAON(NIPHAD),2024-07-27,2750.0,Other
LASALGAON(NIPHAD),2024-07-29,2700.0,Other
LASALGAON(NIPHAD),2024-07-30,2700.0,Other
LASALGAON(NIPHAD),2024-07-31,2700.0,Other
LASALGAON(NIPHAD),2024-08-01,2700.0,Other
LASALGAON(NIPHAD),2024-08-02,2725.0,Other
LASALGAON(NIPHAD),2024-08-03,2751.0,Other
LASALGAON(NIPHAD),2024-08-05,2900.0,Other
LASALGAON(NIPHAD),2024-08-06,2950.0,Other
LASALGAON(NIPHAD),2024-08-07,3100.0,Other
LASALGAON(NIPHAD),2024-08-08,3151.0,Other
LASALGAON(NIPHAD),2024-08-09,3151.0,Other
LASALGAON(NIPHAD),2024-08-10,3350.0,Other
LASALGAON(NIPHAD),2024-08-12,3500.0,Other
LASALGAON(NIPHAD),2024-08-16,3250.0,Other
LASALGAON(NIPHAD),2024-08-17,3275.0,Other
LASALGAON(NIPHAD),2024-08-19,3311.0,Other
LASALGAON(NIPHAD),2024-08-20,3500.0,Other
LASALGAON(NIPHAD),2024-08-21,3700.0,Other
LASALGAON(NIPHAD),2024-08-22,3735.0,Other
LASALGAON(NIPHAD),2024-08-23,3800.0,Other
LASALGAON(NIPHAD),2024-08-24,3720.0,Other
LASALGAON(NIPHAD),2024-08-26,3800.0,Other
LASALGAON(NIPHAD),2024-08-27,3800.0,Other
LASALGAON(NIPHAD),2024-08-28,3700.0,Other
LASALGAON(NIPHAD),2024-08-29,3600.0,Other
LASALGAON(NIPHAD),2024-08-30,3500.0,Other
LASALGAON(NIPHAD),2024-08-31,3730.0,Other
LASALGAON(NIPHAD),2024-09-02,4050.0,Other
LASALGAON(NIPHAD),2024-09-03,4125.0,Other
LASALGAON(NIPHAD),2024-09-04,3950.0,Other
LASALGAON(NIPHAD),2024-09-05,4000.0,Other
LASALGAON(NIPHAD),2024-09-06,4050.0,Other
LASALGAON(NIPHAD),2024-09-07,2900.0,Other
LASALGAON(NIPHAD),2024-09-09,3800.0,Other
LASALGAON(NIPHAD),2024-09-10,3950.0,Other
LASALGAON(NIPHAD),2024-09-11,4011.0,Other
LASALGAON(NIPHAD),2024-09-12,4120.0,Other
LASALGAON(NIPHAD),2024-09-13,4200.0,Other
LASALGAON(NIPHAD),2024-09-14,4725.0,Other
LASALGAON(NIPHAD),2024-09-16,4900.0,Other
LASALGAON(NIPHAD),2024-09-17,4700.0,Other
LASALGAON(NIPHAD),2024-09-18,4700.0,Other
LASALGAON(NIPHAD),2024-09-19,4625.0,Other
LASALGAON(NIPHAD),2024-09-20,4700.0,Other
LASALGAON(NIPHAD),2024-09-21,4770.0,Other
LASALGAON(NIPHAD),2024-09-23,4870.0,Other
LASALGAON(NIPHAD),2024-09-24,4780.0,Other
LASALGAON(NIPHAD),2024-09-26,4600.0,Other
LASALGAON(NIPHAD),2024-09-27,4451.0,Other
LASALGAON(NIPHAD),2024-09-28,4300.0,Other
LASALGAON(NIPHAD),2024-09-30,4000.0,Other
LASALGAON(NIPHAD),2024-10-01,4050.0,Other
LASALGAON(NIPHAD),2024-10-02,4200.0,Other
LASALGAON(NIPHAD),2024-10-03,4475.0,Other
LASALGAON(NIPHAD),2024-10-04,4525.0,Other
LASALGAON(NIPHAD),2024-10-05,4370.0,Other
LASALGAON(NIPHAD),2024-10-09,4200.0,Other
LASALGAON(NIPHAD),2024-10-10,4100.0,Other
LASALGAON(NIPHAD),2024-10-11,4500.0,Other
LASALGAON(NIPHAD),2024-10-12,4000.0,Red
LASALGAON(NIPHAD),2024-10-14,4350.0,Other
LASALGAON(NIPHAD),2024-10-15,4051.0,Other
LASALGAON(NIPHAD),2024-10-16,4131.0,Other
LASALGAON(NIPHAD),2024-10-17,4151.0,Other
LASALGAON(NIPHAD),2024-10-18,4000.0,Other
LASALGAON(NIPHAD),2024-10-19,4051.0,Other
LASALGAON(NIPHAD),2024-10-21,4251.0,Other
LASALGAON(NIPHAD),2024-10-22,4351.0,Other
LASALGAON(NIPHAD),2024-10-23,4600.0,Other
LASALGAON(NIPHAD),2024-10-24,4600.0,Other
LASALGAON(NIPHAD),2024-10-25,4400.0,Other
LASALGAON(NIPHAD),2024-10-28,4400.0,Other
LASALGAON(NIPHAD),2024-10-29,4451.0,Other
LASALGAON(NIPHAD),2024-11-05,5200.0,Other
LASALGAON(NIPHAD),2024-11-06,5600.0,Other
LASALGAON(NIPHAD),2024-11-07,5800.0,Other
LASALGAON(NIPHAD),2024-11-08,5550.0,Other
LASALGAON(NIPHAD),2024-11-09,5700.0,Other
LASALGAON(NIPHAD),2024-11-11,5501.0,Other
LASALGAON(NIPHAD),2024-11-12,5500.0,Other
LASALGAON(NIPHAD),2024-11-13,5600.0,Other
LASALGAON(NIPHAD),2024-11-14,5601.0,Other
LASALGAON(NIPHAD),2024-11-15,5275.0,Other
LASALGAON(NIPHAD),2024-11-16,5200.0,Other
LASALGAON(NIPHAD),2024-11-18,2152.0,Red
LASALGAON(NIPHAD),2024-11-19,4871.0,Other
LASALGAON(NIPHAD),2024-11-21,4800.0,Other
LASALGAON(NIPHAD),2024-11-22,4901.0,Other
LASALGAON(NIPHAD),2024-11-23,5100.0,Other
LASALGAON(NIPHAD),2024-11-25,3100.0,Red
LASALGAON(NIPHAD),2024-11-26,4800.0,Other
LASALGAON(NIPHAD),2024-11-27,3351.0,Red
LASALGAON(NIPHAD),2024-11-28,3468.0,Red
LASALGAON(NIPHAD),2024-12-02,3400.0,Red
LASALGAON(NIPHAD),2024-12-03,3370.0,Red
LASALGAON(NIPHAD),2024-12-04,2900.0,Red
LASALGAON(NIPHAD),2024-12-05,2600.0,Red
LASALGAON(NIPHAD),2024-12-06,3100.0,Red
LASALGAON(NIPHAD),2024-12-07,3200.0,Red
LASALGAON(NIPHAD),2024-12-09,3400.0,Red
LASALGAON(NIPHAD),2024-12-10,3225.0,Red
LASALGAON(NIPHAD),2024-12-11,3200.0,Red
LASALGAON(NIPHAD),2024-12-12,3100.0,Red
LASALGAON(NIPHAD),2024-12-13,3062.0,Red
LASALGAON(NIPHAD),2024-12-14,2600.0,Red
LASALGAON(NIPHAD),2024-12-16,2500.0,Red
LASALGAON(NIPHAD),2024-12-17,2100.0,Red
LASALGAON(NIPHAD),2024-12-18,1801.0,Red
LASALGAON(NIPHAD),2024-12-19,1850.0,Red
LASALGAON(NIPHAD),2024-12-20,1800.0,Red
LASALGAON(NIPHAD),2024-12-21,1800.0,Red
LASALGAON(NIPHAD),2024-12-23,1700.0,Red
LASALGAON(NIPHAD),2024-12-24,1700.0,Red
LASALGAON(NIPHAD),2024-12-25,1925.0,Red
LASALGAON(NIPHAD),2024-12-26,2075.0,Red
LASALGAON(NIPHAD),2024-12-27,2225.0,Red
LASALGAON(NIPHAD),2024-12-28,2450.0,Red
LASALGAON(NIPHAD),2024-12-30,2600.0,Red
LASALGAON(NIPHAD),2024-12-31,2650.0,Red
LASALGAON(NIPHAD),2025-01-01,2451.0,Red
LASALGAON(NIPHAD),2025-01-02,2350.0,Red
LASALGAON(NIPHAD),2025-01-03,2350.0,Red
LASALGAON(NIPHAD),2025-01-04,2500.0,Red
LASALGAON(NIPHAD),2025-01-06,2551.0,Red
LASALGAON(NIPHAD),2025-01-07,2450.0,Red
LASALGAON(NIPHAD),2025-01-08,2250.0,Red
LASALGAON(NIPHAD),2025-01-09,2200.0,Red
LASALGAON(NIPHAD),2025-01-10,1850.0,Red
LASALGAON(NIPHAD),2025-01-11,1800.0,Red
LASALGAON(NIPHAD),2025-01-13,1850.0,Red
LASALGAON(NIPHAD),2025-01-14,1950.0,Red
LASALGAON(NIPHAD),2025-01-16,1950.0,Red
LASALGAON(NIPHAD),2025-01-17,2031.0,Red
LASALGAON(NIPHAD),2025-01-18,2225.0,Red
LASALGAON(NIPHAD),2025-01-20,2470.0,Red
LASALGAON(NIPHAD),2025-01-21,2351.0,Red
LASALGAON(NIPHAD),2025-01-22,2411.0,Red
LASALGAON(NIPHAD),2025-01-23,2400.0,Red
LASALGAON(NIPHAD),2025-01-24,2475.0,Red
LASALGAON(NIPHAD),2025-01-25,2425.0,Red
LASALGAON(NIPHAD),2025-01-27,2350.0,Red
LASALGAON(NIPHAD),2025-01-28,2400.0,Red
LASALGAON(NIPHAD),2025-01-29,2325.0,Red
LASALGAON(NIPHAD),2025-01-30,2250.0,Red
LASALGAON(NIPHAD),2025-01-31,2250.0,Red
LASALGAON(NIPHAD),2025-02-01,2125.0,Red
LASALGAON(NIPHAD),2025-02-03,2100.0,Red
LASALGAON(NIPHAD),2025-02-04,2300.0,Red
LASALGAON(NIPHAD),2025-02-05,2400.0,Red
LASALGAON(NIPHAD),2025-02-06,2400.0,Red
LASALGAON(NIPHAD),2025-02-07,2475.0,Red
LASALGAON(NIPHAD),2025-02-08,2550.0,Red
LASALGAON(NIPHAD),2025-02-13,3050.0,Red
LASALGAON(NIPHAD),2025-02-14,3150.0,Red
LASALGAON(NIPHAD),2025-02-15,3050.0,Red
LASALGAON(NIPHAD),2025-02-17,2900.0,Red
LASALGAON(NIPHAD),2025-02-18,2550.0,Red
LASALGAON(NIPHAD),2025-02-19,2450.0,Red
LASALGAON(NIPHAD),2025-02-20,2500.0,Red
LASALGAON(NIPHAD),2025-02-21,2420.0,Red
LASALGAON(NIPHAD),2025-02-22,2400.0,Red
LASALGAON(NIPHAD),2025-02-24,2500.0,Red
LASALGAON(NIPHAD),2025-02-25,2500.0,Red
LASALGAON(NIPHAD),2025-02-26,2500.0,Red
LASALGAON(NIPHAD),2025-02-27,2450.0,Red
LASALGAON(NIPHAD),2025-02-28,2350.0,Red
LASALGAON(NIPHAD),2025-03-01,2300.0,Red
LASALGAON(NIPHAD),2025-03-03,2350.0,Red
LASALGAON(NIPHAD),2025-03-04,2251.0,Red
LASALGAON(NIPHAD),2025-03-05,2350.0,Red
LASALGAON(NIPHAD),2025-03-06,2350.0,Red
LASALGAON(NIPHAD),2025-03-07,2275.0,Red
LASALGAON(NIPHAD),2025-03-08,2050.0,Red
LASALGAON(NIPHAD),2025-03-10,1600.0,Red
LASALGAON(NIPHAD),2025-03-11,1575.0,Red
LASALGAON(NIPHAD),2025-03-12,1475.0,Red
LASALGAON(NIPHAD),2025-03-13,1475.0,Red
LASALGAON(NIPHAD),2025-03-15,1551.0,Red
LASALGAON(NIPHAD),2025-03-17,1575.0,Red
LASALGAON(NIPHAD),2025-03-18,1550.0,Red
LASALGAON(NIPHAD),2025-03-19,1450.0,Red
LASALGAON(NIPHAD),2025-03-20,1350.0,Red
LASALGAON(NIPHAD),2025-03-21,1300.0,Red
LASALGAON(NIPHAD),2025-03-22,1400.0,Red
LASALGAON(NIPHAD),2025-03-24,1375.0,Red
LASALGAON(NIPHAD),2025-03-25,1400.0,Red
LASALGAON(NIPHAD),2025-03-26,1451.0,Red
LASALGAON(NIPHAD),2025-03-27,1400.0,Red
LASALGAON(NIPHAD),2025-03-28,1305.0,Red
LASALGAON(NIPHAD),2025-04-03,1101.0,Red
LASALGAON(NIPHAD),2025-04-04,1142.0,Red
LASALGAON(NIPHAD),2025-04-05,1141.0,Red
LASALGAON(NIPHAD),2025-04-07,1131.0,Red
LASALGAON(NIPHAD),2025-04-08,1137.0,Red
LASALGAON(NIPHAD),2025-04-09,1000.0,Red
LASALGAON(NIPHAD),2025-04-11,822.0,Red
LASALGAON(NIPHAD),2025-04-12,865.0,Red
LASALGAON(NIPHAD),2025-04-14,700.0,Red
LASALGAON(NIPHAD),2025-04-15,800.0,Red
LASALGAON(NIPHAD),2025-04-16,1175.0,Other
LASALGAON(NIPHAD),2025-04-17,1225.0,Other
LASALGAON(NIPHAD),2025-04-18,1200.0,Other
LASALGAON(NIPHAD),2025-04-19,1225.0,Other
LASALGAON(NIPHAD),2025-04-21,1270.0,Other
LASALGAON(NIPHAD),2025-04-22,1250.0,Other
LASALGAON(NIPHAD),2025-04-23,1270.0,Other
LASALGAON(NIPHAD),2025-04-24,1225.0,Other
LASALGAON(NIPHAD),2025-04-25,1220.0,Other
LASALGAON(NIPHAD),2025-04-26,1200.0,Other
LASALGAON(NIPHAD),2025-04-28,1200.0,Other
LASALGAON(NIPHAD),2025-04-29,1150.0,Other
LASALGAON(NIPHAD),2025-04-30,1150.0,Other
LASALGAON(NIPHAD),2025-05-02,1175.0,Other
LASALGAON(NIPHAD),2025-05-03,1150.0,Other
LASALGAON(NIPHAD),2025-05-05,1100.0,Other
LASALGAON(NIPHAD),2025-05-06,1100.0,Other
LASALGAON(NIPHAD),2025-05-07,1100.0,Other
LASALGAON(NIPHAD),2025-05-08,1100.0,Other
LASALGAON(NIPHAD),2025-05-09,1070.0,Other
LASALGAON(NIPHAD),2025-05-10,1100.0,Other
LASALGAON(NIPHAD),2025-05-12,1125.0,Other
LASALGAON(NIPHAD),2025-05-15,1100.0,Other
LASALGAON(NIPHAD),2025-05-16,1100.0,Other
LASALGAON(NIPHAD),2025-05-17,1100.0,Other
LASALGAON(NIPHAD),2025-05-19,1100.0,Other
LASALGAON(NIPHAD),2025-05-20,1100.0,Other
LASALGAON(NIPHAD),2025-05-21,1200.0,Other
LASALGAON(NIPHAD),2025-05-22,1120.0,Other
LASALGAON(NIPHAD),2025-05-23,1100.0,Other
LASALGAON(NIPHAD),2025-05-24,1125.0,Other
LASALGAON(NIPHAD),2025-05-26,1175.0,Other
LASALGAON(NIPHAD),2025-05-27,1300.0,Other
LASALGAON(NIPHAD),2025-05-28,1341.0,Other
LASALGAON(NIPHAD),2025-05-29,1441.0,Other
LASALGAON(NIPHAD),2025-05-30,1400.0,Other
LASALGAON(NIPHAD),2025-05-31,1300.0,Other
LASALGAON(NIPHAD),2025-06-02,1300.0,Other
LASALGAON(NIPHAD),2025-06-03,1400.0,Other
LASALGAON(NIPHAD),2025-06-04,1400.0,Other
LASALGAON(NIPHAD),2025-06-06,1400.0,Other
LASALGAON(NIPHAD),2025-06-07,1431.0,Other
LASALGAON(NIPHAD),2025-06-09,1600.0,Other
LASALGAON(NIPHAD),2025-06-10,1651.0,Other
LASALGAON(NIPHAD),2025-06-11,1630.0,Other
LASALGAON(NIPHAD),2025-06-13,1700.0,Other
LASALGAON(NIPHAD),2025-06-14,1651.0,Other
LASALGAON(NIPHAD),2025-06-16,1600.0,Other
LASALGAON(NIPHAD),2025-06-17,1560.0,Other
LASALGAON(NIPHAD),2025-06-18,1500.0,Other
LASALGAON(NIPHAD),2025-06-19,1550.0,Other
LASALGAON(NIPHAD),2025-06-20,1550.0,Other
LASALGAON(NIPHAD),2025-06-21,1600.0,Other
LASALGAON(NIPHAD),2025-06-23,1600.0,Other
LASALGAON(NIPHAD),2025-06-24,1580.0,Other
LASALGAON(NIPHAD),2025-06-25,1550.0,Other
LASALGAON(NIPHAD),2025-06-26,1550.0,Other
LASALGAON(NIPHAD),2025-06-27,1500.0,Other
LASALGAON(NIPHAD),2025-06-28,1511.0,Other
LASALGAON(NIPHAD),2025-06-30,1500.0,Other
LASALGAON(NIPHAD),2025-07-01,1500.0,Other
LASALGAON(NIPHAD),2025-07-02,1475.0,Other
LASALGAON(NIPHAD),2025-07-03,1475.0,Other
LASALGAON(NIPHAD),2025-07-04,1500.0,Other
LASALGAON(NIPHAD),2025-07-05,1475.0,Other
LASALGAON(NIPHAD),2025-07-07,1470.0,Other
LASALGAON(NIPHAD),2025-07-08,1450.0,Other
LASALGAON(NIPHAD),2025-07-09,1451.0,Other
LASALGAON(NIPHAD),2025-07-10,1425.0,Other
LASALGAON(NIPHAD),2025-07-11,1400.0,Other
LASALGAON(NIPHAD),2025-07-12,1350.0,Other
LASALGAON(NIPHAD),2025-07-14,1370.0,Other
LASALGAON(NIPHAD),2025-07-15,1400.0,Other
LASALGAON(NIPHAD),2025-07-16,1400.0,Other
LASALGAON(NIPHAD),2025-07-17,1375.0,Other
LASALGAON(NIPHAD),2025-07-18,1375.0,Other
LASALGAON(NIPHAD),2025-07-19,1351.0,Other
LASALGAON(NIPHAD),2025-07-21,1375.0,Other
LASALGAON(NIPHAD),2025-07-22,1350.0,Other
LASALGAON(NIPHAD),2025-07-23,1300.0,Other
LASALGAON(NIPHAD),2025-07-24,1311.0,Other
LASALGAON(NIPHAD),2025-07-28,1350.0,Other
LASALGAON(NIPHAD),2025-07-31,1300.0,Other
LASALGAON(NIPHAD),2025-08-01,1325.0,Other
LASALGAON(NIPHAD),2025-08-02,1350.0,Other
LASALGAON(NIPHAD),2025-08-04,1351.0,Other
LASALGAON(NIPHAD),2025-08-05,1300.0,Other
LASALGAON(NIPHAD),2025-08-06,1280.0,Other
LASALGAON(NIPHAD),2025-08-07,1270.0,Other
LASALGAON(NIPHAD),2025-08-11,1350.0,Other
LASALGAON(NIPHAD),2025-08-12,1450.0,Other
LASALGAON(NIPHAD),2025-08-13,1650.0,Other
LASALGAON(NIPHAD),2025-08-14,1600.0,Other
LASALGAON(NIPHAD),2025-08-16,1575.0,Other
LASALGAON(NIPHAD),2025-08-19,1600.0,Other
LASALGAON(NIPHAD),2025-08-20,1550.0,Other
LASALGAON(NIPHAD),2025-08-21,1500.0,Other
LASALGAON(NIPHAD),2025-08-23,1471.0,Other
LASALGAON(NIPHAD),2025-08-25,1400.0,Other
LASALGAON(NIPHAD),2025-08-26,1370.0,Other
LASALGAON(NIPHAD),2025-08-28,1320.0,Other
LASALGAON(NIPHAD),2025-09-01,1325.0,Other
LASALGAON(NIPHAD),2025-09-02,1340.0,Other
LASALGAON(NIPHAD),2025-09-03,1320.0,Other
LASALGAON(NIPHAD),2025-09-04,1280.0,Other
LASALGAON(NIPHAD),2025-09-05,1280.0,Other
LASALGAON(NIPHAD),2025-09-08,1250.0,Other
LASALGAON(NIPHAD),2025-09-09,1225.0,Other
LASALGAON(NIPHAD),2025-09-10,1150.0,Other
LASALGAON(NIPHAD),2025-09-11,1100.0,Other
LASALGAON(NIPHAD),2025-09-12,1051.0,Other
LASALGAON(NIPHAD),2025-09-15,1100.0,Other
LASALGAON(NIPHAD),2025-09-16,1225.0,Other
LASALGAON(NIPHAD),2025-09-17,1175.0,Other
LASALGAON(NIPHAD),2025-09-18,1150.0,Other
LASALGAON(NIPHAD),2025-09-19,1100.0,Other
LASALGAON(NIPHAD),2025-09-20,1075.0,Other
LASALGAON(NIPHAD),2025-09-22,1080.0,Other
LASALGAON(NIPHAD),2025-09-23,1100.0,Other
LASALGAON(NIPHAD),2025-09-24,1070.0,Other
LASALGAON(NIPHAD),2025-09-27,1075.0,Other
LASALGAON(NIPHAD),2025-09-29,1100.0,Other
LASALGAON(NIPHAD),2025-09-30,1050.0,Other
LASALGAON(NIPHAD),2025-10-01,1000.0,Other
LASALGAON(NIPHAD),2025-10-03,1141.0,Other
LASALGAON(NIPHAD),2025-10-04,1175.0,Other
LASALGAON(NIPHAD),2025-10-06,1100.0,Other
LASALGAON(NIPHAD),2025-10-07,1100.0,Other
LASALGAON(NIPHAD),2025-10-08,1050.0,Other
LASALGAON(NIPHAD),2025-10-09,1000.0,Other
LASALGAON(NIPHAD),2025-10-13,1020.0,Other
LASALGAON(NIPHAD),2025-10-14,1100.0,Other
LASALGAON(NIPHAD),2025-10-15,1050.0,Other
LASALGAON(NIPHAD),2025-10-16,1050.0,Other
LASALGAON(NIPHAD),2025-10-18,1050.0,Other
LASALGAON(NIPHAD),2025-10-27,1300.0,Other
LASALGAON(NIPHAD),2025-10-28,1400.0,Other
LASALGAON(NIPHAD),2025-10-29,1400.0,Other
LASALGAON(NIPHAD),2025-10-30,1450.0,Other
LASALGAON(NIPHAD),2025-10-31,1650.0,Other
LASALGAON(NIPHAD),2025-11-01,1650.0,Other
LASALGAON(NIPHAD),2025-11-03,1625.0,Other
LASALGAON(NIPHAD),2025-11-05,1600.0,Other
LASALGAON(NIPHAD),2025-11-08,1600.0,Other
LASALGAON(NIPHAD),2025-11-10,1700.0,Other
LASALGAON(NIPHAD),2025-11-11,1550.0,Other
LASALGAON(NIPHAD),2025-11-12,1500.0,Other
LASALGAON(NIPHAD),2025-11-13,1500.0,Other
LASALGAON(NIPHAD),2025-11-14,1500.0,Other
LASALGAON(NIPHAD),2025-11-17,1450.0,Other
LASALGAON(NIPHAD),2025-11-18,1400.0,Other
LASALGAON(NIPHAD),2025-11-19,1400.0,Other
LASALGAON(NIPHAD),2025-11-20,1300.0,Other
LASALGAON(NIPHAD),2025-11-21,1250.0,Other
LASALGAON(NIPHAD),2025-11-22,1225.0,Other
LASALGAON(NIPHAD),2025-11-24,2560.0,Red
LASALGAON(NIPHAD),2025-11-25,1400.0,Red
LASALGAON(NIPHAD),2025-11-26,1000.0,Red
LASALGAON(NIPHAD),2025-11-27,1000.0,Other
LASALGAON(NIPHAD),2025-11-28,950.0,Other
LASALGAON(NIPHAD),2025-11-29,1000.0,Other
LASALGAON(NIPHAD),2025-12-01,950.0,Other
LASALGAON(NIPHAD),2025-12-02,891.0,Red
LASALGAON(NIPHAD),2025-12-03,1275.0,Other
LASALGAON(NIPHAD),2025-12-04,1211.0,Other
LASALGAON(NIPHAD),2025-12-05,1300.0,Other
LASALGAON(NIPHAD),2025-12-06,1351.0,Other
LASALGAON(NIPHAD),2025-12-09,1600.0,Other
LASALGAON(NIPHAD),2025-12-10,1700.0,Other
LASALGAON(NIPHAD),2025-12-11,2050.0,Other
LASALGAON(NIPHAD),2025-12-12,2000.0,Other
LASALGAON(NIPHAD),2025-12-13,2200.0,Red
LASALGAON(NIPHAD),2025-12-15,2200.0,Red
LASALGAON(NIPHAD),2025-12-16,2000.0,Other
LASALGAON(NIPHAD),2025-12-17,2000.0,Other
LASALGAON(NIPHAD),2025-12-18,1850.0,Other
LASALGAON(NIPHAD),2025-12-19,1700.0,Red
LASALGAON(NIPHAD),2025-12-20,1100.0,Red
LASALGAON(NIPHAD),2025-12-22,1200.0,Other
LASALGAON(NIPHAD),2025-12-23,1200.0,Red
LASALGAON(NIPHAD),2025-12-24,1651.0,Red
LASALGAON(NIPHAD),2025-12-25,1600.0,Red
LASALGAON(NIPHAD),2025-12-26,1700.0,Red
LASALGAON(NIPHAD),2025-12-27,1740.0,Red
LASALGAON(NIPHAD),2025-12-29,1940.0,Red
LASALGAON(NIPHAD),2025-12-30,1951.0,Red
LASALGAON(NIPHAD),2025-12-31,1951.0,Red
LASALGAON(NIPHAD),2026-01-01,1850.0,Red
LASALGAON(NIPHAD),2026-01-02,1800.0,Red
LASALGAON(NIPHAD),2026-01-03,1700.0,Red
LASALGAON(NIPHAD),2026-01-05,1600.0,Red
LASALGAON(NIPHAD),2026-01-06,1550.0,Red
LASALGAON(NIPHAD),2026-01-07,1550.0,Red
LASALGAON(NIPHAD),2026-01-08,1550.0,Red
LASALGAON(NIPHAD),2026-01-09,1550.0,Red
LASALGAON(NIPHAD),2026-01-10,1500.0,Red
LASALGAON(NIPHAD),2026-01-12,1450.0,Red
LASALGAON(NIPHAD),2026-01-13,1450.0,Red
LASALGAON(NIPHAD),2026-01-14,1450.0,Red
LASALGAON(NIPHAD),2026-01-16,1450.0,Red
LASALGAON(NIPHAD),2026-01-17,1500.0,Red
LASALGAON(NIPHAD),2026-01-19,1550.0,Red
LASALGAON(NIPHAD),2026-01-20,1500.0,Red
LASALGAON(NIPHAD),2026-01-21,1550.0,Red
LASALGAON(NIPHAD),2026-01-22,1500.0,Red
LASALGAON(NIPHAD),2026-01-23,1380.0,Red
LASALGAON(NIPHAD),2026-01-24,1400.0,Red
LASALGAON(NIPHAD),2026-01-30,1171.0,Red
LASALGAON(NIPHAD),2026-01-31,1100.0,Red
LASALGAON(NIPHAD),2026-02-02,1100.0,Red
LASALGAON(NIPHAD),2026-02-03,1150.0,Red
LASALGAON(NIPHAD),2026-02-04,1100.0,Red
LASALGAON(NIPHAD),2026-02-05,1100.0,Red
LASALGAON(NIPHAD),2026-02-06,1100.0,Red
LASALGAON(NIPHAD),2026-02-07,1150.0,Red
LASALGAON(NIPHAD),2026-02-09,1250.0,Red
LASALGAON(NIPHAD),2026-02-10,1250.0,Red
LASALGAON(NIPHAD),2026-02-11,1200.0,Red
LASALGAON(NIPHAD),2026-02-12,1175.0,Red
LASALGAON(NIPHAD),2026-02-13,1185.0,Red
LASALGAON(NIPHAD),2026-02-14,1150.0,Red
LASALGAON(NIPHAD),2026-02-16,1100.0,Red
LASALGAON(NIPHAD),2026-02-17,1125.0,Red
LASALGAON(NIPHAD),2026-02-18,1100.0,Red
LASALGAON(NIPHAD),2026-02-20,1100.0,Red
LASALGAON(NIPHAD),2026-02-21,1100.0,Red
LASALGAON(NIPHAD),2026-02-23,1100.0,Red
LASALGAON(NIPHAD),2026-02-24,1050.0,Red
LASALGAON(NIPHAD),2026-02-25,900.0,Red
LASALGAON(NIPHAD),2026-02-26,1000.0,Red
LASALGAON(NIPHAD),2026-02-27,1000.0,Red
LASALGAON(NIPHAD),2026-02-28,971.0,Red
LASALGAON(NIPHAD),2026-03-04,951.0,Red
LASALGAON(NIPHAD),2026-03-05,950.0,Red
LASALGAON(NIPHAD),2026-03-06,950.0,Red
LASALGAON(NIPHAD),2026-03-07,950.0,Red
LASALGAON(NIPHAD),2026-03-09,950.0,Red
LASALGAON(NIPHAD),2026-03-10,971.0,Red
LASALGAON(NIPHAD),2026-03-11,950.0,Red
LASALGAON(NIPHAD),2026-03-12,900.0,Red
LASALGAON(NIPHAD),2026-03-13,900.0,Red
LASALGAON(NIPHAD),2026-03-14,1000.0,Red
LASALGAON(NIPHAD),2026-03-16,950.0,Red
LASALGAON(NIPHAD),2026-03-17,900.0,Red
LASALGAON(NIPHAD),2026-03-18,900.0,Red
LASALGAON(NIPHAD),2026-03-19,850.0,Red
LASALGAON(NIPHAD),2026-03-20,900.0,Red
LASALGAON(NIPHAD),2026-03-21,900.0,Red
LASALGAON(NIPHAD),2026-03-23,880.0,Red
LASALGAON(NIPHAD),2026-03-24,851.0,Red
LASALGAON(NIPHAD),2026-03-25,850.0,Red
LASALGAON(NIPHAD),2026-03-26,825.0,Red
LASALGAON(NIPHAD),2026-03-27,875.0,Red
LASALGAON(NIPHAD),2026-03-28,921.0,Red
LASALGAON(NIPHAD),2026-04-06,821.0,Red
LASALGAON(NIPHAD),2026-04-07,811.0,Red
LASALGAON(NIPHAD),2026-04-08,840.0,Red
LASALGAON(NIPHAD),2026-04-09,800.0,Red
LASALGAON(NIPHAD),2026-04-10,800.0,Red
LASALGAON(NIPHAD),2026-04-11,800.0,Red
LASALGAON(NIPHAD),2026-04-13,771.0,Red
LASALGAON(NIPHAD),2026-04-15,761.0,Red
LASALGAON(NIPHAD),2026-04-16,900.0,Other
LASALGAON(NIPHAD),2026-04-17,825.0,Other
LASALGAON(NIPHAD),2026-04-20,850.0,Other
LASALGAON(NIPHAD),2026-04-21,955.0,Other
LASALGAON(NIPHAD),2026-04-22,925.0,Other
LASALGAON(NIPHAD),2026-04-23,951.0,Other
LASALGAON(NIPHAD),2026-04-24,775.0,Other
LASALGAON(NIPHAD),2026-04-25,800.0,Other
LASALGAON(NIPHAD),2026-04-27,800.0,Other
LASALGAON(NIPHAD),2026-04-28,1000.0,Other
LASALGAON(NIPHAD),2026-04-29,1000.0,Other
LASALGAON(NIPHAD),2026-04-30,1075.0,Other
LASALGAON(NIPHAD),2026-05-02,950.0,Other
LASALGAON(NIPHAD),2026-05-04,1050.0,Other
LASALGAON(NIPHAD),2026-05-05,1100.0,Other
LASALGAON(NIPHAD),2026-07-16,2300.0,Red
LASALGAON(VINCHUR),2020-05-15,600.0,Other
LASALGAON(VINCHUR),2020-05-16,600.0,Other
LASALGAON(VINCHUR),2020-05-18,600.0,Other
LASALGAON(VINCHUR),2020-05-19,600.0,Other
LASALGAON(VINCHUR),2020-05-20,550.0,Other
LASALGAON(VINCHUR),2020-05-21,600.0,Other
LASALGAON(VINCHUR),2020-05-22,600.0,Other
LASALGAON(VINCHUR),2020-05-23,711.0,Other
LASALGAON(VINCHUR),2020-05-25,750.0,Other
LASALGAON(VINCHUR),2020-05-26,750.0,Other
LASALGAON(VINCHUR),2020-05-27,650.0,Other
LASALGAON(VINCHUR),2020-05-28,700.0,Other
LASALGAON(VINCHUR),2020-05-29,750.0,Other
LASALGAON(VINCHUR),2020-05-30,800.0,Other
LASALGAON(VINCHUR),2020-06-01,750.0,Other
LASALGAON(VINCHUR),2020-06-02,700.0,Other
LASALGAON(VINCHUR),2020-06-04,725.0,Other
LASALGAON(VINCHUR),2020-06-05,800.0,Other
LASALGAON(VINCHUR),2020-06-09,825.0,Other
LASALGAON(VINCHUR),2020-06-10,850.0,Other
LASALGAON(VINCHUR),2020-06-11,850.0,Other
LASALGAON(VINCHUR),2020-06-12,900.0,Other
LASALGAON(VINCHUR),2020-06-15,850.0,Other
LASALGAON(VINCHUR),2020-06-16,800.0,Other
LASALGAON(VINCHUR),2020-06-17,750.0,Other
LASALGAON(VINCHUR),2020-06-18,700.0,Other
LASALGAON(VINCHUR),2020-06-19,800.0,Other
LASALGAON(VINCHUR),2020-06-20,800.0,Other
LASALGAON(VINCHUR),2020-06-22,750.0,Other
LASALGAON(VINCHUR),2020-06-23,750.0,Other
LASALGAON(VINCHUR),2020-06-24,725.0,Other
LASALGAON(VINCHUR),2020-06-25,750.0,Other
LASALGAON(VINCHUR),2020-06-26,750.0,Other
LASALGAON(VINCHUR),2020-06-27,800.0,Other
LASALGAON(VINCHUR),2020-06-29,750.0,Other
LASALGAON(VINCHUR),2020-06-30,750.0,Other
LASALGAON(VINCHUR),2020-07-01,750.0,Other
LASALGAON(VINCHUR),2020-07-02,750.0,Other
LASALGAON(VINCHUR),2020-07-03,725.0,Other
LASALGAON(VINCHUR),2020-07-04,725.0,Other
LASALGAON(VINCHUR),2020-07-06,721.0,Other
LASALGAON(VINCHUR),2020-07-07,721.0,Other
LASALGAON(VINCHUR),2020-07-08,725.0,Other
LASALGAON(VINCHUR),2020-07-09,725.0,Other
LASALGAON(VINCHUR),2020-07-10,800.0,Other
LASALGAON(VINCHUR),2020-07-11,750.0,Other
LASALGAON(VINCHUR),2020-07-13,750.0,Other
LASALGAON(VINCHUR),2020-07-14,700.0,Other
LASALGAON(VINCHUR),2020-07-15,700.0,Other
LASALGAON(VINCHUR),2020-07-16,700.0,Other
LASALGAON(VINCHUR),2020-07-17,700.0,Other
LASALGAON(VINCHUR),2020-07-18,700.0,Other
LASALGAON(VINCHUR),2020-07-20,700.0,Other
LASALGAON(VINCHUR),2020-07-21,700.0,Other
LASALGAON(VINCHUR),2020-07-22,700.0,Other
LASALGAON(VINCHUR),2020-07-23,700.0,Other
LASALGAON(VINCHUR),2020-07-24,675.0,Other
LASALGAON(VINCHUR),2020-07-25,700.0,Other
LASALGAON(VINCHUR),2020-07-27,700.0,Other
LASALGAON(VINCHUR),2020-07-28,700.0,Other
LASALGAON(VINCHUR),2020-07-29,700.0,Other
LASALGAON(VINCHUR),2020-07-30,700.0,Other
LASALGAON(VINCHUR),2020-07-31,675.0,Other
LASALGAON(VINCHUR),2020-08-03,650.0,Other
LASALGAON(VINCHUR),2020-08-04,650.0,Other
LASALGAON(VINCHUR),2020-08-05,700.0,Other
LASALGAON(VINCHUR),2020-08-06,675.0,Other
LASALGAON(VINCHUR),2020-08-07,675.0,Other
LASALGAON(VINCHUR),2020-08-08,711.0,Other
LASALGAON(VINCHUR),2020-08-10,751.0,Other
LASALGAON(VINCHUR),2020-08-11,800.0,Other
LASALGAON(VINCHUR),2020-08-12,950.0,Other
LASALGAON(VINCHUR),2020-08-13,951.0,Other
LASALGAON(VINCHUR),2020-08-14,1000.0,Other
LASALGAON(VINCHUR),2020-08-17,1200.0,Other
LASALGAON(VINCHUR),2020-08-18,1225.0,Other
LASALGAON(VINCHUR),2020-08-19,1700.0,Other
LASALGAON(VINCHUR),2020-08-20,1450.0,Other
LASALGAON(VINCHUR),2020-08-22,1300.0,Other
LASALGAON(VINCHUR),2020-08-24,1200.0,Other
LASALGAON(VINCHUR),2020-08-26,1451.0,Other
LASALGAON(VINCHUR),2020-08-27,1550.0,Other
LASALGAON(VINCHUR),2020-08-28,1550.0,Other
LASALGAON(VINCHUR),2020-08-29,1550.0,Other
LASALGAON(VINCHUR),2020-08-31,1550.0,Other
LASALGAON(VINCHUR),2020-09-02,1850.0,Other
LASALGAON(VINCHUR),2020-09-03,1950.0,Other
LASALGAON(VINCHUR),2020-09-04,2000.0,Other
LASALGAON(VINCHUR),2020-09-05,2000.0,Other
LASALGAON(VINCHUR),2020-09-07,1950.0,Other
LASALGAON(VINCHUR),2020-09-08,2051.0,Other
LASALGAON(VINCHUR),2020-09-09,2451.0,Other
LASALGAON(VINCHUR),2020-09-10,2550.0,Other
LASALGAON(VINCHUR),2020-09-11,2275.0,Other
LASALGAON(VINCHUR),2020-09-12,2350.0,Other
LASALGAON(VINCHUR),2020-09-14,2750.0,Other
LASALGAON(VINCHUR),2020-09-15,2300.0,Other
LASALGAON(VINCHUR),2020-09-16,2300.0,Other
LASALGAON(VINCHUR),2020-09-17,2300.0,Other
LASALGAON(VINCHUR),2020-09-18,2451.0,Other
LASALGAON(VINCHUR),2020-09-19,3050.0,Other
LASALGAON(VINCHUR),2020-09-21,3500.0,Other
LASALGAON(VINCHUR),2020-09-22,3400.0,Other
LASALGAON(VINCHUR),2020-09-23,3350.0,Other
LASALGAON(VINCHUR),2020-09-24,3200.0,Other
LASALGAON(VINCHUR),2020-09-25,3100.0,Other
LASALGAON(VINCHUR),2020-09-26,3000.0,Other
LASALGAON(VINCHUR),2020-09-28,3100.0,Other
LASALGAON(VINCHUR),2020-09-29,3100.0,Other
LASALGAON(VINCHUR),2020-09-30,3000.0,Other
LASALGAON(VINCHUR),2020-10-01,3100.0,Other
LASALGAON(VINCHUR),2020-10-02,3050.0,Other
LASALGAON(VINCHUR),2020-10-03,2600.0,Other
LASALGAON(VINCHUR),2020-10-05,2750.0,Other
LASALGAON(VINCHUR),2020-10-06,2900.0,Other
LASALGAON(VINCHUR),2020-10-07,2951.0,Other
LASALGAON(VINCHUR),2020-10-08,3350.0,Other
LASALGAON(VINCHUR),2020-10-09,3200.0,Other
LASALGAON(VINCHUR),2020-10-10,3350.0,Other
LASALGAON(VINCHUR),2020-10-12,3900.0,Other
LASALGAON(VINCHUR),2020-10-13,4100.0,Other
LASALGAON(VINCHUR),2020-10-14,4150.0,Other
LASALGAON(VINCHUR),2020-10-28,4800.0,Other
LASALGAON(VINCHUR),2020-10-29,4800.0,Other
LASALGAON(VINCHUR),2020-10-30,5300.0,Other
LASALGAON(VINCHUR),2020-10-31,5100.0,Other
LASALGAON(VINCHUR),2020-11-02,5300.0,Other
LASALGAON(VINCHUR),2020-11-03,4300.0,Other
LASALGAON(VINCHUR),2020-11-04,3400.0,Other
LASALGAON(VINCHUR),2020-11-05,3400.0,Other
LASALGAON(VINCHUR),2020-11-06,3200.0,Other
LASALGAON(VINCHUR),2020-11-07,3400.0,Other
LASALGAON(VINCHUR),2020-11-09,4600.0,Other
LASALGAON(VINCHUR),2020-11-10,4000.0,Other
LASALGAON(VINCHUR),2020-11-11,3700.0,Other
LASALGAON(VINCHUR),2020-11-16,3900.0,Other
LASALGAON(VINCHUR),2020-11-17,3900.0,Other
LASALGAON(VINCHUR),2020-11-18,4000.0,Other
LASALGAON(VINCHUR),2020-11-19,4100.0,Other
LASALGAON(VINCHUR),2020-11-21,4200.0,Other
LASALGAON(VINCHUR),2020-11-23,3300.0,Other
LASALGAON(VINCHUR),2020-11-24,3251.0,Other
LASALGAON(VINCHUR),2020-11-25,3200.0,Other
LASALGAON(VINCHUR),2020-11-26,3000.0,Other
LASALGAON(VINCHUR),2020-11-27,2500.0,Other
LASALGAON(VINCHUR),2020-11-28,2500.0,Other
LASALGAON(VINCHUR),2020-12-01,2850.0,Other
LASALGAON(VINCHUR),2020-12-02,2800.0,Other
LASALGAON(VINCHUR),2020-12-03,2300.0,Other
LASALGAON(VINCHUR),2020-12-04,1550.0,Other
LASALGAON(VINCHUR),2020-12-05,1650.0,Other
LASALGAON(VINCHUR),2020-12-07,1850.0,Other
LASALGAON(VINCHUR),2020-12-09,2750.0,Other
LASALGAON(VINCHUR),2020-12-10,2750.0,Other
LASALGAON(VINCHUR),2020-12-11,2750.0,Other
LASALGAON(VINCHUR),2020-12-12,2900.0,Other
LASALGAON(VINCHUR),2020-12-15,2750.0,Other
LASALGAON(VINCHUR),2020-12-16,1800.0,Other
LASALGAON(VINCHUR),2020-12-17,1700.0,Other
LASALGAON(VINCHUR),2020-12-18,1450.0,Other
LASALGAON(VINCHUR),2020-12-19,1600.0,Red
LASALGAON(VINCHUR),2020-12-21,1700.0,Red
LASALGAON(VINCHUR),2020-12-22,2100.0,Red
LASALGAON(VINCHUR),2020-12-23,2100.0,Red
LASALGAON(VINCHUR),2020-12-24,2000.0,Red
LASALGAON(VINCHUR),2020-12-25,2100.0,Red
LASALGAON(VINCHUR),2020-12-26,2000.0,Red
LASALGAON(VINCHUR),2020-12-28,1750.0,Red
LASALGAON(VINCHUR),2020-12-29,2350.0,Red
LASALGAON(VINCHUR),2020-12-30,2600.0,Red
LASALGAON(VINCHUR),2020-12-31,2600.0,Red
LASALGAON(VINCHUR),2021-01-01,2400.0,Red
LASALGAON(VINCHUR),2021-01-02,2350.0,Red
LASALGAON(VINCHUR),2021-01-04,2600.0,Red
LASALGAON(VINCHUR),2021-01-05,2600.0,Red
LASALGAON(VINCHUR),2021-01-13,2600.0,Red
LASALGAON(VINCHUR),2021-01-14,2400.0,Red
LASALGAON(VINCHUR),2021-01-16,2450.0,Red
LASALGAON(VINCHUR),2021-01-18,2550.0,Red
LASALGAON(VINCHUR),2021-01-19,2800.0,Red
LASALGAON(VINCHUR),2021-01-21,2600.0,Red
LASALGAON(VINCHUR),2021-01-22,2450.0,Red
LASALGAON(VINCHUR),2021-01-23,2400.0,Red
LASALGAON(VINCHUR),2021-01-25,2400.0,Red
LASALGAON(VINCHUR),2021-01-27,2400.0,Red
LASALGAON(VINCHUR),2021-01-28,2600.0,Red
LASALGAON(VINCHUR),2021-01-29,2700.0,Red
LASALGAON(VINCHUR),2021-01-30,2850.0,Red
LASALGAON(VINCHUR),2021-02-01,3300.0,Red
LASALGAON(VINCHUR),2021-02-02,3350.0,Red
LASALGAON(VINCHUR),2021-02-03,3450.0,Red
LASALGAON(VINCHUR),2021-02-04,3251.0,Red
LASALGAON(VINCHUR),2021-02-05,3000.0,Red
LASALGAON(VINCHUR),2021-02-06,2800.0,Red
LASALGAON(VINCHUR),2021-02-08,3100.0,Red
LASALGAON(VINCHUR),2021-02-09,3400.0,Red
LASALGAON(VINCHUR),2021-02-10,3550.0,Red
LASALGAON(VINCHUR),2021-02-11,3550.0,Red
LASALGAON(VINCHUR),2021-02-12,3500.0,Red
LASALGAON(VINCHUR),2021-02-13,3450.0,Red
LASALGAON(VINCHUR),2021-02-15,3400.0,Red
LASALGAON(VINCHUR),2021-02-16,3600.0,Red
LASALGAON(VINCHUR),2021-02-17,3600.0,Red
LASALGAON(VINCHUR),2021-02-18,3650.0,Red
LASALGAON(VINCHUR),2021-02-19,3650.0,Red
LASALGAON(VINCHUR),2021-02-20,3750.0,Red
LASALGAON(VINCHUR),2021-02-22,3750.0,Red
LASALGAON(VINCHUR),2021-02-23,3700.0,Red
LASALGAON(VINCHUR),2021-02-24,2850.0,Red
LASALGAON(VINCHUR),2021-02-25,2500.0,Red
LASALGAON(VINCHUR),2021-02-26,2250.0,Red
LASALGAON(VINCHUR),2021-02-27,2250.0,Red
LASALGAON(VINCHUR),2021-03-01,2400.0,Red
LASALGAON(VINCHUR),2021-03-02,2550.0,Red
LASALGAON(VINCHUR),2021-03-03,2400.0,Red
LASALGAON(VINCHUR),2021-03-04,2000.0,Red
LASALGAON(VINCHUR),2021-03-05,1700.0,Red
LASALGAON(VINCHUR),2021-03-06,1800.0,Red
LASALGAON(VINCHUR),2021-03-08,1500.0,Red
LASALGAON(VINCHUR),2021-03-09,1300.0,Red
LASALGAON(VINCHUR),2021-03-10,1100.0,Red
LASALGAON(VINCHUR),2021-03-11,1100.0,Red
LASALGAON(VINCHUR),2021-03-12,1370.0,Red
LASALGAON(VINCHUR),2021-03-13,1400.0,Red
LASALGAON(VINCHUR),2021-03-15,1400.0,Red
LASALGAON(VINCHUR),2021-03-20,950.0,Red
LASALGAON(VINCHUR),2021-03-22,900.0,Red
LASALGAON(VINCHUR),2021-03-23,950.0,Red
LASALGAON(VINCHUR),2021-03-24,900.0,Red
LASALGAON(VINCHUR),2021-03-27,950.0,Red
LASALGAON(VINCHUR),2021-04-01,900.0,Red
LASALGAON(VINCHUR),2021-04-03,850.0,Red
LASALGAON(VINCHUR),2021-04-05,800.0,Red
LASALGAON(VINCHUR),2021-04-06,751.0,Red
LASALGAON(VINCHUR),2021-04-07,750.0,Red
LASALGAON(VINCHUR),2021-04-08,700.0,Red
LASALGAON(VINCHUR),2021-04-09,750.0,Red
LASALGAON(VINCHUR),2021-04-10,725.0,Red
LASALGAON(VINCHUR),2021-04-12,750.0,Red
LASALGAON(VINCHUR),2021-04-13,750.0,Red
LASALGAON(VINCHUR),2021-04-15,800.0,Red
LASALGAON(VINCHUR),2021-04-16,750.0,Red
LASALGAON(VINCHUR),2021-04-17,800.0,Red
LASALGAON(VINCHUR),2021-05-03,850.0,Red
LASALGAON(VINCHUR),2021-05-04,750.0,Red
LASALGAON(VINCHUR),2021-05-05,700.0,Red
LASALGAON(VINCHUR),2021-05-06,700.0,Red
LASALGAON(VINCHUR),2021-05-07,700.0,Red
LASALGAON(VINCHUR),2021-05-08,700.0,Red
LASALGAON(VINCHUR),2021-05-10,1150.0,Other
LASALGAON(VINCHUR),2021-05-11,800.0,Red
LASALGAON(VINCHUR),2021-05-12,1150.0,Other
LASALGAON(VINCHUR),2021-05-24,1350.0,Other
LASALGAON(VINCHUR),2021-05-25,1400.0,Other
LASALGAON(VINCHUR),2021-05-26,1400.0,Other
LASALGAON(VINCHUR),2021-05-28,1500.0,Other
LASALGAON(VINCHUR),2021-05-29,1550.0,Other
LASALGAON(VINCHUR),2021-05-31,1650.0,Other
LASALGAON(VINCHUR),2021-06-01,1750.0,Other
LASALGAON(VINCHUR),2021-06-02,1800.0,Other
LASALGAON(VINCHUR),2021-06-03,1851.0,Other
LASALGAON(VINCHUR),2021-06-04,1851.0,Other
LASALGAON(VINCHUR),2021-06-05,1851.0,Other
LASALGAON(VINCHUR),2021-06-08,1800.0,Other
LASALGAON(VINCHUR),2021-06-09,1800.0,Other
LASALGAON(VINCHUR),2021-06-10,1800.0,Other
LASALGAON(VINCHUR),2021-06-11,1800.0,Other
LASALGAON(VINCHUR),2021-06-12,1800.0,Other
LASALGAON(VINCHUR),2021-06-14,1750.0,Other
LASALGAON(VINCHUR),2021-06-15,1750.0,Other
LASALGAON(VINCHUR),2021-06-16,1750.0,Other
LASALGAON(VINCHUR),2021-06-17,1951.0,Other
LASALGAON(VINCHUR),2021-06-18,1951.0,Other
LASALGAON(VINCHUR),2021-06-19,1800.0,Other
LASALGAON(VINCHUR),2021-06-21,1850.0,Other
LASALGAON(VINCHUR),2021-06-22,1950.0,Other
LASALGAON(VINCHUR),2021-06-24,1800.0,Other
LASALGAON(VINCHUR),2021-06-25,1800.0,Other
LASALGAON(VINCHUR),2021-06-26,1750.0,Other
LASALGAON(VINCHUR),2021-06-28,1751.0,Other
LASALGAON(VINCHUR),2021-06-29,1750.0,Other
LASALGAON(VINCHUR),2021-06-30,1700.0,Other
LASALGAON(VINCHUR),2021-07-01,1700.0,Other
LASALGAON(VINCHUR),2021-07-02,1700.0,Other
LASALGAON(VINCHUR),2021-07-03,1700.0,Other
LASALGAON(VINCHUR),2021-07-05,1750.0,Other
LASALGAON(VINCHUR),2021-07-07,1651.0,Other
LASALGAON(VINCHUR),2021-07-08,1650.0,Other
LASALGAON(VINCHUR),2021-07-09,1650.0,Other
LASALGAON(VINCHUR),2021-07-10,1650.0,Other
LASALGAON(VINCHUR),2021-07-12,1650.0,Other
LASALGAON(VINCHUR),2021-07-13,1600.0,Other
LASALGAON(VINCHUR),2021-07-14,1500.0,Other
LASALGAON(VINCHUR),2021-07-15,1500.0,Other
LASALGAON(VINCHUR),2021-07-16,1500.0,Other
LASALGAON(VINCHUR),2021-07-17,1525.0,Other
LASALGAON(VINCHUR),2021-07-19,1511.0,Other
LASALGAON(VINCHUR),2021-07-20,1525.0,Other
LASALGAON(VINCHUR),2021-07-21,1500.0,Other
LASALGAON(VINCHUR),2021-07-22,1550.0,Other
LASALGAON(VINCHUR),2021-07-23,1700.0,Other
LASALGAON(VINCHUR),2021-07-24,1750.0,Other
LASALGAON(VINCHUR),2021-07-26,1751.0,Other
LASALGAON(VINCHUR),2021-07-27,1750.0,Other
LASALGAON(VINCHUR),2021-07-28,1721.0,Other
LASALGAON(VINCHUR),2021-07-29,1750.0,Other
LASALGAON(VINCHUR),2021-07-30,1700.0,Other
LASALGAON(VINCHUR),2021-07-31,1600.0,Other
LASALGAON(VINCHUR),2021-08-02,1600.0,Other
LASALGAON(VINCHUR),2021-08-03,1651.0,Other
LASALGAON(VINCHUR),2021-08-04,1625.0,Other
LASALGAON(VINCHUR),2021-08-05,1600.0,Other
LASALGAON(VINCHUR),2021-08-06,1650.0,Other
LASALGAON(VINCHUR),2021-08-07,1600.0,Other
LASALGAON(VINCHUR),2021-08-09,1600.0,Other
LASALGAON(VINCHUR),2021-08-11,1650.0,Other
LASALGAON(VINCHUR),2021-08-12,1700.0,Other
LASALGAON(VINCHUR),2021-08-13,1750.0,Other
LASALGAON(VINCHUR),2021-08-14,1750.0,Other
LASALGAON(VINCHUR),2021-08-16,1750.0,Other
LASALGAON(VINCHUR),2021-08-17,1750.0,Other
LASALGAON(VINCHUR),2021-08-18,1700.0,Other
LASALGAON(VINCHUR),2021-08-19,1700.0,Other
LASALGAON(VINCHUR),2021-08-20,1700.0,Other
LASALGAON(VINCHUR),2021-08-21,1625.0,Other
LASALGAON(VINCHUR),2021-08-26,1450.0,Other
LASALGAON(VINCHUR),2021-08-27,1500.0,Other
LASALGAON(VINCHUR),2021-08-28,1500.0,Other
LASALGAON(VINCHUR),2021-08-30,1500.0,Other
LASALGAON(VINCHUR),2021-08-31,1500.0,Other
LASALGAON(VINCHUR),2021-09-02,1500.0,Other
LASALGAON(VINCHUR),2021-09-03,1500.0,Other
LASALGAON(VINCHUR),2021-09-04,1451.0,Other
LASALGAON(VINCHUR),2021-09-07,1500.0,Other
LASALGAON(VINCHUR),2021-09-08,1551.0,Other
LASALGAON(VINCHUR),2021-09-09,1451.0,Other
LASALGAON(VINCHUR),2021-09-10,1450.0,Other
LASALGAON(VINCHUR),2021-09-11,1451.0,Other
LASALGAON(VINCHUR),2021-09-13,1350.0,Other
LASALGAON(VINCHUR),2021-09-14,1400.0,Other
LASALGAON(VINCHUR),2021-09-15,1400.0,Other
LASALGAON(VINCHUR),2021-09-16,1450.0,Other
LASALGAON(VINCHUR),2021-09-17,1475.0,Other
LASALGAON(VINCHUR),2021-09-18,1500.0,Other
LASALGAON(VINCHUR),2021-09-20,1700.0,Other
LASALGAON(VINCHUR),2021-09-21,1800.0,Other
LASALGAON(VINCHUR),2021-09-22,1951.0,Other
LASALGAON(VINCHUR),2021-09-23,2051.0,Other
LASALGAON(VINCHUR),2021-09-25,1900.0,Other
LASALGAON(VINCHUR),2021-09-27,1900.0,Other
LASALGAON(VINCHUR),2021-09-28,2000.0,Other
LASALGAON(VINCHUR),2021-09-29,2230.0,Other
LASALGAON(VINCHUR),2021-09-30,2451.0,Other
LASALGAON(VINCHUR),2021-10-01,2451.0,Other
LASALGAON(VINCHUR),2021-10-02,2900.0,Other
LASALGAON(VINCHUR),2021-10-04,3311.0,Other
LASALGAON(VINCHUR),2021-10-05,3050.0,Other
LASALGAON(VINCHUR),2021-10-06,3000.0,Other
LASALGAON(VINCHUR),2021-10-07,3200.0,Other
LASALGAON(VINCHUR),2021-10-08,3300.0,Other
LASALGAON(VINCHUR),2021-10-09,3600.0,Other
LASALGAON(VINCHUR),2021-10-12,3800.0,Other
LASALGAON(VINCHUR),2021-10-13,3550.0,Other
LASALGAON(VINCHUR),2021-10-14,3400.0,Other
LASALGAON(VINCHUR),2021-10-15,3350.0,Other
LASALGAON(VINCHUR),2021-10-18,3000.0,Other
LASALGAON(VINCHUR),2021-10-19,2950.0,Other
LASALGAON(VINCHUR),2021-10-20,2700.0,Other
LASALGAON(VINCHUR),2021-10-21,2500.0,Other
LASALGAON(VINCHUR),2021-10-22,2700.0,Other
LASALGAON(VINCHUR),2021-10-23,2900.0,Other
LASALGAON(VINCHUR),2021-10-25,2950.0,Other
LASALGAON(VINCHUR),2021-10-26,2750.0,Other
LASALGAON(VINCHUR),2021-10-28,2550.0,Other
LASALGAON(VINCHUR),2021-10-30,2400.0,Other
LASALGAON(VINCHUR),2021-11-08,2700.0,Other
LASALGAON(VINCHUR),2021-11-09,2850.0,Other
LASALGAON(VINCHUR),2021-11-10,2800.0,Other
LASALGAON(VINCHUR),2021-11-11,2650.0,Other
LASALGAON(VINCHUR),2021-11-12,2300.0,Other
LASALGAON(VINCHUR),2021-11-13,2000.0,Other
LASALGAON(VINCHUR),2021-11-15,1900.0,Other
LASALGAON(VINCHUR),2021-11-16,1851.0,Other
LASALGAON(VINCHUR),2021-11-17,1800.0,Other
LASALGAON(VINCHUR),2021-11-18,1750.0,Other
LASALGAON(VINCHUR),2021-11-19,1850.0,Other
LASALGAON(VINCHUR),2021-11-20,1800.0,Other
LASALGAON(VINCHUR),2021-11-22,2250.0,Red
LASALGAON(VINCHUR),2021-11-23,2200.0,Red
LASALGAON(VINCHUR),2021-11-24,2451.0,Red
LASALGAON(VINCHUR),2021-11-26,2000.0,Red
LASALGAON(VINCHUR),2021-11-27,1930.0,Red
LASALGAON(VINCHUR),2021-11-29,2250.0,Red
LASALGAON(VINCHUR),2021-11-30,1900.0,Red
LASALGAON(VINCHUR),2021-12-01,2000.0,Red
LASALGAON(VINCHUR),2021-12-02,2000.0,Red
LASALGAON(VINCHUR),2021-12-03,2000.0,Red
LASALGAON(VINCHUR),2021-12-04,2100.0,Red
LASALGAON(VINCHUR),2021-12-06,2000.0,Red
LASALGAON(VINCHUR),2021-12-07,2000.0,Red
LASALGAON(VINCHUR),2021-12-08,2400.0,Red
LASALGAON(VINCHUR),2021-12-09,2450.0,Red
LASALGAON(VINCHUR),2021-12-10,2550.0,Red
LASALGAON(VINCHUR),2021-12-11,2350.0,Red
LASALGAON(VINCHUR),2021-12-13,2450.0,Red
LASALGAON(VINCHUR),2021-12-14,2400.0,Red
LASALGAON(VINCHUR),2021-12-15,1951.0,Red
LASALGAON(VINCHUR),2021-12-16,1800.0,Red
LASALGAON(VINCHUR),2021-12-18,1650.0,Red
LASALGAON(VINCHUR),2021-12-20,1821.0,Red
LASALGAON(VINCHUR),2021-12-21,1800.0,Red
LASALGAON(VINCHUR),2021-12-22,1875.0,Red
LASALGAON(VINCHUR),2021-12-23,2000.0,Red
LASALGAON(VINCHUR),2021-12-24,1975.0,Red
LASALGAON(VINCHUR),2021-12-25,1951.0,Red
LASALGAON(VINCHUR),2021-12-27,1975.0,Red
LASALGAON(VINCHUR),2021-12-28,1900.0,Red
LASALGAON(VINCHUR),2021-12-29,1850.0,Red
LASALGAON(VINCHUR),2021-12-30,1850.0,Red
LASALGAON(VINCHUR),2021-12-31,1850.0,Red
LASALGAON(VINCHUR),2022-01-01,2050.0,Red
LASALGAON(VINCHUR),2022-01-03,2100.0,Red
LASALGAON(VINCHUR),2022-01-07,2150.0,Red
LASALGAON(VINCHUR),2022-01-10,2051.0,Red
LASALGAON(VINCHUR),2022-01-11,2051.0,Red
LASALGAON(VINCHUR),2022-01-12,1850.0,Red
LASALGAON(VINCHUR),2022-01-14,2000.0,Red
LASALGAON(VINCHUR),2022-01-17,2100.0,Red
LASALGAON(VINCHUR),2022-01-19,2151.0,Red
LASALGAON(VINCHUR),2022-01-20,2200.0,Red
LASALGAON(VINCHUR),2022-01-21,2251.0,Red
LASALGAON(VINCHUR),2022-01-22,2200.0,Red
LASALGAON(VINCHUR),2022-01-24,2225.0,Red
LASALGAON(VINCHUR),2022-01-25,2251.0,Red
LASALGAON(VINCHUR),2022-01-27,2051.0,Red
LASALGAON(VINCHUR),2022-01-28,2051.0,Red
LASALGAON(VINCHUR),2022-01-29,2100.0,Red
LASALGAON(VINCHUR),2022-02-01,2000.0,Red
LASALGAON(VINCHUR),2022-02-02,2050.0,Red
LASALGAON(VINCHUR),2022-02-03,2051.0,Red
LASALGAON(VINCHUR),2022-02-04,2100.0,Red
LASALGAON(VINCHUR),2022-02-05,2100.0,Red
LASALGAON(VINCHUR),2022-02-07,2225.0,Red
LASALGAON(VINCHUR),2022-02-08,2300.0,Red
LASALGAON(VINCHUR),2022-02-09,2351.0,Red
LASALGAON(VINCHUR),2022-02-10,2451.0,Red
LASALGAON(VINCHUR),2022-02-11,2651.0,Red
LASALGAON(VINCHUR),2022-02-12,2550.0,Red
LASALGAON(VINCHUR),2022-02-14,2300.0,Red
LASALGAON(VINCHUR),2022-02-15,2275.0,Red
LASALGAON(VINCHUR),2022-02-16,2300.0,Red
LASALGAON(VINCHUR),2022-02-17,2400.0,Red
LASALGAON(VINCHUR),2022-02-18,2400.0,Red
LASALGAON(VINCHUR),2022-02-19,2300.0,Red
LASALGAON(VINCHUR),2022-02-21,2350.0,Red
LASALGAON(VINCHUR),2022-02-22,2351.0,Red
LASALGAON(VINCHUR),2022-02-23,2300.0,Red
LASALGAON(VINCHUR),2022-02-24,2350.0,Red
LASALGAON(VINCHUR),2022-02-25,2151.0,Red
LASALGAON(VINCHUR),2022-02-26,2100.0,Red
LASALGAON(VINCHUR),2022-02-28,1800.0,Red
LASALGAON(VINCHUR),2022-03-01,1750.0,Red
LASALGAON(VINCHUR),2022-03-02,1700.0,Red
LASALGAON(VINCHUR),2022-03-03,1650.0,Red
LASALGAON(VINCHUR),2022-03-04,1651.0,Red
LASALGAON(VINCHUR),2022-03-05,1600.0,Red
LASALGAON(VINCHUR),2022-03-07,1350.0,Red
LASALGAON(VINCHUR),2022-03-08,1350.0,Red
LASALGAON(VINCHUR),2022-03-09,1350.0,Red
LASALGAON(VINCHUR),2022-03-10,1350.0,Red
LASALGAON(VINCHUR),2022-03-11,1350.0,Red
LASALGAON(VINCHUR),2022-03-12,1300.0,Red
LASALGAON(VINCHUR),2022-03-14,1050.0,Red
LASALGAON(VINCHUR),2022-03-15,1000.0,Red
LASALGAON(VINCHUR),2022-03-16,1000.0,Red
LASALGAON(VINCHUR),2022-03-17,900.0,Red
LASALGAON(VINCHUR),2022-03-18,851.0,Red
LASALGAON(VINCHUR),2022-03-19,851.0,Red
LASALGAON(VINCHUR),2022-03-21,751.0,Red
LASALGAON(VINCHUR),2022-03-22,751.0,Red
LASALGAON(VINCHUR),2022-03-23,700.0,Red
LASALGAON(VINCHUR),2022-03-24,751.0,Red
LASALGAON(VINCHUR),2022-03-25,700.0,Red
LASALGAON(VINCHUR),2022-03-26,800.0,Red
LASALGAON(VINCHUR),2022-03-28,800.0,Red
LASALGAON(VINCHUR),2022-05-02,875.0,Other
LASALGAON(VINCHUR),2022-05-03,900.0,Other
LASALGAON(VINCHUR),2022-05-04,850.0,Other
LASALGAON(VINCHUR),2022-05-05,900.0,Other
LASALGAON(VINCHUR),2022-05-06,851.0,Other
LASALGAON(VINCHUR),2022-05-09,900.0,Other
LASALGAON(VINCHUR),2022-05-10,900.0,Other
LASALGAON(VINCHUR),2022-05-11,851.0,Other
LASALGAON(VINCHUR),2022-05-14,851.0,Other
LASALGAON(VINCHUR),2022-05-16,901.0,Other
LASALGAON(VINCHUR),2022-05-17,851.0,Other
LASALGAON(VINCHUR),2022-05-18,851.0,Other
LASALGAON(VINCHUR),2022-05-19,901.0,Other
LASALGAON(VINCHUR),2022-05-20,851.0,Other
LASALGAON(VINCHUR),2022-05-21,851.0,Other
LASALGAON(VINCHUR),2022-05-23,801.0,Other
LASALGAON(VINCHUR),2022-05-24,851.0,Other
LASALGAON(VINCHUR),2022-05-25,901.0,Other
LASALGAON(VINCHUR),2022-05-26,951.0,Other
LASALGAON(VINCHUR),2022-05-27,951.0,Other
LASALGAON(VINCHUR),2022-05-28,950.0,Other
LASALGAON(VINCHUR),2022-05-31,1100.0,Other
LASALGAON(VINCHUR),2022-06-02,1100.0,Other
LASALGAON(VINCHUR),2022-06-03,1100.0,Other
LASALGAON(VINCHUR),2022-06-06,1100.0,Other
LASALGAON(VINCHUR),2022-06-07,1100.0,Other
LASALGAON(VINCHUR),2022-06-09,1150.0,Other
LASALGAON(VINCHUR),2022-06-10,1200.0,Other
LASALGAON(VINCHUR),2022-06-11,1200.0,Other
LASALGAON(VINCHUR),2022-06-13,1200.0,Other
LASALGAON(VINCHUR),2022-06-14,1275.0,Other
LASALGAON(VINCHUR),2022-06-15,1300.0,Other
LASALGAON(VINCHUR),2022-06-16,1325.0,Other
LASALGAON(VINCHUR),2022-06-17,1300.0,Other
LASALGAON(VINCHUR),2022-06-18,1300.0,Other
LASALGAON(VINCHUR),2022-06-20,1200.0,Other
LASALGAON(VINCHUR),2022-06-21,1300.0,Other
LASALGAON(VINCHUR),2022-06-22,1275.0,Other
LASALGAON(VINCHUR),2022-06-23,1250.0,Other
LASALGAON(VINCHUR),2022-06-24,1300.0,Other
LASALGAON(VINCHUR),2022-06-25,1300.0,Other
LASALGAON(VINCHUR),2022-06-27,1300.0,Other
LASALGAON(VINCHUR),2022-06-28,1300.0,Other
LASALGAON(VINCHUR),2022-06-29,1325.0,Other
LASALGAON(VINCHUR),2022-07-04,1250.0,Other
LASALGAON(VINCHUR),2022-07-05,1275.0,Other
LASALGAON(VINCHUR),2022-07-06,1250.0,Other
LASALGAON(VINCHUR),2022-07-07,1251.0,Other
LASALGAON(VINCHUR),2022-07-08,1225.0,Other
LASALGAON(VINCHUR),2022-07-09,1225.0,Other
LASALGAON(VINCHUR),2022-07-11,1275.0,Other
LASALGAON(VINCHUR),2022-07-12,1250.0,Other
LASALGAON(VINCHUR),2022-07-13,1231.0,Other
LASALGAON(VINCHUR),2022-07-14,1200.0,Other
LASALGAON(VINCHUR),2022-07-15,1200.0,Other
LASALGAON(VINCHUR),2022-07-16,1200.0,Other
LASALGAON(VINCHUR),2022-07-18,1200.0,Other
LASALGAON(VINCHUR),2022-07-19,1151.0,Other
LASALGAON(VINCHUR),2022-07-20,1121.0,Other
LASALGAON(VINCHUR),2022-07-21,1100.0,Other
LASALGAON(VINCHUR),2022-07-22,1100.0,Other
LASALGAON(VINCHUR),2022-07-23,1100.0,Other
LASALGAON(VINCHUR),2022-07-25,1000.0,Other
LASALGAON(VINCHUR),2022-07-26,1050.0,Other
LASALGAON(VINCHUR),2022-07-27,1100.0,Other
LASALGAON(VINCHUR),2022-07-28,1100.0,Other
LASALGAON(VINCHUR),2022-07-29,1151.0,Other
LASALGAON(VINCHUR),2022-07-30,1151.0,Other
LASALGAON(VINCHUR),2022-08-01,1125.0,Other
LASALGAON(VINCHUR),2022-08-02,1100.0,Other
LASALGAON(VINCHUR),2022-08-03,1111.0,Other
LASALGAON(VINCHUR),2022-08-04,1121.0,Other
LASALGAON(VINCHUR),2022-08-05,1100.0,Other
LASALGAON(VINCHUR),2022-08-06,1050.0,Other
LASALGAON(VINCHUR),2022-08-08,1100.0,Other
LASALGAON(VINCHUR),2022-08-09,1100.0,Other
LASALGAON(VINCHUR),2022-08-10,1100.0,Other
LASALGAON(VINCHUR),2022-08-13,1175.0,Other
LASALGAON(VINCHUR),2022-08-16,1151.0,Other
LASALGAON(VINCHUR),2022-08-17,1200.0,Other
LASALGAON(VINCHUR),2022-08-18,1225.0,Other
LASALGAON(VINCHUR),2022-08-19,1200.0,Other
LASALGAON(VINCHUR),2022-08-20,1151.0,Other
LASALGAON(VINCHUR),2022-08-22,1100.0,Other
LASALGAON(VINCHUR),2022-08-24,1150.0,Other
LASALGAON(VINCHUR),2022-08-25,1151.0,Other
LASALGAON(VINCHUR),2022-08-30,1150.0,Other
LASALGAON(VINCHUR),2022-08-31,1100.0,Other
LASALGAON(VINCHUR),2022-09-01,1200.0,Other
LASALGAON(VINCHUR),2022-09-02,1200.0,Other
LASALGAON(VINCHUR),2022-09-03,1200.0,Other
LASALGAON(VINCHUR),2022-09-07,1150.0,Other
LASALGAON(VINCHUR),2022-09-08,1130.0,Other
LASALGAON(VINCHUR),2022-09-15,1150.0,Other
LASALGAON(VINCHUR),2022-09-16,1100.0,Other
LASALGAON(VINCHUR),2022-09-17,1100.0,Other
LASALGAON(VINCHUR),2022-09-21,1100.0,Other
LASALGAON(VINCHUR),2022-09-22,1100.0,Other
LASALGAON(VINCHUR),2022-09-23,1125.0,Other
LASALGAON(VINCHUR),2022-09-24,1125.0,Other
LASALGAON(VINCHUR),2022-09-27,1200.0,Other
LASALGAON(VINCHUR),2022-09-28,1351.0,Other
LASALGAON(VINCHUR),2022-09-29,1421.0,Other
LASALGAON(VINCHUR),2022-10-04,1451.0,Other
LASALGAON(VINCHUR),2022-10-05,1475.0,Other
LASALGAON(VINCHUR),2022-10-06,1525.0,Other
LASALGAON(VINCHUR),2022-10-07,1851.0,Other
LASALGAON(VINCHUR),2022-10-08,1800.0,Other
LASALGAON(VINCHUR),2022-10-12,2000.0,Other
LASALGAON(VINCHUR),2022-10-13,2050.0,Other
LASALGAON(VINCHUR),2022-10-14,2000.0,Other
LASALGAON(VINCHUR),2022-10-15,1900.0,Other
LASALGAON(VINCHUR),2022-10-17,2000.0,Other
LASALGAON(VINCHUR),2022-10-18,1950.0,Other
LASALGAON(VINCHUR),2022-10-19,1900.0,Other
LASALGAON(VINCHUR),2022-10-20,1850.0,Other
LASALGAON(VINCHUR),2022-10-21,1851.0,Other
LASALGAON(VINCHUR),2022-10-22,1800.0,Other
LASALGAON(VINCHUR),2022-10-26,2000.0,Other
LASALGAON(VINCHUR),2022-10-28,2100.0,Other
LASALGAON(VINCHUR),2022-10-29,2500.0,Other
LASALGAON(VINCHUR),2022-10-31,2500.0,Other
LASALGAON(VINCHUR),2022-11-01,2400.0,Other
LASALGAON(VINCHUR),2022-11-02,2500.0,Other
LASALGAON(VINCHUR),2022-11-03,2500.0,Other
LASALGAON(VINCHUR),2022-11-04,2500.0,Other
LASALGAON(VINCHUR),2022-11-05,2450.0,Other
LASALGAON(VINCHUR),2022-11-07,2300.0,Other
LASALGAON(VINCHUR),2022-11-08,1800.0,Other
LASALGAON(VINCHUR),2022-11-09,1950.0,Other
LASALGAON(VINCHUR),2022-11-10,2000.0,Other
LASALGAON(VINCHUR),2022-11-11,2000.0,Other
LASALGAON(VINCHUR),2022-11-12,1900.0,Other
LASALGAON(VINCHUR),2022-11-16,1700.0,Other
LASALGAON(VINCHUR),2022-11-17,1550.0,Other
LASALGAON(VINCHUR),2022-11-18,1500.0,Other
LASALGAON(VINCHUR),2022-11-19,1500.0,Other
LASALGAON(VINCHUR),2022-11-23,1400.0,Other
LASALGAON(VINCHUR),2022-11-24,1400.0,Other
LASALGAON(VINCHUR),2022-11-25,1250.0,Other
LASALGAON(VINCHUR),2022-11-26,1350.0,Other
LASALGAON(VINCHUR),2022-11-30,1200.0,Other
LASALGAON(VINCHUR),2022-12-02,1000.0,Other
LASALGAON(VINCHUR),2022-12-03,1050.0,Other
LASALGAON(VINCHUR),2022-12-07,1000.0,Other
LASALGAON(VINCHUR),2022-12-08,1051.0,Other
LASALGAON(VINCHUR),2022-12-09,2000.0,Red
LASALGAON(VINCHUR),2022-12-10,2000.0,Red
LASALGAON(VINCHUR),2022-12-12,1900.0,Red
LASALGAON(VINCHUR),2022-12-13,1800.0,Red
LASALGAON(VINCHUR),2022-12-14,1850.0,Red
LASALGAON(VINCHUR),2022-12-15,1900.0,Red
LASALGAON(VINCHUR),2022-12-16,1700.0,Red
LASALGAON(VINCHUR),2022-12-17,1600.0,Red
LASALGAON(VINCHUR),2022-12-19,1801.0,Red
LASALGAON(VINCHUR),2022-12-20,1751.0,Red
LASALGAON(VINCHUR),2022-12-21,1825.0,Red
LASALGAON(VINCHUR),2022-12-22,1800.0,Red
LASALGAON(VINCHUR),2022-12-23,1800.0,Red
LASALGAON(VINCHUR),2022-12-24,1800.0,Red
LASALGAON(VINCHUR),2022-12-26,1700.0,Red
LASALGAON(VINCHUR),2022-12-28,1650.0,Red
LASALGAON(VINCHUR),2022-12-29,1600.0,Red
LASALGAON(VINCHUR),2022-12-30,1500.0,Red
LASALGAON(VINCHUR),2022-12-31,1425.0,Red
LASALGAON(VINCHUR),2023-01-03,1450.0,Red
LASALGAON(VINCHUR),2023-01-04,1451.0,Red
LASALGAON(VINCHUR),2023-01-07,1500.0,Red
LASALGAON(VINCHUR),2023-01-11,1400.0,Red
LASALGAON(VINCHUR),2023-01-12,1400.0,Red
LASALGAON(VINCHUR),2023-01-14,1300.0,Red
LASALGAON(VINCHUR),2023-01-17,1300.0,Red
LASALGAON(VINCHUR),2023-01-19,1400.0,Red
LASALGAON(VINCHUR),2023-01-20,1451.0,Red
LASALGAON(VINCHUR),2023-01-21,1350.0,Red
LASALGAON(VINCHUR),2023-01-23,1350.0,Red
LASALGAON(VINCHUR),2023-01-24,1350.0,Red
LASALGAON(VINCHUR),2023-01-25,1300.0,Red
LASALGAON(VINCHUR),2023-01-27,1300.0,Red
LASALGAON(VINCHUR),2023-01-28,1250.0,Red
LASALGAON(VINCHUR),2023-01-30,1175.0,Red
LASALGAON(VINCHUR),2023-01-31,1225.0,Red
LASALGAON(VINCHUR),2023-02-02,1200.0,Red
LASALGAON(VINCHUR),2023-02-03,1150.0,Red
LASALGAON(VINCHUR),2023-02-04,1150.0,Red
LASALGAON(VINCHUR),2023-02-06,1200.0,Red
LASALGAON(VINCHUR),2023-02-07,1151.0,Red
LASALGAON(VINCHUR),2023-02-08,1100.0,Red
LASALGAON(VINCHUR),2023-02-09,1000.0,Red
LASALGAON(VINCHUR),2023-02-10,950.0,Red
LASALGAON(VINCHUR),2023-02-11,950.0,Red
LASALGAON(VINCHUR),2023-02-13,830.0,Red
LASALGAON(VINCHUR),2023-02-14,800.0,Red
LASALGAON(VINCHUR),2023-02-15,700.0,Red
LASALGAON(VINCHUR),2023-02-16,700.0,Red
LASALGAON(VINCHUR),2023-02-17,650.0,Red
LASALGAON(VINCHUR),2023-02-18,675.0,Red
LASALGAON(VINCHUR),2023-02-20,700.0,Red
LASALGAON(VINCHUR),2023-02-21,675.0,Red
LASALGAON(VINCHUR),2023-02-22,600.0,Red
LASALGAON(VINCHUR),2023-02-23,550.0,Red
LASALGAON(VINCHUR),2023-02-24,550.0,Red
LASALGAON(VINCHUR),2023-02-25,600.0,Red
LASALGAON(VINCHUR),2023-02-27,600.0,Red
LASALGAON(VINCHUR),2023-02-28,600.0,Red
LASALGAON(VINCHUR),2023-03-01,711.0,Red
LASALGAON(VINCHUR),2023-03-02,700.0,Red
LASALGAON(VINCHUR),2023-03-03,750.0,Red
LASALGAON(VINCHUR),2023-03-04,700.0,Red
LASALGAON(VINCHUR),2023-03-06,750.0,Red
LASALGAON(VINCHUR),2023-03-07,800.0,Red
LASALGAON(VINCHUR),2023-03-08,775.0,Red
LASALGAON(VINCHUR),2023-03-09,800.0,Red
LASALGAON(VINCHUR),2023-03-10,850.0,Red
LASALGAON(VINCHUR),2023-03-11,850.0,Red
LASALGAON(VINCHUR),2023-03-13,775.0,Red
LASALGAON(VINCHUR),2023-03-14,850.0,Red
LASALGAON(VINCHUR),2023-03-15,750.0,Red
LASALGAON(VINCHUR),2023-03-16,751.0,Red
LASALGAON(VINCHUR),2023-03-17,800.0,Red
LASALGAON(VINCHUR),2023-03-18,750.0,Red
LASALGAON(VINCHUR),2023-03-20,750.0,Red
LASALGAON(VINCHUR),2023-03-21,700.0,Red
LASALGAON(VINCHUR),2023-03-22,700.0,Red
LASALGAON(VINCHUR),2023-03-23,700.0,Red
LASALGAON(VINCHUR),2023-03-24,675.0,Red
LASALGAON(VINCHUR),2023-03-25,700.0,Red
LASALGAON(VINCHUR),2023-03-27,700.0,Red
LASALGAON(VINCHUR),2023-03-28,675.0,Red
LASALGAON(VINCHUR),2023-03-29,675.0,Red
LASALGAON(VINCHUR),2023-03-30,650.0,Red
LASALGAON(VINCHUR),2023-03-31,600.0,Red
LASALGAON(VINCHUR),2023-04-03,600.0,Red
LASALGAON(VINCHUR),2023-04-04,600.0,Red
LASALGAON(VINCHUR),2023-04-05,600.0,Red
LASALGAON(VINCHUR),2023-04-06,600.0,Red
LASALGAON(VINCHUR),2023-04-07,600.0,Red
LASALGAON(VINCHUR),2023-04-08,600.0,Red
LASALGAON(VINCHUR),2023-04-10,600.0,Red
LASALGAON(VINCHUR),2023-04-11,550.0,Red
LASALGAON(VINCHUR),2023-04-12,550.0,Red
LASALGAON(VINCHUR),2023-04-13,550.0,Red
LASALGAON(VINCHUR),2023-04-14,500.0,Red
LASALGAON(VINCHUR),2023-04-15,500.0,Red
LASALGAON(VINCHUR),2023-04-17,700.0,Other
LASALGAON(VINCHUR),2023-04-18,550.0,Red
LASALGAON(VINCHUR),2023-04-19,550.0,Red
LASALGAON(VINCHUR),2023-04-20,675.0,Other
LASALGAON(VINCHUR),2023-04-21,700.0,Other
LASALGAON(VINCHUR),2023-04-22,650.0,Other
LASALGAON(VINCHUR),2023-04-24,600.0,Other
LASALGAON(VINCHUR),2023-04-25,600.0,Other
LASALGAON(VINCHUR),2023-04-26,650.0,Other
LASALGAON(VINCHUR),2023-04-27,700.0,Other
LASALGAON(VINCHUR),2023-04-29,600.0,Other
LASALGAON(VINCHUR),2023-05-02,650.0,Other
LASALGAON(VINCHUR),2023-05-03,700.0,Other
LASALGAON(VINCHUR),2023-05-04,700.0,Other
LASALGAON(VINCHUR),2023-05-05,730.0,Other
LASALGAON(VINCHUR),2023-05-06,700.0,Other
LASALGAON(VINCHUR),2023-05-08,750.0,Other
LASALGAON(VINCHUR),2023-05-09,750.0,Other
LASALGAON(VINCHUR),2023-05-10,700.0,Other
LASALGAON(VINCHUR),2023-05-11,750.0,Other
LASALGAON(VINCHUR),2023-05-12,750.0,Other
LASALGAON(VINCHUR),2023-05-13,750.0,Other
LASALGAON(VINCHUR),2023-05-15,750.0,Other
LASALGAON(VINCHUR),2023-05-16,700.0,Other
LASALGAON(VINCHUR),2023-05-17,750.0,Other
LASALGAON(VINCHUR),2023-05-18,700.0,Other
LASALGAON(VINCHUR),2023-05-19,700.0,Other
LASALGAON(VINCHUR),2023-05-20,700.0,Other
LASALGAON(VINCHUR),2023-05-22,750.0,Other
LASALGAON(VINCHUR),2023-05-23,775.0,Other
LASALGAON(VINCHUR),2023-05-24,700.0,Other
LASALGAON(VINCHUR),2023-05-25,675.0,Other
LASALGAON(VINCHUR),2023-05-26,700.0,Other
LASALGAON(VINCHUR),2023-05-27,800.0,Other
LASALGAON(VINCHUR),2023-05-29,800.0,Other
LASALGAON(VINCHUR),2023-05-30,825.0,Other
LASALGAON(VINCHUR),2023-05-31,825.0,Other
LASALGAON(VINCHUR),2023-06-01,800.0,Other
LASALGAON(VINCHUR),2023-06-02,775.0,Other
LASALGAON(VINCHUR),2023-06-03,750.0,Other
LASALGAON(VINCHUR),2023-06-05,950.0,Other
LASALGAON(VINCHUR),2023-06-06,875.0,Other
LASALGAON(VINCHUR),2023-06-07,950.0,Other
LASALGAON(VINCHUR),2023-06-08,800.0,Other
LASALGAON(VINCHUR),2023-06-09,950.0,Other
LASALGAON(VINCHUR),2023-06-10,850.0,Other
LASALGAON(VINCHUR),2023-06-12,951.0,Other
LASALGAON(VINCHUR),2023-06-13,850.0,Other
LASALGAON(VINCHUR),2023-06-14,900.0,Other
LASALGAON(VINCHUR),2023-06-15,850.0,Other
LASALGAON(VINCHUR),2023-06-16,900.0,Other
LASALGAON(VINCHUR),2023-06-17,950.0,Other
LASALGAON(VINCHUR),2023-06-19,951.0,Other
LASALGAON(VINCHUR),2023-06-20,850.0,Other
LASALGAON(VINCHUR),2023-06-21,900.0,Other
LASALGAON(VINCHUR),2023-06-22,950.0,Other
LASALGAON(VINCHUR),2023-06-23,1051.0,Other
LASALGAON(VINCHUR),2023-06-24,1000.0,Other
LASALGAON(VINCHUR),2023-06-26,1100.0,Other
LASALGAON(VINCHUR),2023-06-27,1175.0,Other
LASALGAON(VINCHUR),2023-06-29,1351.0,Other
LASALGAON(VINCHUR),2023-06-30,1351.0,Other
LASALGAON(VINCHUR),2023-07-01,1351.0,Other
LASALGAON(VINCHUR),2023-07-03,1400.0,Other
LASALGAON(VINCHUR),2023-07-04,1350.0,Other
LASALGAON(VINCHUR),2023-07-05,1300.0,Other
LASALGAON(VINCHUR),2023-07-06,1275.0,Other
LASALGAON(VINCHUR),2023-07-07,1275.0,Other
LASALGAON(VINCHUR),2023-07-08,1250.0,Other
LASALGAON(VINCHUR),2023-07-10,1300.0,Other
LASALGAON(VINCHUR),2023-07-11,1300.0,Other
LASALGAON(VINCHUR),2023-07-12,1250.0,Other
LASALGAON(VINCHUR),2023-07-13,1250.0,Other
LASALGAON(VINCHUR),2023-07-14,1250.0,Other
LASALGAON(VINCHUR),2023-07-15,1350.0,Other
LASALGAON(VINCHUR),2023-07-17,1325.0,Other
LASALGAON(VINCHUR),2023-07-18,1350.0,Other
LASALGAON(VINCHUR),2023-07-19,1375.0,Other
LASALGAON(VINCHUR),2023-07-20,1300.0,Other
LASALGAON(VINCHUR),2023-07-21,1250.0,Other
LASALGAON(VINCHUR),2023-07-22,1250.0,Other
LASALGAON(VINCHUR),2023-07-24,1250.0,Other
LASALGAON(VINCHUR),2023-07-25,1300.0,Other
LASALGAON(VINCHUR),2023-07-26,1300.0,Other
LASALGAON(VINCHUR),2023-07-27,1250.0,Other
LASALGAON(VINCHUR),2023-07-28,1250.0,Other
LASALGAON(VINCHUR),2023-07-29,1250.0,Other
LASALGAON(VINCHUR),2023-07-31,1300.0,Other
LASALGAON(VINCHUR),2023-08-01,1300.0,Other
LASALGAON(VINCHUR),2023-08-02,1350.0,Other
LASALGAON(VINCHUR),2023-08-03,1451.0,Other
LASALGAON(VINCHUR),2023-08-04,1550.0,Other
LASALGAON(VINCHUR),2023-08-05,1650.0,Other
LASALGAON(VINCHUR),2023-08-07,1775.0,Other
LASALGAON(VINCHUR),2023-08-08,1800.0,Other
LASALGAON(VINCHUR),2023-08-09,1800.0,Other
LASALGAON(VINCHUR),2023-08-10,2025.0,Other
LASALGAON(VINCHUR),2023-08-11,2400.0,Other
LASALGAON(VINCHUR),2023-08-12,2150.0,Other
LASALGAON(VINCHUR),2023-08-14,2200.0,Other
LASALGAON(VINCHUR),2023-08-17,2250.0,Other
LASALGAON(VINCHUR),2023-08-18,2175.0,Other
LASALGAON(VINCHUR),2023-08-19,2100.0,Other
LASALGAON(VINCHUR),2023-08-21,2100.0,Other
LASALGAON(VINCHUR),2023-08-22,2150.0,Other
LASALGAON(VINCHUR),2023-08-23,2100.0,Other
LASALGAON(VINCHUR),2023-08-24,2200.0,Other
LASALGAON(VINCHUR),2023-08-25,2100.0,Other
LASALGAON(VINCHUR),2023-08-26,2050.0,Other
LASALGAON(VINCHUR),2023-08-28,2000.0,Other
LASALGAON(VINCHUR),2023-08-29,2000.0,Other
LASALGAON(VINCHUR),2023-08-30,2100.0,Other
LASALGAON(VINCHUR),2023-08-31,2300.0,Other
LASALGAON(VINCHUR),2023-09-01,2200.0,Other
LASALGAON(VINCHUR),2023-09-02,2250.0,Other
LASALGAON(VINCHUR),2023-09-05,2200.0,Other
LASALGAON(VINCHUR),2023-09-06,2050.0,Other
LASALGAON(VINCHUR),2023-09-08,2000.0,Other
LASALGAON(VINCHUR),2023-09-09,1950.0,Other
LASALGAON(VINCHUR),2023-09-11,2000.0,Other
LASALGAON(VINCHUR),2023-09-12,2000.0,Other
LASALGAON(VINCHUR),2023-09-13,2000.0,Other
LASALGAON(VINCHUR),2023-09-14,1950.0,Other
LASALGAON(VINCHUR),2023-09-15,1950.0,Other
LASALGAON(VINCHUR),2023-09-16,1900.0,Other
LASALGAON(VINCHUR),2023-09-18,1950.0,Other
LASALGAON(VINCHUR),2023-09-19,2000.0,Other
LASALGAON(VINCHUR),2023-09-28,2175.0,Other
LASALGAON(VINCHUR),2023-09-29,2100.0,Other
LASALGAON(VINCHUR),2023-09-30,2150.0,Other
LASALGAON(VINCHUR),2023-10-02,2100.0,Other
LASALGAON(VINCHUR),2023-10-03,2050.0,Other
LASALGAON(VINCHUR),2023-10-04,2100.0,Other
LASALGAON(VINCHUR),2023-10-05,2275.0,Other
LASALGAON(VINCHUR),2023-10-06,2250.0,Other
LASALGAON(VINCHUR),2023-10-07,2250.0,Other
LASALGAON(VINCHUR),2023-10-09,2300.0,Other
LASALGAON(VINCHUR),2023-10-10,2400.0,Other
LASALGAON(VINCHUR),2023-10-11,2450.0,Other
LASALGAON(VINCHUR),2023-10-12,2500.0,Other
LASALGAON(VINCHUR),2023-10-13,2500.0,Other
LASALGAON(VINCHUR),2023-10-14,2475.0,Other
LASALGAON(VINCHUR),2023-10-16,2900.0,Other
LASALGAON(VINCHUR),2023-10-17,3200.0,Other
LASALGAON(VINCHUR),2023-10-18,3200.0,Other
LASALGAON(VINCHUR),2023-10-19,3200.0,Other
LASALGAON(VINCHUR),2023-10-20,3100.0,Other
LASALGAON(VINCHUR),2023-10-21,3250.0,Other
LASALGAON(VINCHUR),2023-10-23,3900.0,Other
LASALGAON(VINCHUR),2023-10-24,3750.0,Other
LASALGAON(VINCHUR),2023-10-25,4350.0,Other
LASALGAON(VINCHUR),2023-10-26,4600.0,Other
LASALGAON(VINCHUR),2023-10-27,4900.0,Other
LASALGAON(VINCHUR),2023-10-28,4750.0,Other
LASALGAON(VINCHUR),2023-10-30,4500.0,Other
LASALGAON(VINCHUR),2023-11-01,4100.0,Other
LASALGAON(VINCHUR),2023-11-02,3800.0,Other
LASALGAON(VINCHUR),2023-11-03,3400.0,Other
LASALGAON(VINCHUR),2023-11-04,3300.0,Other
LASALGAON(VINCHUR),2023-11-06,3200.0,Other
LASALGAON(VINCHUR),2023-11-07,3400.0,Other
LASALGAON(VINCHUR),2023-11-08,4000.0,Red
LASALGAON(VINCHUR),2023-11-09,4000.0,Red
LASALGAON(VINCHUR),2023-11-10,4000.0,Red
LASALGAON(VINCHUR),2023-11-11,3900.0,Other
LASALGAON(VINCHUR),2023-11-14,4100.0,Red
LASALGAON(VINCHUR),2023-11-16,4000.0,Red
LASALGAON(VINCHUR),2023-11-17,4300.0,Red
LASALGAON(VINCHUR),2023-11-18,4250.0,Red
LASALGAON(VINCHUR),2023-11-20,4100.0,Red
LASALGAON(VINCHUR),2023-11-21,4050.0,Red
LASALGAON(VINCHUR),2023-11-22,3900.0,Red
LASALGAON(VINCHUR),2023-11-23,3950.0,Red
LASALGAON(VINCHUR),2023-11-24,3800.0,Red
LASALGAON(VINCHUR),2023-11-25,3450.0,Red
LASALGAON(VINCHUR),2023-11-27,4600.0,Red
LASALGAON(VINCHUR),2023-11-28,4200.0,Red
LASALGAON(VINCHUR),2023-11-29,4100.0,Red
LASALGAON(VINCHUR),2023-11-30,3750.0,Red
LASALGAON(VINCHUR),2023-12-04,3800.0,Red
LASALGAON(VINCHUR),2023-12-05,3900.0,Red
LASALGAON(VINCHUR),2023-12-06,3800.0,Red
LASALGAON(VINCHUR),2023-12-07,3450.0,Red
LASALGAON(VINCHUR),2023-12-08,2300.0,Red
LASALGAON(VINCHUR),2023-12-09,2500.0,Red
LASALGAON(VINCHUR),2023-12-11,2400.0,Red
LASALGAON(VINCHUR),2023-12-12,2100.0,Red
LASALGAON(VINCHUR),2023-12-13,1900.0,Red
LASALGAON(VINCHUR),2023-12-14,2000.0,Red
LASALGAON(VINCHUR),2023-12-15,2000.0,Red
LASALGAON(VINCHUR),2023-12-16,2000.0,Red
LASALGAON(VINCHUR),2023-12-18,2100.0,Red
LASALGAON(VINCHUR),2023-12-19,2100.0,Red
LASALGAON(VINCHUR),2023-12-20,1900.0,Red
LASALGAON(VINCHUR),2023-12-21,1900.0,Red
LASALGAON(VINCHUR),2023-12-22,1800.0,Red
LASALGAON(VINCHUR),2023-12-23,1750.0,Red
LASALGAON(VINCHUR),2023-12-25,1650.0,Red
LASALGAON(VINCHUR),2023-12-26,1500.0,Red
LASALGAON(VINCHUR),2023-12-27,1550.0,Red
LASALGAON(VINCHUR),2023-12-28,1550.0,Red
LASALGAON(VINCHUR),2023-12-29,1550.0,Red
LASALGAON(VINCHUR),2023-12-30,1800.0,Red
LASALGAON(VINCHUR),2024-01-01,1950.0,Red
LASALGAON(VINCHUR),2024-01-02,2150.0,Red
LASALGAON(VINCHUR),2024-01-03,1900.0,Red
LASALGAON(VINCHUR),2024-01-04,1800.0,Red
LASALGAON(VINCHUR),2024-01-05,1800.0,Red
LASALGAON(VINCHUR),2024-01-06,1800.0,Red
LASALGAON(VINCHUR),2024-01-08,1850.0,Red
LASALGAON(VINCHUR),2024-01-09,1900.0,Red
LASALGAON(VINCHUR),2024-01-10,1875.0,Red
LASALGAON(VINCHUR),2024-01-11,1800.0,Red
LASALGAON(VINCHUR),2024-01-12,1775.0,Red
LASALGAON(VINCHUR),2024-01-13,1750.0,Red
LASALGAON(VINCHUR),2024-01-15,1650.0,Red
LASALGAON(VINCHUR),2024-01-16,1600.0,Red
LASALGAON(VINCHUR),2024-01-17,1550.0,Red
LASALGAON(VINCHUR),2024-01-18,1500.0,Red
LASALGAON(VINCHUR),2024-01-19,1350.0,Red
LASALGAON(VINCHUR),2024-01-20,1350.0,Red
LASALGAON(VINCHUR),2024-01-22,1300.0,Red
LASALGAON(VINCHUR),2024-01-23,1275.0,Red
LASALGAON(VINCHUR),2024-01-24,1150.0,Red
LASALGAON(VINCHUR),2024-01-25,1100.0,Red
LASALGAON(VINCHUR),2024-01-27,1200.0,Red
LASALGAON(VINCHUR),2024-01-29,1150.0,Red
LASALGAON(VINCHUR),2024-01-30,1225.0,Red
LASALGAON(VINCHUR),2024-01-31,1300.0,Red
LASALGAON(VINCHUR),2024-02-01,1280.0,Red
LASALGAON(VINCHUR),2024-02-02,1250.0,Red
LASALGAON(VINCHUR),2024-02-03,1250.0,Red
LASALGAON(VINCHUR),2024-02-05,1150.0,Red
LASALGAON(VINCHUR),2024-02-06,1150.0,Red
LASALGAON(VINCHUR),2024-02-07,1150.0,Red
LASALGAON(VINCHUR),2024-02-08,1125.0,Red
LASALGAON(VINCHUR),2024-02-09,1100.0,Red
LASALGAON(VINCHUR),2024-02-10,1100.0,Red
LASALGAON(VINCHUR),2024-02-12,1175.0,Red
LASALGAON(VINCHUR),2024-02-13,1230.0,Red
LASALGAON(VINCHUR),2024-02-14,1260.0,Red
LASALGAON(VINCHUR),2024-02-15,1250.0,Red
LASALGAON(VINCHUR),2024-02-16,1250.0,Red
LASALGAON(VINCHUR),2024-02-17,1280.0,Red
LASALGAON(VINCHUR),2024-02-19,1800.0,Red
LASALGAON(VINCHUR),2024-02-20,1550.0,Red
LASALGAON(VINCHUR),2024-02-21,1475.0,Red
LASALGAON(VINCHUR),2024-02-22,1450.0,Red
LASALGAON(VINCHUR),2024-02-23,1700.0,Red
LASALGAON(VINCHUR),2024-02-24,1850.0,Red
LASALGAON(VINCHUR),2024-02-27,1751.0,Red
LASALGAON(VINCHUR),2024-02-28,1750.0,Red
LASALGAON(VINCHUR),2024-02-29,1650.0,Red
LASALGAON(VINCHUR),2024-03-01,1700.0,Red
LASALGAON(VINCHUR),2024-03-02,1800.0,Red
LASALGAON(VINCHUR),2024-03-04,1750.0,Red
LASALGAON(VINCHUR),2024-03-05,1750.0,Red
LASALGAON(VINCHUR),2024-03-06,1900.0,Red
LASALGAON(VINCHUR),2024-03-07,1975.0,Red
LASALGAON(VINCHUR),2024-03-08,1875.0,Red
LASALGAON(VINCHUR),2024-03-09,1900.0,Red
LASALGAON(VINCHUR),2024-03-11,1850.0,Red
LASALGAON(VINCHUR),2024-03-12,1750.0,Red
LASALGAON(VINCHUR),2024-03-13,1700.0,Red
LASALGAON(VINCHUR),2024-03-14,1600.0,Red
LASALGAON(VINCHUR),2024-03-15,1500.0,Red
LASALGAON(VINCHUR),2024-03-16,1400.0,Red
LASALGAON(VINCHUR),2024-03-18,1250.0,Red
LASALGAON(VINCHUR),2024-03-19,1280.0,Red
LASALGAON(VINCHUR),2024-03-20,1250.0,Red
LASALGAON(VINCHUR),2024-03-21,1300.0,Red
LASALGAON(VINCHUR),2024-03-22,1200.0,Red
LASALGAON(VINCHUR),2024-03-23,1150.0,Red
LASALGAON(VINCHUR),2024-03-25,1300.0,Red
LASALGAON(VINCHUR),2024-03-26,1450.0,Other
LASALGAON(VINCHUR),2024-03-27,1551.0,Other
LASALGAON(VINCHUR),2024-03-28,1575.0,Other
LASALGAON(VINCHUR),2024-03-29,1500.0,Other
LASALGAON(VINCHUR),2024-03-30,1500.0,Other
LASALGAON(VINCHUR),2024-04-03,1400.0,Other
LASALGAON(VINCHUR),2024-04-04,1450.0,Other
LASALGAON(VINCHUR),2024-04-05,1375.0,Other
LASALGAON(VINCHUR),2024-04-06,1350.0,Other
LASALGAON(VINCHUR),2024-04-08,1350.0,Other
LASALGAON(VINCHUR),2024-04-09,1350.0,Other
LASALGAON(VINCHUR),2024-04-13,1350.0,Other
LASALGAON(VINCHUR),2024-04-15,1400.0,Other
LASALGAON(VINCHUR),2024-04-19,1350.0,Other
LASALGAON(VINCHUR),2024-04-20,1350.0,Other
LASALGAON(VINCHUR),2024-04-22,1375.0,Other
LASALGAON(VINCHUR),2024-04-24,1375.0,Other
LASALGAON(VINCHUR),2024-04-25,1350.0,Other
LASALGAON(VINCHUR),2024-04-26,1375.0,Other
LASALGAON(VINCHUR),2024-04-27,1400.0,Other
LASALGAON(VINCHUR),2024-04-29,1400.0,Other
LASALGAON(VINCHUR),2024-04-30,1400.0,Other
LASALGAON(VINCHUR),2024-05-02,1550.0,Other
LASALGAON(VINCHUR),2024-05-03,1600.0,Other
LASALGAON(VINCHUR),2024-05-04,2100.0,Other
LASALGAON(VINCHUR),2024-05-06,1900.0,Other
LASALGAON(VINCHUR),2024-05-07,1800.0,Other
LASALGAON(VINCHUR),2024-05-08,1550.0,Other
LASALGAON(VINCHUR),2024-05-09,1700.0,Other
LASALGAON(VINCHUR),2024-05-10,1650.0,Other
LASALGAON(VINCHUR),2024-05-11,1750.0,Other
LASALGAON(VINCHUR),2024-05-13,1750.0,Other
LASALGAON(VINCHUR),2024-05-14,1650.0,Other
LASALGAON(VINCHUR),2024-05-15,1700.0,Other
LASALGAON(VINCHUR),2024-05-16,1600.0,Other
LASALGAON(VINCHUR),2024-05-17,1650.0,Other
LASALGAON(VINCHUR),2024-05-18,1650.0,Other
LASALGAON(VINCHUR),2024-05-21,1600.0,Other
LASALGAON(VINCHUR),2024-05-22,1650.0,Other
LASALGAON(VINCHUR),2024-05-23,1675.0,Other
LASALGAON(VINCHUR),2024-05-24,1700.0,Other
LASALGAON(VINCHUR),2024-05-25,1700.0,Other
LASALGAON(VINCHUR),2024-05-27,1700.0,Other
LASALGAON(VINCHUR),2024-05-28,1750.0,Other
LASALGAON(VINCHUR),2024-05-29,2000.0,Other
LASALGAON(VINCHUR),2024-05-30,2050.0,Other
LASALGAON(VINCHUR),2024-05-31,2000.0,Other
LASALGAON(VINCHUR),2024-06-01,2000.0,Other
LASALGAON(VINCHUR),2024-06-03,2100.0,Other
LASALGAON(VINCHUR),2024-06-04,2150.0,Other
LASALGAON(VINCHUR),2024-06-05,2300.0,Other
LASALGAON(VINCHUR),2024-06-06,2300.0,Other
LASALGAON(VINCHUR),2024-06-07,2400.0,Other
LASALGAON(VINCHUR),2024-06-08,2500.0,Other
LASALGAON(VINCHUR),2024-06-10,2600.0,Other
LASALGAON(VINCHUR),2024-06-11,2450.0,Other
LASALGAON(VINCHUR),2024-06-12,2400.0,Other
LASALGAON(VINCHUR),2024-06-13,2400.0,Other
LASALGAON(VINCHUR),2024-06-14,2550.0,Other
LASALGAON(VINCHUR),2024-06-15,2550.0,Other
LASALGAON(VINCHUR),2024-06-17,2600.0,Other
LASALGAON(VINCHUR),2024-06-18,2900.0,Other
LASALGAON(VINCHUR),2024-06-19,3000.0,Other
LASALGAON(VINCHUR),2024-06-20,3100.0,Other
LASALGAON(VINCHUR),2024-06-21,3100.0,Other
LASALGAON(VINCHUR),2024-06-22,3050.0,Other
LASALGAON(VINCHUR),2024-06-24,3200.0,Other
LASALGAON(VINCHUR),2024-06-25,3075.0,Other
LASALGAON(VINCHUR),2024-06-26,2800.0,Other
LASALGAON(VINCHUR),2024-06-27,2900.0,Other
LASALGAON(VINCHUR),2024-06-28,2900.0,Other
LASALGAON(VINCHUR),2024-06-29,2950.0,Other
LASALGAON(VINCHUR),2024-07-01,3000.0,Other
LASALGAON(VINCHUR),2024-07-02,3050.0,Other
LASALGAON(VINCHUR),2024-07-03,3000.0,Other
LASALGAON(VINCHUR),2024-07-04,3000.0,Other
LASALGAON(VINCHUR),2024-07-05,2950.0,Other
LASALGAON(VINCHUR),2024-07-06,2951.0,Other
LASALGAON(VINCHUR),2024-07-08,2850.0,Other
LASALGAON(VINCHUR),2024-07-09,2850.0,Other
LASALGAON(VINCHUR),2024-07-10,2850.0,Other
LASALGAON(VINCHUR),2024-07-11,2850.0,Other
LASALGAON(VINCHUR),2024-07-12,2900.0,Other
LASALGAON(VINCHUR),2024-07-13,2900.0,Other
LASALGAON(VINCHUR),2024-07-15,2850.0,Other
LASALGAON(VINCHUR),2024-07-16,2800.0,Other
LASALGAON(VINCHUR),2024-07-17,2850.0,Other
LASALGAON(VINCHUR),2024-07-18,2800.0,Other
LASALGAON(VINCHUR),2024-07-19,2750.0,Other
LASALGAON(VINCHUR),2024-07-20,2750.0,Other
LASALGAON(VINCHUR),2024-07-22,2775.0,Other
LASALGAON(VINCHUR),2024-07-23,2775.0,Other
LASALGAON(VINCHUR),2024-07-24,2750.0,Other
LASALGAON(VINCHUR),2024-07-25,2725.0,Other
LASALGAON(VINCHUR),2024-07-26,2675.0,Other
LASALGAON(VINCHUR),2024-07-27,2650.0,Other
LASALGAON(VINCHUR),2024-07-29,2675.0,Other
LASALGAON(VINCHUR),2024-07-30,2700.0,Other
LASALGAON(VINCHUR),2024-07-31,2650.0,Other
LASALGAON(VINCHUR),2024-08-01,2700.0,Other
LASALGAON(VINCHUR),2024-08-02,2700.0,Other
LASALGAON(VINCHUR),2024-08-03,2700.0,Other
LASALGAON(VINCHUR),2024-08-05,2850.0,Other
LASALGAON(VINCHUR),2024-08-06,2911.0,Other
LASALGAON(VINCHUR),2024-08-07,3000.0,Other
LASALGAON(VINCHUR),2024-08-08,3100.0,Other
LASALGAON(VINCHUR),2024-08-09,3100.0,Other
LASALGAON(VINCHUR),2024-08-10,3300.0,Other
LASALGAON(VINCHUR),2024-08-12,3450.0,Other
LASALGAON(VINCHUR),2024-08-14,3300.0,Other
LASALGAON(VINCHUR),2024-08-16,3200.0,Other
LASALGAON(VINCHUR),2024-08-17,3250.0,Other
LASALGAON(VINCHUR),2024-08-19,3250.0,Other
LASALGAON(VINCHUR),2024-08-20,3400.0,Other
LASALGAON(VINCHUR),2024-08-21,3650.0,Other
LASALGAON(VINCHUR),2024-08-22,3712.5,Other
LASALGAON(VINCHUR),2024-08-27,3750.0,Other
LASALGAON(VINCHUR),2024-08-28,3700.0,Other
LASALGAON(VINCHUR),2024-08-29,3550.0,Other
LASALGAON(VINCHUR),2024-08-30,3450.0,Other
LASALGAON(VINCHUR),2024-08-31,3550.0,Other
LASALGAON(VINCHUR),2024-09-03,4050.0,Other
LASALGAON(VINCHUR),2024-09-04,3850.0,Other
LASALGAON(VINCHUR),2024-09-05,4000.0,Other
LASALGAON(VINCHUR),2024-09-06,3900.0,Other
LASALGAON(VINCHUR),2024-09-09,3675.0,Other
LASALGAON(VINCHUR),2024-09-10,3950.0,Other
LASALGAON(VINCHUR),2024-09-11,3900.0,Other
LASALGAON(VINCHUR),2024-09-12,4100.0,Other
LASALGAON(VINCHUR),2024-09-13,4150.0,Other
LASALGAON(VINCHUR),2024-09-14,4650.0,Other
LASALGAON(VINCHUR),2024-09-16,4700.0,Other
LASALGAON(VINCHUR),2024-09-17,4450.0,Other
LASALGAON(VINCHUR),2024-09-18,4300.0,Other
LASALGAON(VINCHUR),2024-09-19,4500.0,Other
LASALGAON(VINCHUR),2024-09-20,4700.0,Other
LASALGAON(VINCHUR),2024-09-21,4700.0,Other
LASALGAON(VINCHUR),2024-09-23,4750.0,Other
LASALGAON(VINCHUR),2024-09-24,4750.0,Other
LASALGAON(VINCHUR),2024-09-26,4600.0,Other
LASALGAON(VINCHUR),2024-09-27,4450.0,Other
LASALGAON(VINCHUR),2024-09-28,4100.0,Other
LASALGAON(VINCHUR),2024-09-30,3800.0,Other
LASALGAON(VINCHUR),2024-10-01,3850.0,Other
LASALGAON(VINCHUR),2024-10-03,4350.0,Other
LASALGAON(VINCHUR),2024-10-04,4500.0,Other
LASALGAON(VINCHUR),2024-10-05,4400.0,Other
LASALGAON(VINCHUR),2024-10-09,4250.0,Other
LASALGAON(VINCHUR),2024-10-10,4075.5,Other
LASALGAON(VINCHUR),2024-10-11,4200.0,Other
LASALGAON(VINCHUR),2024-10-12,4000.0,Other
LASALGAON(VINCHUR),2024-10-14,4225.0,Other
LASALGAON(VINCHUR),2024-10-15,4000.0,Other
LASALGAON(VINCHUR),2024-10-16,4050.0,Other
LASALGAON(VINCHUR),2024-10-17,4050.0,Other
LASALGAON(VINCHUR),2024-10-18,4000.0,Other
LASALGAON(VINCHUR),2024-10-19,4000.0,Other
LASALGAON(VINCHUR),2024-10-21,4100.0,Other
LASALGAON(VINCHUR),2024-10-22,4500.0,Other
LASALGAON(VINCHUR),2024-10-23,4550.0,Other
LASALGAON(VINCHUR),2024-10-24,4475.0,Other
LASALGAON(VINCHUR),2024-10-25,4350.0,Other
LASALGAON(VINCHUR),2024-10-26,4400.0,Other
LASALGAON(VINCHUR),2024-10-28,4300.0,Other
LASALGAON(VINCHUR),2024-10-29,4350.0,Other
LASALGAON(VINCHUR),2024-11-02,4350.0,Other
LASALGAON(VINCHUR),2024-11-04,4655.5,Other
LASALGAON(VINCHUR),2024-11-05,5400.0,Other
LASALGAON(VINCHUR),2024-11-06,4000.0,Red
LASALGAON(VINCHUR),2024-11-07,4000.0,Red
LASALGAON(VINCHUR),2024-11-08,3750.0,Red
LASALGAON(VINCHUR),2024-11-09,3650.0,Red
LASALGAON(VINCHUR),2024-11-11,4300.0,Red
LASALGAON(VINCHUR),2024-11-12,4300.0,Red
LASALGAON(VINCHUR),2024-11-13,4200.0,Red
LASALGAON(VINCHUR),2024-11-14,4550.0,Red
LASALGAON(VINCHUR),2024-11-15,4200.0,Red
LASALGAON(VINCHUR),2024-11-16,3500.0,Red
LASALGAON(VINCHUR),2024-11-18,4000.0,Red
LASALGAON(VINCHUR),2024-11-19,3650.0,Red
LASALGAON(VINCHUR),2024-11-21,4000.0,Red
LASALGAON(VINCHUR),2024-11-22,4100.0,Red
LASALGAON(VINCHUR),2024-11-23,4000.0,Red
LASALGAON(VINCHUR),2024-11-25,4100.0,Red
LASALGAON(VINCHUR),2024-11-26,3900.0,Red
LASALGAON(VINCHUR),2024-11-27,4100.0,Red
LASALGAON(VINCHUR),2024-12-02,3700.0,Red
LASALGAON(VINCHUR),2024-12-03,3600.0,Red
LASALGAON(VINCHUR),2024-12-04,3700.0,Red
LASALGAON(VINCHUR),2024-12-05,3600.0,Red
LASALGAON(VINCHUR),2024-12-06,3800.0,Red
LASALGAON(VINCHUR),2024-12-07,3700.0,Red
LASALGAON(VINCHUR),2024-12-09,3800.0,Red
LASALGAON(VINCHUR),2024-12-10,3750.0,Red
LASALGAON(VINCHUR),2024-12-11,3650.0,Red
LASALGAON(VINCHUR),2024-12-12,3700.0,Red
LASALGAON(VINCHUR),2024-12-13,3250.0,Red
LASALGAON(VINCHUR),2024-12-14,2650.0,Red
LASALGAON(VINCHUR),2024-12-16,2250.0,Red
LASALGAON(VINCHUR),2024-12-17,2100.0,Red
LASALGAON(VINCHUR),2024-12-18,1800.0,Red
LASALGAON(VINCHUR),2024-12-19,1850.0,Red
LASALGAON(VINCHUR),2024-12-20,1750.0,Red
LASALGAON(VINCHUR),2024-12-21,1851.0,Red
LASALGAON(VINCHUR),2024-12-23,1675.0,Red
LASALGAON(VINCHUR),2024-12-24,1825.0,Red
LASALGAON(VINCHUR),2024-12-25,1800.0,Red
LASALGAON(VINCHUR),2024-12-26,1950.0,Red
LASALGAON(VINCHUR),2024-12-27,2200.0,Red
LASALGAON(VINCHUR),2024-12-28,2300.0,Red
LASALGAON(VINCHUR),2024-12-30,2600.0,Red
LASALGAON(VINCHUR),2024-12-31,2600.0,Red
LASALGAON(VINCHUR),2025-01-01,2400.0,Red
LASALGAON(VINCHUR),2025-01-02,2400.0,Red
LASALGAON(VINCHUR),2025-01-03,2400.0,Red
LASALGAON(VINCHUR),2025-01-04,2450.0,Red
LASALGAON(VINCHUR),2025-01-06,2500.0,Red
LASALGAON(VINCHUR),2025-01-07,2400.0,Red
LASALGAON(VINCHUR),2025-01-08,2350.0,Red
LASALGAON(VINCHUR),2025-01-09,2200.0,Red
LASALGAON(VINCHUR),2025-01-10,1925.0,Red
LASALGAON(VINCHUR),2025-01-11,1750.0,Red
LASALGAON(VINCHUR),2025-01-13,1850.0,Red
LASALGAON(VINCHUR),2025-01-14,1925.0,Red
LASALGAON(VINCHUR),2025-01-16,2000.0,Red
LASALGAON(VINCHUR),2025-01-17,2050.0,Red
LASALGAON(VINCHUR),2025-01-18,2250.0,Red
LASALGAON(VINCHUR),2025-01-20,2450.0,Red
LASALGAON(VINCHUR),2025-01-21,2350.0,Red
LASALGAON(VINCHUR),2025-01-22,2350.0,Red
LASALGAON(VINCHUR),2025-01-23,2350.0,Red
LASALGAON(VINCHUR),2025-01-24,2400.0,Red
LASALGAON(VINCHUR),2025-01-25,2400.0,Red
LASALGAON(VINCHUR),2025-01-27,2250.0,Red
LASALGAON(VINCHUR),2025-01-28,2250.0,Red
LASALGAON(VINCHUR),2025-01-29,2300.0,Red
LASALGAON(VINCHUR),2025-01-30,2250.0,Red
LASALGAON(VINCHUR),2025-01-31,2200.0,Red
LASALGAON(VINCHUR),2025-02-01,2100.0,Red
LASALGAON(VINCHUR),2025-02-03,2100.0,Red
LASALGAON(VINCHUR),2025-02-04,2250.0,Red
LASALGAON(VINCHUR),2025-02-05,2250.0,Red
LASALGAON(VINCHUR),2025-02-12,2650.0,Red
LASALGAON(VINCHUR),2025-02-13,2900.0,Red
LASALGAON(VINCHUR),2025-02-14,3100.0,Red
LASALGAON(VINCHUR),2025-02-15,2900.0,Red
LASALGAON(VINCHUR),2025-02-17,2750.0,Red
LASALGAON(VINCHUR),2025-02-18,2700.0,Red
LASALGAON(VINCHUR),2025-02-19,2500.0,Red
LASALGAON(VINCHUR),2025-02-20,2200.0,Red
LASALGAON(VINCHUR),2025-02-21,2300.0,Red
LASALGAON(VINCHUR),2025-02-22,2350.0,Red
LASALGAON(VINCHUR),2025-02-24,2315.0,Red
LASALGAON(VINCHUR),2025-02-25,2430.0,Red
LASALGAON(VINCHUR),2025-02-27,2300.0,Red
LASALGAON(VINCHUR),2025-02-28,2300.0,Red
LASALGAON(VINCHUR),2025-03-01,2200.0,Red
LASALGAON(VINCHUR),2025-03-03,2250.0,Red
LASALGAON(VINCHUR),2025-03-04,2250.0,Red
LASALGAON(VINCHUR),2025-03-05,2250.0,Red
LASALGAON(VINCHUR),2025-03-06,2300.0,Red
LASALGAON(VINCHUR),2025-03-07,2300.0,Red
LASALGAON(VINCHUR),2025-03-08,2200.0,Red
LASALGAON(VINCHUR),2025-03-10,1600.0,Red
LASALGAON(VINCHUR),2025-03-11,1580.0,Red
LASALGAON(VINCHUR),2025-03-12,1480.0,Red
LASALGAON(VINCHUR),2025-03-17,1370.0,Red
LASALGAON(VINCHUR),2025-03-18,1350.0,Red
LASALGAON(VINCHUR),2025-03-19,1400.0,Red
LASALGAON(VINCHUR),2025-03-20,1350.0,Red
LASALGAON(VINCHUR),2025-03-21,1300.0,Red
LASALGAON(VINCHUR),2025-03-22,1280.0,Red
LASALGAON(VINCHUR),2025-03-25,1450.0,Red
LASALGAON(VINCHUR),2025-03-26,1400.0,Red
LASALGAON(VINCHUR),2025-03-27,1300.0,Red
LASALGAON(VINCHUR),2025-04-02,1052.0,Red
LASALGAON(VINCHUR),2025-04-03,1200.0,Red
LASALGAON(VINCHUR),2025-04-04,1141.0,Red
LASALGAON(VINCHUR),2025-04-05,1152.0,Red
LASALGAON(VINCHUR),2025-04-07,1100.0,Red
LASALGAON(VINCHUR),2025-04-08,1100.0,Red
LASALGAON(VINCHUR),2025-04-09,1100.0,Red
LASALGAON(VINCHUR),2025-04-10,1050.0,Red
LASALGAON(VINCHUR),2025-04-11,1000.0,Red
LASALGAON(VINCHUR),2025-04-12,1060.0,Red
LASALGAON(VINCHUR),2025-04-14,1160.0,Other
LASALGAON(VINCHUR),2025-04-15,1180.0,Other
LASALGAON(VINCHUR),2025-04-16,1200.0,Other
LASALGAON(VINCHUR),2025-04-17,1250.0,Other
LASALGAON(VINCHUR),2025-04-18,1230.0,Other
LASALGAON(VINCHUR),2025-04-19,1230.0,Other
LASALGAON(VINCHUR),2025-04-21,1220.0,Other
LASALGAON(VINCHUR),2025-04-22,1220.0,Other
LASALGAON(VINCHUR),2025-04-23,1260.0,Other
LASALGAON(VINCHUR),2025-04-24,1160.0,Other
LASALGAON(VINCHUR),2025-04-25,1230.0,Other
LASALGAON(VINCHUR),2025-04-26,1220.0,Other
LASALGAON(VINCHUR),2025-04-28,1200.0,Other
LASALGAON(VINCHUR),2025-04-29,1180.0,Other
LASALGAON(VINCHUR),2025-04-30,1100.0,Other
LASALGAON(VINCHUR),2025-05-02,1100.0,Other
LASALGAON(VINCHUR),2025-05-03,1120.0,Other
LASALGAON(VINCHUR),2025-05-05,1130.0,Other
LASALGAON(VINCHUR),2025-05-06,1080.0,Other
LASALGAON(VINCHUR),2025-05-07,1080.0,Other
LASALGAON(VINCHUR),2025-05-08,1100.0,Other
LASALGAON(VINCHUR),2025-05-09,1100.0,Other
LASALGAON(VINCHUR),2025-05-10,1120.0,Other
LASALGAON(VINCHUR),2025-05-12,1120.0,Other
LASALGAON(VINCHUR),2025-05-13,1120.0,Other
LASALGAON(VINCHUR),2025-05-15,1100.0,Other
LASALGAON(VINCHUR),2025-05-16,1150.0,Other
LASALGAON(VINCHUR),2025-05-17,1200.0,Other
LASALGAON(VINCHUR),2025-05-19,1150.0,Other
LASALGAON(VINCHUR),2025-05-20,1150.0,Other
LASALGAON(VINCHUR),2025-05-21,1165.0,Other
LASALGAON(VINCHUR),2025-05-22,1130.0,Other
LASALGAON(VINCHUR),2025-05-23,1150.0,Other
LASALGAON(VINCHUR),2025-05-24,1150.0,Other
LASALGAON(VINCHUR),2025-05-26,1200.0,Other
LASALGAON(VINCHUR),2025-05-27,1300.0,Other
LASALGAON(VINCHUR),2025-05-28,1350.0,Other
LASALGAON(VINCHUR),2025-05-29,1400.0,Other
LASALGAON(VINCHUR),2025-05-30,1400.0,Other
LASALGAON(VINCHUR),2025-05-31,1300.0,Other
LASALGAON(VINCHUR),2025-06-02,1300.0,Other
LASALGAON(VINCHUR),2025-06-03,1360.0,Other
LASALGAON(VINCHUR),2025-06-04,1400.0,Other
LASALGAON(VINCHUR),2025-06-05,1440.0,Other
LASALGAON(VINCHUR),2025-06-06,1460.0,Other
LASALGAON(VINCHUR),2025-06-09,1520.0,Other
LASALGAON(VINCHUR),2025-06-10,1550.0,Other
LASALGAON(VINCHUR),2025-06-11,1600.0,Other
LASALGAON(VINCHUR),2025-06-12,1600.0,Other
LASALGAON(VINCHUR),2025-06-13,1600.0,Other
LASALGAON(VINCHUR),2025-06-14,1600.0,Other
LASALGAON(VINCHUR),2025-06-16,1600.0,Other
LASALGAON(VINCHUR),2025-06-17,1550.0,Other
LASALGAON(VINCHUR),2025-06-18,1500.0,Other
LASALGAON(VINCHUR),2025-06-19,1580.0,Other
LASALGAON(VINCHUR),2025-06-20,1580.0,Other
LASALGAON(VINCHUR),2025-06-21,1550.0,Other
LASALGAON(VINCHUR),2025-06-23,1550.0,Other
LASALGAON(VINCHUR),2025-06-24,1600.0,Other
LASALGAON(VINCHUR),2025-06-25,1550.0,Other
LASALGAON(VINCHUR),2025-06-26,1580.0,Other
LASALGAON(VINCHUR),2025-06-28,1500.0,Other
LASALGAON(VINCHUR),2025-06-30,1520.0,Other
LASALGAON(VINCHUR),2025-07-01,1550.0,Other
LASALGAON(VINCHUR),2025-07-02,1550.0,Other
LASALGAON(VINCHUR),2025-07-03,1500.0,Other
LASALGAON(VINCHUR),2025-07-04,1500.0,Other
LASALGAON(VINCHUR),2025-07-05,1500.0,Other
LASALGAON(VINCHUR),2025-07-07,1450.0,Other
LASALGAON(VINCHUR),2025-07-08,1500.0,Other
LASALGAON(VINCHUR),2025-07-09,1500.0,Other
LASALGAON(VINCHUR),2025-07-10,1460.0,Other
LASALGAON(VINCHUR),2025-07-11,1500.0,Other
LASALGAON(VINCHUR),2025-07-12,1450.0,Other
LASALGAON(VINCHUR),2025-07-14,1450.0,Other
LASALGAON(VINCHUR),2025-07-15,1450.0,Other
LASALGAON(VINCHUR),2025-07-16,1500.0,Other
LASALGAON(VINCHUR),2025-07-17,1425.0,Other
LASALGAON(VINCHUR),2025-07-18,1400.0,Other
LASALGAON(VINCHUR),2025-07-21,1400.0,Other
LASALGAON(VINCHUR),2025-07-22,1375.0,Other
LASALGAON(VINCHUR),2025-07-23,1370.0,Other
LASALGAON(VINCHUR),2025-07-24,1400.0,Other
LASALGAON(VINCHUR),2025-07-28,1300.0,Other
LASALGAON(VINCHUR),2025-07-29,1300.0,Other
LASALGAON(VINCHUR),2025-07-30,1300.0,Other
LASALGAON(VINCHUR),2025-07-31,1270.0,Other
LASALGAON(VINCHUR),2025-08-01,1300.0,Other
LASALGAON(VINCHUR),2025-08-02,1300.0,Other
LASALGAON(VINCHUR),2025-08-04,1300.0,Other
LASALGAON(VINCHUR),2025-08-05,1280.0,Other
LASALGAON(VINCHUR),2025-08-07,1270.0,Other
LASALGAON(VINCHUR),2025-08-11,1330.0,Other
LASALGAON(VINCHUR),2025-08-12,1400.0,Other
LASALGAON(VINCHUR),2025-08-13,1650.0,Other
LASALGAON(VINCHUR),2025-08-14,1600.0,Other
LASALGAON(VINCHUR),2025-08-16,1600.0,Other
LASALGAON(VINCHUR),2025-08-18,1600.0,Other
LASALGAON(VINCHUR),2025-08-19,1580.0,Other
LASALGAON(VINCHUR),2025-08-20,1550.0,Other
LASALGAON(VINCHUR),2025-08-21,1500.0,Other
LASALGAON(VINCHUR),2025-08-23,1450.0,Other
LASALGAON(VINCHUR),2025-08-25,1450.0,Other
LASALGAON(VINCHUR),2025-08-26,1450.0,Other
LASALGAON(VINCHUR),2025-08-27,1370.0,Other
LASALGAON(VINCHUR),2025-08-28,1350.0,Other
LASALGAON(VINCHUR),2025-08-29,1350.0,Other
LASALGAON(VINCHUR),2025-08-30,1300.0,Other
LASALGAON(VINCHUR),2025-09-01,1350.0,Other
LASALGAON(VINCHUR),2025-09-02,1350.0,Other
LASALGAON(VINCHUR),2025-09-03,1300.0,Other
LASALGAON(VINCHUR),2025-09-04,1300.0,Other
LASALGAON(VINCHUR),2025-09-05,1300.0,Other
LASALGAON(VINCHUR),2025-09-06,1270.0,Other
LASALGAON(VINCHUR),2025-09-08,1270.0,Other
LASALGAON(VINCHUR),2025-09-09,1275.0,Other
LASALGAON(VINCHUR),2025-09-10,1275.0,Other
LASALGAON(VINCHUR),2025-09-11,1150.0,Other
LASALGAON(VINCHUR),2025-09-12,1150.0,Other
LASALGAON(VINCHUR),2025-09-13,1050.0,Other
LASALGAON(VINCHUR),2025-09-15,1100.0,Other
LASALGAON(VINCHUR),2025-09-16,1210.0,Other
LASALGAON(VINCHUR),2025-09-17,1200.0,Other
LASALGAON(VINCHUR),2025-09-18,1150.0,Other
LASALGAON(VINCHUR),2025-09-19,1125.0,Other
LASALGAON(VINCHUR),2025-09-20,1080.0,Other
LASALGAON(VINCHUR),2025-09-23,1075.0,Other
LASALGAON(VINCHUR),2025-09-24,1100.0,Other
LASALGAON(VINCHUR),2025-09-26,1100.0,Other
LASALGAON(VINCHUR),2025-09-27,1120.0,Other
LASALGAON(VINCHUR),2025-09-29,1100.0,Other
LASALGAON(VINCHUR),2025-09-30,1150.0,Other
LASALGAON(VINCHUR),2025-10-01,1150.0,Other
LASALGAON(VINCHUR),2025-10-02,1175.0,Other
LASALGAON(VINCHUR),2025-10-03,1200.0,Other
LASALGAON(VINCHUR),2025-10-04,1150.0,Other
LASALGAON(VINCHUR),2025-10-06,1100.0,Other
LASALGAON(VINCHUR),2025-10-07,1080.0,Other
LASALGAON(VINCHUR),2025-10-08,1050.0,Other
LASALGAON(VINCHUR),2025-10-09,1030.0,Other
LASALGAON(VINCHUR),2025-10-13,1040.0,Other
LASALGAON(VINCHUR),2025-10-14,1050.0,Other
LASALGAON(VINCHUR),2025-10-15,1040.0,Other
LASALGAON(VINCHUR),2025-10-22,970.0,Other
LASALGAON(VINCHUR),2025-10-27,1250.0,Other
LASALGAON(VINCHUR),2025-10-28,1350.0,Other
LASALGAON(VINCHUR),2025-10-29,1400.0,Other
LASALGAON(VINCHUR),2025-10-30,1550.0,Other
LASALGAON(VINCHUR),2025-10-31,1620.0,Other
LASALGAON(VINCHUR),2025-11-01,1600.0,Other
LASALGAON(VINCHUR),2025-11-03,1550.0,Other
LASALGAON(VINCHUR),2025-11-05,1520.0,Other
LASALGAON(VINCHUR),2025-11-07,1650.0,Other
LASALGAON(VINCHUR),2025-11-08,1520.0,Other
LASALGAON(VINCHUR),2025-11-10,1550.0,Other
LASALGAON(VINCHUR),2025-11-11,1500.0,Other
LASALGAON(VINCHUR),2025-11-12,1450.0,Other
LASALGAON(VINCHUR),2025-11-13,1400.0,Other
LASALGAON(VINCHUR),2025-11-14,1475.0,Other
LASALGAON(VINCHUR),2025-11-15,1450.0,Other
LASALGAON(VINCHUR),2025-11-17,1410.0,Other
LASALGAON(VINCHUR),2025-11-18,1400.0,Other
LASALGAON(VINCHUR),2025-11-19,1370.0,Other
LASALGAON(VINCHUR),2025-11-20,1350.0,Other
LASALGAON(VINCHUR),2025-11-21,1110.0,Other
LASALGAON(VINCHUR),2025-11-22,1150.0,Other
LASALGAON(VINCHUR),2025-11-24,1150.0,Other
LASALGAON(VINCHUR),2025-11-25,1120.0,Other
LASALGAON(VINCHUR),2025-11-27,950.0,Other
LASALGAON(VINCHUR),2025-11-28,980.0,Other
LASALGAON(VINCHUR),2025-11-29,975.0,Other
LASALGAON(VINCHUR),2025-12-01,1000.0,Other
LASALGAON(VINCHUR),2025-12-02,1110.0,Other
LASALGAON(VINCHUR),2025-12-03,1210.0,Other
LASALGAON(VINCHUR),2025-12-04,1210.0,Other
LASALGAON(VINCHUR),2025-12-05,1352.0,Red
LASALGAON(VINCHUR),2025-12-06,1500.0,Red
LASALGAON(VINCHUR),2025-12-08,1500.0,Red
LASALGAON(VINCHUR),2025-12-09,1700.0,Red
LASALGAON(VINCHUR),2025-12-10,2700.0,Red
LASALGAON(VINCHUR),2025-12-11,2500.0,Red
LASALGAON(VINCHUR),2025-12-12,2411.0,Red
LASALGAON(VINCHUR),2025-12-13,2350.0,Red
LASALGAON(VINCHUR),2025-12-15,2350.0,Red
LASALGAON(VINCHUR),2025-12-16,2350.0,Red
LASALGAON(VINCHUR),2025-12-17,2350.0,Red
LASALGAON(VINCHUR),2025-12-18,2250.0,Red
LASALGAON(VINCHUR),2025-12-19,2200.0,Red
LASALGAON(VINCHUR),2025-12-20,1950.0,Red
LASALGAON(VINCHUR),2025-12-22,1770.0,Red
LASALGAON(VINCHUR),2025-12-23,1750.0,Red
LASALGAON(VINCHUR),2025-12-24,1850.0,Red
LASALGAON(VINCHUR),2025-12-25,1800.0,Red
LASALGAON(VINCHUR),2025-12-26,1875.0,Red
LASALGAON(VINCHUR),2025-12-27,1810.0,Red
LASALGAON(VINCHUR),2025-12-29,2050.0,Red
LASALGAON(VINCHUR),2025-12-30,1950.0,Red
LASALGAON(VINCHUR),2025-12-31,1850.0,Red
LASALGAON(VINCHUR),2026-01-01,1800.0,Red
LASALGAON(VINCHUR),2026-01-02,1780.0,Red
LASALGAON(VINCHUR),2026-01-03,1750.0,Red
LASALGAON(VINCHUR),2026-01-05,1550.0,Red
LASALGAON(VINCHUR),2026-01-06,1550.0,Red
LASALGAON(VINCHUR),2026-01-07,1550.0,Red
LASALGAON(VINCHUR),2026-01-08,1575.0,Red
LASALGAON(VINCHUR),2026-01-09,1550.0,Red
LASALGAON(VINCHUR),2026-01-10,1460.0,Red
LASALGAON(VINCHUR),2026-01-12,1500.0,Red
LASALGAON(VINCHUR),2026-01-13,1450.0,Red
LASALGAON(VINCHUR),2026-01-14,1420.0,Red
LASALGAON(VINCHUR),2026-01-16,1425.0,Red
LASALGAON(VINCHUR),2026-01-17,1500.0,Red
LASALGAON(VINCHUR),2026-01-19,1550.0,Red
LASALGAON(VINCHUR),2026-01-20,1475.0,Red
LASALGAON(VINCHUR),2026-01-21,1450.0,Red
LASALGAON(VINCHUR),2026-01-22,1450.0,Red
LASALGAON(VINCHUR),2026-01-23,1450.0,Red
LASALGAON(VINCHUR),2026-01-24,1350.0,Red
LASALGAON(VINCHUR),2026-01-27,1300.0,Red
LASALGAON(VINCHUR),2026-01-28,1325.0,Red
LASALGAON(VINCHUR),2026-01-29,1260.0,Red
LASALGAON(VINCHUR),2026-01-30,1150.0,Red
LASALGAON(VINCHUR),2026-01-31,1080.0,Red
LASALGAON(VINCHUR),2026-02-02,1100.0,Red
LASALGAON(VINCHUR),2026-02-03,1125.0,Red
LASALGAON(VINCHUR),2026-02-04,1100.0,Red
LASALGAON(VINCHUR),2026-02-05,1050.0,Red
LASALGAON(VINCHUR),2026-02-06,1025.0,Red
LASALGAON(VINCHUR),2026-02-07,1100.0,Red
LASALGAON(VINCHUR),2026-02-09,1225.0,Red
LASALGAON(VINCHUR),2026-02-10,1225.0,Red
LASALGAON(VINCHUR),2026-02-11,1180.0,Red
LASALGAON(VINCHUR),2026-02-12,1200.0,Red
LASALGAON(VINCHUR),2026-02-13,1150.0,Red
LASALGAON(VINCHUR),2026-02-14,1100.0,Red
LASALGAON(VINCHUR),2026-02-16,1100.0,Red
LASALGAON(VINCHUR),2026-02-17,1100.0,Red
LASALGAON(VINCHUR),2026-02-18,1100.0,Red
LASALGAON(VINCHUR),2026-02-19,1100.0,Red
LASALGAON(VINCHUR),2026-02-20,1100.0,Red
LASALGAON(VINCHUR),2026-02-21,1100.0,Red
LASALGAON(VINCHUR),2026-02-23,1060.0,Red
LASALGAON(VINCHUR),2026-02-25,930.0,Red
LASALGAON(VINCHUR),2026-02-26,1000.0,Red
LASALGAON(VINCHUR),2026-02-27,1000.0,Red
LASALGAON(VINCHUR),2026-03-05,950.0,Red
LASALGAON(VINCHUR),2026-03-06,950.0,Red
LASALGAON(VINCHUR),2026-03-07,900.0,Red
LASALGAON(VINCHUR),2026-03-09,900.0,Red
LASALGAON(VINCHUR),2026-03-10,900.0,Red
LASALGAON(VINCHUR),2026-03-11,925.0,Red
LASALGAON(VINCHUR),2026-03-12,925.0,Red
LASALGAON(VINCHUR),2026-03-13,950.0,Red
LASALGAON(VINCHUR),2026-03-14,950.0,Red
LASALGAON(VINCHUR),2026-03-16,950.0,Red
LASALGAON(VINCHUR),2026-03-17,900.0,Red
LASALGAON(VINCHUR),2026-03-18,900.0,Red
LASALGAON(VINCHUR),2026-03-19,900.0,Red
LASALGAON(VINCHUR),2026-03-20,875.0,Red
LASALGAON(VINCHUR),2026-03-23,875.0,Red
LASALGAON(VINCHUR),2026-03-24,900.0,Red
LASALGAON(VINCHUR),2026-03-25,1040.0,Red
LASALGAON(VINCHUR),2026-03-27,900.0,Red
LASALGAON(VINCHUR),2026-04-02,850.0,Red
LASALGAON(VINCHUR),2026-04-03,1000.0,Red
LASALGAON(VINCHUR),2026-04-04,950.0,Red
LASALGAON(VINCHUR),2026-04-06,900.0,Red
LASALGAON(VINCHUR),2026-04-07,850.0,Red
LASALGAON(VINCHUR),2026-04-08,850.0,Red
LASALGAON(VINCHUR),2026-04-09,800.0,Red
LASALGAON(VINCHUR),2026-04-10,800.0,Red
LASALGAON(VINCHUR),2026-04-11,1100.0,Other
LASALGAON(VINCHUR),2026-04-13,800.0,Red
LASALGAON(VINCHUR),2026-04-14,1125.0,Other
LASALGAON(VINCHUR),2026-04-15,700.0,Red
LASALGAON(VINCHUR),2026-04-16,700.0,Red
LASALGAON(VINCHUR),2026-04-17,600.0,Red
LASALGAON(VINCHUR),2026-04-20,950.0,Other
LASALGAON(VINCHUR),2026-04-21,1000.0,Other
LASALGAON(VINCHUR),2026-04-22,1000.0,Other
LASALGAON(VINCHUR),2026-04-23,1000.0,Other
LASALGAON(VINCHUR),2026-04-24,1000.0,Other
LASALGAON(VINCHUR),2026-04-25,1000.0,Other
LASALGAON(VINCHUR),2026-04-27,1000.0,Other
LASALGAON(VINCHUR),2026-04-28,1000.0,Other
LASALGAON(VINCHUR),2026-04-29,1000.0,Other
LASALGAON(VINCHUR),2026-04-30,1050.0,Other
LASALGAON(VINCHUR),2026-05-02,1100.0,Other
LASALGAON(VINCHUR),2026-05-04,1100.0,Other
LASALGAON(VINCHUR),2026-05-05,1100.0,Other
MANMAD,2020-01-01,3400.0,Red
MANMAD,2020-01-02,3400.0,Red
MANMAD,2020-01-03,3800.0,Red
MANMAD,2020-01-04,3800.0,Red
MANMAD,2020-01-06,4000.0,Red
MANMAD,2020-01-07,3800.0,Red
MANMAD,2020-01-08,3700.0,Red
MANMAD,2020-01-09,3200.0,Red
MANMAD,2020-01-10,2600.0,Red
MANMAD,2020-01-11,2400.0,Red
MANMAD,2020-01-13,2500.0,Red
MANMAD,2020-01-14,3000.0,Red
MANMAD,2020-01-15,3000.0,Red
MANMAD,2020-01-16,3250.0,Red
MANMAD,2020-01-17,3000.0,Red
MANMAD,2020-01-18,3400.0,Red
MANMAD,2020-01-20,4100.0,Red
MANMAD,2020-01-21,3500.0,Red
MANMAD,2020-01-22,3200.0,Red
MANMAD,2020-01-23,3200.0,Red
MANMAD,2020-01-25,2800.0,Red
MANMAD,2020-01-27,2350.0,Red
MANMAD,2020-01-28,2350.0,Red
MANMAD,2020-01-29,2400.0,Red
MANMAD,2020-01-30,2400.0,Red
MANMAD,2020-01-31,2500.0,Red
MANMAD,2020-02-01,2300.0,Red
MANMAD,2020-02-03,2100.0,Red
MANMAD,2020-02-04,1500.0,Red
MANMAD,2020-02-05,1400.0,Red
MANMAD,2020-02-06,1400.0,Red
MANMAD,2020-02-07,1600.0,Red
MANMAD,2020-02-08,1500.0,Red
MANMAD,2020-02-10,1850.0,Red
MANMAD,2020-02-11,1800.0,Red
MANMAD,2020-02-12,1750.0,Red
MANMAD,2020-02-13,1700.0,Red
MANMAD,2020-02-14,1800.0,Red
MANMAD,2020-02-15,1700.0,Red
MANMAD,2020-02-17,1750.0,Red
MANMAD,2020-02-18,1850.0,Red
MANMAD,2020-02-20,1850.0,Red
MANMAD,2020-02-22,1750.0,Red
MANMAD,2020-02-24,1650.0,Red
MANMAD,2020-02-25,1700.0,Red
MANMAD,2020-02-27,1800.0,Red
MANMAD,2020-02-28,1700.0,Red
MANMAD,2020-02-29,1700.0,Red
MANMAD,2020-03-02,1400.0,Red
MANMAD,2020-03-04,1500.0,Red
MANMAD,2020-03-05,1600.0,Red
MANMAD,2020-03-06,1600.0,Red
MANMAD,2020-03-09,1600.0,Red
MANMAD,2020-03-11,1550.0,Red
MANMAD,2020-03-12,1500.0,Red
MANMAD,2020-03-13,1500.0,Red
MANMAD,2020-03-14,1450.0,Red
MANMAD,2020-03-16,1300.0,Red
MANMAD,2020-03-17,1000.0,Red
MANMAD,2020-03-18,900.0,Red
MANMAD,2020-03-19,750.0,Red
MANMAD,2020-03-20,1000.0,Red
MANMAD,2020-03-21,1000.0,Red
MANMAD,2020-03-23,950.0,Red
MANMAD,2020-04-03,700.0,Red
MANMAD,2020-04-07,650.0,Red
MANMAD,2020-04-30,550.0,Red
MANMAD,2020-05-07,520.0,Other
MANMAD,2020-05-08,525.0,Other
MANMAD,2020-05-12,500.0,Other
MANMAD,2020-05-13,525.0,Other
MANMAD,2020-05-14,480.0,Other
MANMAD,2020-05-15,500.0,Other
MANMAD,2020-05-18,500.0,Other
MANMAD,2020-05-19,500.0,Other
MANMAD,2020-05-20,500.0,Other
MANMAD,2020-05-21,500.0,Other
MANMAD,2020-05-23,600.0,Other
MANMAD,2020-05-25,700.0,Other
MANMAD,2020-05-26,700.0,Other
MANMAD,2020-05-27,675.0,Other
MANMAD,2020-05-28,600.0,Other
MANMAD,2020-05-29,600.0,Other
MANMAD,2020-05-30,650.0,Other
MANMAD,2020-06-01,600.0,Other
MANMAD,2020-06-02,600.0,Other
MANMAD,2020-06-03,650.0,Other
MANMAD,2020-06-04,650.0,Other
MANMAD,2020-06-05,650.0,Other
MANMAD,2020-06-06,650.0,Other
MANMAD,2020-06-08,700.0,Other
MANMAD,2020-06-09,700.0,Other
MANMAD,2020-06-10,750.0,Other
MANMAD,2020-06-11,775.0,Other
MANMAD,2020-06-12,775.0,Other
MANMAD,2020-06-13,750.0,Other
MANMAD,2020-06-15,700.0,Other
MANMAD,2020-06-16,650.0,Other
MANMAD,2020-06-17,650.0,Other
MANMAD,2020-06-18,650.0,Other
MANMAD,2020-06-19,675.0,Other
MANMAD,2020-06-20,675.0,Other
MANMAD,2020-06-22,650.0,Other
MANMAD,2020-06-23,675.0,Other
MANMAD,2020-06-24,670.0,Other
MANMAD,2020-06-25,675.0,Other
MANMAD,2020-06-26,680.0,Other
MANMAD,2020-06-27,700.0,Other
MANMAD,2020-06-29,680.0,Other
MANMAD,2020-06-30,700.0,Other
MANMAD,2020-07-01,690.0,Other
MANMAD,2020-07-02,680.0,Other
MANMAD,2020-07-03,675.0,Other
MANMAD,2020-07-06,650.0,Other
MANMAD,2020-07-07,660.0,Other
MANMAD,2020-07-08,660.0,Other
MANMAD,2020-07-09,670.0,Other
MANMAD,2020-07-10,690.0,Other
MANMAD,2020-07-11,680.0,Other
MANMAD,2020-07-13,700.0,Other
MANMAD,2020-07-14,660.0,Other
MANMAD,2020-07-15,675.0,Other
MANMAD,2020-07-17,700.0,Other
MANMAD,2020-07-18,625.0,Other
MANMAD,2020-07-24,675.0,Other
MANMAD,2020-07-25,620.0,Other
MANMAD,2020-07-27,600.0,Other
MANMAD,2020-07-28,670.0,Other
MANMAD,2020-07-29,575.0,Other
MANMAD,2020-07-30,550.0,Other
MANMAD,2020-07-31,600.0,Other
MANMAD,2020-08-04,550.0,Other
MANMAD,2020-08-05,625.0,Other
MANMAD,2020-08-06,625.0,Other
MANMAD,2020-08-07,610.0,Other
MANMAD,2020-08-08,590.0,Other
MANMAD,2020-08-10,690.0,Other
MANMAD,2020-08-11,825.0,Other
MANMAD,2020-08-12,925.0,Other
MANMAD,2020-08-13,875.0,Other
MANMAD,2020-08-14,950.0,Other
MANMAD,2020-08-17,1150.0,Other
MANMAD,2020-08-19,1675.0,Other
MANMAD,2020-08-24,1200.0,Other
MANMAD,2020-08-26,1575.0,Other
MANMAD,2020-08-27,1550.0,Other
MANMAD,2020-08-28,1550.0,Other
MANMAD,2020-08-29,1500.0,Other
MANMAD,2020-09-02,1750.0,Other
MANMAD,2020-09-03,2000.0,Other
MANMAD,2020-09-04,1950.0,Other
MANMAD,2020-09-05,1950.0,Other
MANMAD,2020-09-07,1950.0,Other
MANMAD,2020-09-08,2050.0,Other
MANMAD,2020-09-09,2400.0,Other
MANMAD,2020-09-10,2400.0,Other
MANMAD,2020-09-11,2300.0,Other
MANMAD,2020-09-12,2400.0,Other
MANMAD,2020-09-14,2850.0,Other
MANMAD,2020-09-15,2200.0,Other
MANMAD,2020-09-16,2350.0,Other
MANMAD,2020-09-17,2350.0,Other
MANMAD,2020-09-18,2450.0,Other
MANMAD,2020-09-19,2600.0,Other
MANMAD,2020-09-21,3700.0,Other
MANMAD,2020-09-22,3300.0,Other
MANMAD,2020-09-23,3300.0,Other
MANMAD,2020-09-24,3250.0,Other
MANMAD,2020-09-25,3000.0,Other
MANMAD,2020-09-26,3200.0,Other
MANMAD,2020-09-28,3200.0,Other
MANMAD,2020-09-29,3000.0,Other
MANMAD,2020-09-30,2900.0,Other
MANMAD,2020-10-01,2800.0,Other
MANMAD,2020-10-05,2600.0,Other
MANMAD,2020-10-06,3000.0,Other
MANMAD,2020-10-07,2900.0,Other
MANMAD,2020-10-08,2900.0,Other
MANMAD,2020-10-09,3100.0,Other
MANMAD,2020-10-10,3100.0,Other
MANMAD,2020-10-12,3800.0,Other
MANMAD,2020-10-13,3800.0,Other
MANMAD,2020-10-14,3900.0,Other
MANMAD,2020-10-15,3700.0,Other
MANMAD,2020-10-30,3300.0,Red
MANMAD,2020-10-31,3700.0,Red
MANMAD,2020-11-02,4000.0,Red
MANMAD,2020-11-03,1200.0,Red
MANMAD,2020-11-04,3000.0,Red
MANMAD,2020-11-05,2550.0,Red
MANMAD,2020-11-06,2800.0,Red
MANMAD,2020-11-07,3000.0,Red
MANMAD,2020-11-09,3000.0,Red
MANMAD,2020-11-10,3000.0,Red
MANMAD,2020-11-11,3000.0,Red
MANMAD,2020-11-19,4000.0,Red
MANMAD,2020-11-20,3300.0,Red
MANMAD,2020-11-21,3800.0,Red
MANMAD,2020-11-23,3500.0,Red
MANMAD,2020-11-24,3400.0,Red
MANMAD,2020-11-25,3000.0,Red
MANMAD,2020-11-26,3500.0,Red
MANMAD,2020-11-27,2450.0,Red
MANMAD,2020-12-01,2700.0,Red
MANMAD,2020-12-02,2600.0,Red
MANMAD,2020-12-03,2600.0,Red
MANMAD,2020-12-04,2300.0,Red
MANMAD,2020-12-07,2400.0,Red
MANMAD,2020-12-09,2600.0,Red
MANMAD,2020-12-10,2600.0,Red
MANMAD,2020-12-11,2400.0,Red
MANMAD,2020-12-12,2700.0,Red
MANMAD,2020-12-15,2600.0,Red
MANMAD,2020-12-16,2300.0,Red
MANMAD,2020-12-17,2000.0,Red
MANMAD,2020-12-18,1600.0,Red
MANMAD,2020-12-19,1700.0,Red
MANMAD,2020-12-21,1500.0,Red
MANMAD,2020-12-22,1700.0,Red
MANMAD,2020-12-23,1700.0,Red
MANMAD,2020-12-24,2000.0,Red
MANMAD,2020-12-25,1800.0,Red
MANMAD,2020-12-26,1800.0,Red
MANMAD,2020-12-28,1600.0,Red
MANMAD,2020-12-29,2000.0,Red
MANMAD,2020-12-30,2300.0,Red
MANMAD,2020-12-31,2200.0,Red
MANMAD,2021-01-01,2100.0,Red
MANMAD,2021-01-02,2000.0,Red
MANMAD,2021-01-04,2300.0,Red
MANMAD,2021-01-05,2500.0,Red
MANMAD,2021-01-06,2500.0,Red
MANMAD,2021-01-09,2700.0,Red
MANMAD,2021-01-11,2900.0,Red
MANMAD,2021-01-12,2400.0,Red
MANMAD,2021-01-14,2300.0,Red
MANMAD,2021-01-16,2400.0,Red
MANMAD,2021-01-18,2350.0,Red
MANMAD,2021-01-19,2600.0,Red
MANMAD,2021-01-20,2600.0,Red
MANMAD,2021-01-21,2600.0,Red
MANMAD,2021-01-22,2500.0,Red
MANMAD,2021-01-23,2300.0,Red
MANMAD,2021-01-25,2400.0,Red
MANMAD,2021-01-27,2300.0,Red
MANMAD,2021-01-28,2500.0,Red
MANMAD,2021-01-29,2600.0,Red
MANMAD,2021-01-30,2800.0,Red
MANMAD,2021-02-01,3200.0,Red
MANMAD,2021-02-02,3200.0,Red
MANMAD,2021-02-03,3200.0,Red
MANMAD,2021-02-04,3200.0,Red
MANMAD,2021-02-05,2900.0,Red
MANMAD,2021-02-06,2900.0,Red
MANMAD,2021-02-08,3100.0,Red
MANMAD,2021-02-09,3400.0,Red
MANMAD,2021-02-10,3400.0,Red
MANMAD,2021-02-12,3100.0,Red
MANMAD,2021-02-13,3000.0,Red
MANMAD,2021-02-15,3600.0,Red
MANMAD,2021-02-16,3400.0,Red
MANMAD,2021-02-17,3700.0,Red
MANMAD,2021-02-18,3600.0,Red
MANMAD,2021-02-20,3600.0,Red
MANMAD,2021-02-22,3700.0,Red
MANMAD,2021-02-23,3200.0,Red
MANMAD,2021-02-24,3000.0,Red
MANMAD,2021-02-25,2300.0,Red
MANMAD,2021-02-26,2000.0,Red
MANMAD,2021-02-27,1900.0,Red
MANMAD,2021-03-01,2200.0,Red
MANMAD,2021-03-02,2300.0,Red
MANMAD,2021-03-03,2200.0,Red
MANMAD,2021-03-04,1800.0,Red
MANMAD,2021-03-05,1600.0,Red
MANMAD,2021-03-06,1700.0,Red
MANMAD,2021-03-08,1300.0,Red
MANMAD,2021-03-09,1000.0,Red
MANMAD,2021-03-10,850.0,Red
MANMAD,2021-03-12,1200.0,Red
MANMAD,2021-03-15,1200.0,Red
MANMAD,2021-03-16,1000.0,Red
MANMAD,2021-03-23,850.0,Red
MANMAD,2021-03-24,800.0,Red
MANMAD,2021-03-25,750.0,Red
MANMAD,2021-03-26,800.0,Red
MANMAD,2021-03-27,800.0,Red
MANMAD,2021-04-05,600.0,Red
MANMAD,2021-04-06,650.0,Red
MANMAD,2021-04-07,650.0,Red
MANMAD,2021-04-08,670.0,Red
MANMAD,2021-04-09,725.0,Red
MANMAD,2021-04-19,700.0,Red
MANMAD,2021-04-23,850.0,Red
MANMAD,2021-04-29,950.0,Red
MANMAD,2021-04-30,900.0,Red
MANMAD,2021-05-03,850.0,Red
MANMAD,2021-05-04,900.0,Red
MANMAD,2021-05-05,1150.0,Other
MANMAD,2021-05-06,1100.0,Other
MANMAD,2021-05-07,1150.0,Other
MANMAD,2021-05-10,1150.0,Other
MANMAD,2021-05-24,1250.0,Other
MANMAD,2021-05-25,1300.0,Other
MANMAD,2021-05-26,1300.0,Other
MANMAD,2021-05-27,1400.0,Other
MANMAD,2021-05-28,1350.0,Other
MANMAD,2021-05-31,1550.0,Other
MANMAD,2021-06-01,1700.0,Other
MANMAD,2021-06-02,1700.0,Other
MANMAD,2021-06-03,1700.0,Other
MANMAD,2021-06-04,1700.0,Other
MANMAD,2021-06-07,1700.0,Other
MANMAD,2021-06-08,1550.0,Other
MANMAD,2021-06-09,1600.0,Other
MANMAD,2021-06-11,1700.0,Other
MANMAD,2021-06-12,1650.0,Other
MANMAD,2021-06-14,1700.0,Other
MANMAD,2021-06-15,1650.0,Other
MANMAD,2021-06-16,1700.0,Other
MANMAD,2021-06-17,1750.0,Other
MANMAD,2021-06-18,1750.0,Other
MANMAD,2021-06-19,1750.0,Other
MANMAD,2021-06-21,1800.0,Other
MANMAD,2021-06-22,1850.0,Other
MANMAD,2021-06-23,1800.0,Other
MANMAD,2021-06-24,1650.0,Other
MANMAD,2021-06-25,1700.0,Other
MANMAD,2021-06-26,1700.0,Other
MANMAD,2021-06-28,1700.0,Other
MANMAD,2021-06-29,1750.0,Other
MANMAD,2021-06-30,1700.0,Other
MANMAD,2021-07-01,1600.0,Other
MANMAD,2021-07-02,1600.0,Other
MANMAD,2021-07-03,1800.0,Other
MANMAD,2021-07-05,1650.0,Other
MANMAD,2021-07-06,1650.0,Other
MANMAD,2021-07-07,1600.0,Other
MANMAD,2021-07-08,1650.0,Other
MANMAD,2021-07-10,1570.0,Other
MANMAD,2021-07-12,1500.0,Other
MANMAD,2021-07-13,1550.0,Other
MANMAD,2021-07-14,1500.0,Other
MANMAD,2021-07-15,1500.0,Other
MANMAD,2021-07-16,1530.0,Other
MANMAD,2021-07-17,1500.0,Other
MANMAD,2021-07-19,1530.0,Other
MANMAD,2021-07-20,1500.0,Other
MANMAD,2021-07-21,1550.0,Other
MANMAD,2021-07-22,1600.0,Other
MANMAD,2021-07-24,1700.0,Other
MANMAD,2021-07-26,1750.0,Other
MANMAD,2021-07-27,1750.0,Other
MANMAD,2021-07-28,1700.0,Other
MANMAD,2021-07-29,1650.0,Other
MANMAD,2021-07-30,1700.0,Other
MANMAD,2021-07-31,1650.0,Other
MANMAD,2021-08-02,1550.0,Other
MANMAD,2021-08-03,1580.0,Other
MANMAD,2021-08-04,1500.0,Other
MANMAD,2021-08-05,1580.0,Other
MANMAD,2021-08-06,1600.0,Other
MANMAD,2021-08-07,1560.0,Other
MANMAD,2021-08-09,1650.0,Other
MANMAD,2021-08-10,1570.0,Other
MANMAD,2021-08-11,1580.0,Other
MANMAD,2021-08-12,1650.0,Other
MANMAD,2021-08-13,1600.0,Other
MANMAD,2021-08-14,1600.0,Other
MANMAD,2021-08-16,1650.0,Other
MANMAD,2021-08-17,1600.0,Other
MANMAD,2021-08-18,1650.0,Other
MANMAD,2021-08-19,1650.0,Other
MANMAD,2021-08-20,1650.0,Other
MANMAD,2021-08-21,1650.0,Other
MANMAD,2021-08-23,1600.0,Other
MANMAD,2021-08-24,1630.0,Other
MANMAD,2021-08-25,1500.0,Other
MANMAD,2021-08-26,1480.0,Other
MANMAD,2021-08-27,1430.0,Other
MANMAD,2021-08-28,1400.0,Other
MANMAD,2021-08-30,1400.0,Other
MANMAD,2021-08-31,1430.0,Other
MANMAD,2021-09-01,1400.0,Other
MANMAD,2021-09-02,1400.0,Other
MANMAD,2021-09-03,1350.0,Other
MANMAD,2021-09-07,1400.0,Other
MANMAD,2021-09-08,1400.0,Other
MANMAD,2021-09-09,1350.0,Other
MANMAD,2021-09-13,1300.0,Other
MANMAD,2021-09-14,1300.0,Other
MANMAD,2021-09-15,1300.0,Other
MANMAD,2021-09-16,1375.0,Other
MANMAD,2021-09-17,1525.0,Other
MANMAD,2021-09-18,1450.0,Other
MANMAD,2021-09-20,1600.0,Other
MANMAD,2021-09-21,1700.0,Other
MANMAD,2021-09-22,1950.0,Other
MANMAD,2021-09-23,2000.0,Other
MANMAD,2021-09-24,2050.0,Other
MANMAD,2021-09-25,1850.0,Other
MANMAD,2021-09-27,1850.0,Other
MANMAD,2021-09-28,1950.0,Other
MANMAD,2021-09-29,2050.0,Other
MANMAD,2021-09-30,2400.0,Other
MANMAD,2021-10-01,2200.0,Other
MANMAD,2021-10-04,3400.0,Other
MANMAD,2021-10-05,3050.0,Other
MANMAD,2021-10-07,3100.0,Other
MANMAD,2021-10-08,3100.0,Other
MANMAD,2021-10-09,3100.0,Other
MANMAD,2021-10-12,3700.0,Other
MANMAD,2021-10-13,3350.0,Other
MANMAD,2021-10-14,2900.0,Other
MANMAD,2021-10-18,3000.0,Other
MANMAD,2021-10-19,2700.0,Other
MANMAD,2021-10-20,2600.0,Other
MANMAD,2021-10-21,2100.0,Other
MANMAD,2021-10-22,2300.0,Other
MANMAD,2021-10-23,2600.0,Other
MANMAD,2021-10-25,2500.0,Other
MANMAD,2021-10-26,2350.0,Other
MANMAD,2021-10-27,2200.0,Other
MANMAD,2021-10-28,2200.0,Other
MANMAD,2021-11-09,2700.0,Other
MANMAD,2021-11-10,2600.0,Other
MANMAD,2021-11-11,2000.0,Other
MANMAD,2021-11-12,1800.0,Other
MANMAD,2021-11-13,2021.0,Other
MANMAD,2021-11-15,1800.0,Other
MANMAD,2021-11-16,2000.0,Other
MANMAD,2021-11-17,1800.0,Other
MANMAD,2021-11-18,1600.0,Other
MANMAD,2021-11-20,1850.0,Other
MANMAD,2021-11-22,2150.0,Other
MANMAD,2021-11-23,2050.0,Other
MANMAD,2021-11-24,1900.0,Other
MANMAD,2021-11-25,1700.0,Other
MANMAD,2021-11-26,1800.0,Other
MANMAD,2021-11-29,2680.0,Red
MANMAD,2021-11-30,1730.0,Red
MANMAD,2021-12-01,1650.0,Red
MANMAD,2021-12-02,1261.0,Red
MANMAD,2021-12-03,1950.0,Red
MANMAD,2021-12-06,1650.0,Red
MANMAD,2021-12-07,1800.0,Red
MANMAD,2021-12-08,2000.0,Red
MANMAD,2021-12-09,2200.0,Red
MANMAD,2021-12-10,2300.0,Red
MANMAD,2021-12-11,2200.0,Red
MANMAD,2021-12-13,2300.0,Red
MANMAD,2021-12-14,2300.0,Red
MANMAD,2021-12-15,1750.0,Red
MANMAD,2021-12-16,1900.0,Red
MANMAD,2021-12-17,1850.0,Red
MANMAD,2021-12-18,1700.0,Red
MANMAD,2021-12-20,1800.0,Red
MANMAD,2021-12-21,1850.0,Red
MANMAD,2021-12-22,1900.0,Red
MANMAD,2021-12-23,1950.0,Red
MANMAD,2021-12-24,1900.0,Red
MANMAD,2021-12-27,1751.0,Red
MANMAD,2021-12-28,1900.0,Red
MANMAD,2021-12-29,1950.0,Red
MANMAD,2021-12-30,1850.0,Red
MANMAD,2021-12-31,1800.0,Red
MANMAD,2022-01-01,1900.0,Red
MANMAD,2022-01-03,2050.0,Red
MANMAD,2022-01-04,2000.0,Red
MANMAD,2022-01-05,2000.0,Red
MANMAD,2022-01-06,2200.0,Red
MANMAD,2022-01-07,2150.0,Red
MANMAD,2022-01-08,1900.0,Red
MANMAD,2022-01-10,2050.0,Red
MANMAD,2022-01-11,2000.0,Red
MANMAD,2022-01-12,1800.0,Red
MANMAD,2022-01-13,1900.0,Red
MANMAD,2022-01-14,1950.0,Red
MANMAD,2022-01-17,1950.0,Red
MANMAD,2022-01-18,2000.0,Red
MANMAD,2022-01-19,2000.0,Red
MANMAD,2022-01-20,2100.0,Red
MANMAD,2022-01-21,2200.0,Red
MANMAD,2022-01-22,2100.0,Red
MANMAD,2022-01-24,2150.0,Red
MANMAD,2022-01-25,2100.0,Red
MANMAD,2022-01-27,2000.0,Red
MANMAD,2022-01-28,2000.0,Red
MANMAD,2022-01-31,2200.0,Red
MANMAD,2022-02-02,2000.0,Red
MANMAD,2022-02-03,2000.0,Red
MANMAD,2022-02-04,2000.0,Red
MANMAD,2022-02-05,1950.0,Red
MANMAD,2022-02-07,2100.0,Red
MANMAD,2022-02-08,2150.0,Red
MANMAD,2022-02-09,2350.0,Red
MANMAD,2022-02-10,2600.0,Red
MANMAD,2022-02-11,2600.0,Red
MANMAD,2022-02-12,2400.0,Red
MANMAD,2022-02-14,2300.0,Red
MANMAD,2022-02-15,2300.0,Red
MANMAD,2022-02-16,2200.0,Red
MANMAD,2022-02-17,2400.0,Red
MANMAD,2022-02-18,2400.0,Red
MANMAD,2022-02-21,2400.0,Red
MANMAD,2022-02-22,2400.0,Red
MANMAD,2022-02-23,2300.0,Red
MANMAD,2022-02-24,2150.0,Red
MANMAD,2022-02-25,2200.0,Red
MANMAD,2022-02-26,2100.0,Red
MANMAD,2022-02-28,1850.0,Red
MANMAD,2022-03-01,1900.0,Red
MANMAD,2022-03-03,1650.0,Red
MANMAD,2022-03-04,1670.0,Red
MANMAD,2022-03-05,1600.0,Red
MANMAD,2022-03-07,1300.0,Red
MANMAD,2022-03-08,1300.0,Red
MANMAD,2022-03-09,1350.0,Red
MANMAD,2022-03-10,1300.0,Red
MANMAD,2022-03-11,1200.0,Red
MANMAD,2022-03-12,1150.0,Red
MANMAD,2022-03-14,1050.0,Red
MANMAD,2022-03-15,1000.0,Red
MANMAD,2022-03-16,900.0,Red
MANMAD,2022-03-17,900.0,Red
MANMAD,2022-03-21,750.0,Red
MANMAD,2022-03-22,750.0,Red
MANMAD,2022-03-23,700.0,Red
MANMAD,2022-03-24,700.0,Red
MANMAD,2022-03-25,750.0,Red
MANMAD,2022-03-26,750.0,Red
MANMAD,2022-03-28,700.0,Red
MANMAD,2022-03-29,700.0,Red
MANMAD,2022-04-02,500.0,Red
MANMAD,2022-04-04,600.0,Red
MANMAD,2022-04-05,550.0,Red
MANMAD,2022-04-06,600.0,Red
MANMAD,2022-04-07,600.0,Red
MANMAD,2022-04-08,600.0,Red
MANMAD,2022-04-09,700.0,Red
MANMAD,2022-04-11,630.0,Red
MANMAD,2022-04-12,600.0,Red
MANMAD,2022-04-13,600.0,Red
MANMAD,2022-04-15,600.0,Red
MANMAD,2022-04-16,620.0,Red
MANMAD,2022-04-18,600.0,Red
MANMAD,2022-04-19,650.0,Red
MANMAD,2022-04-20,660.0,Red
MANMAD,2022-04-21,770.0,Red
MANMAD,2022-04-22,800.0,Red
MANMAD,2022-04-23,650.0,Red
MANMAD,2022-04-25,724.0,Red
MANMAD,2022-04-26,600.0,Red
MANMAD,2022-04-27,850.0,Other
MANMAD,2022-04-28,800.0,Other
MANMAD,2022-04-29,800.0,Other
MANMAD,2022-05-02,800.0,Other
MANMAD,2022-05-04,750.0,Other
MANMAD,2022-05-05,750.0,Other
MANMAD,2022-05-06,750.0,Other
MANMAD,2022-05-07,750.0,Other
MANMAD,2022-05-09,800.0,Other
MANMAD,2022-05-10,800.0,Other
MANMAD,2022-05-11,750.0,Other
MANMAD,2022-05-12,750.0,Other
MANMAD,2022-05-13,750.0,Other
MANMAD,2022-05-14,730.0,Other
MANMAD,2022-05-16,730.0,Other
MANMAD,2022-05-17,750.0,Other
MANMAD,2022-05-18,700.0,Other
MANMAD,2022-05-19,700.0,Other
MANMAD,2022-05-20,700.0,Other
MANMAD,2022-05-21,700.0,Other
MANMAD,2022-05-23,700.0,Other
MANMAD,2022-05-24,775.0,Other
MANMAD,2022-05-25,770.0,Other
MANMAD,2022-05-26,770.0,Other
MANMAD,2022-05-27,830.0,Other
MANMAD,2022-05-28,850.0,Other
MANMAD,2022-05-30,850.0,Other
MANMAD,2022-05-31,900.0,Other
MANMAD,2022-06-01,950.0,Other
MANMAD,2022-06-02,800.0,Other
MANMAD,2022-06-03,900.0,Other
MANMAD,2022-06-04,900.0,Other
MANMAD,2022-06-06,950.0,Other
MANMAD,2022-06-07,950.0,Other
MANMAD,2022-06-08,900.0,Other
MANMAD,2022-06-09,950.0,Other
MANMAD,2022-06-10,950.0,Other
MANMAD,2022-06-11,950.0,Other
MANMAD,2022-06-13,1050.0,Other
MANMAD,2022-06-14,1100.0,Other
MANMAD,2022-06-15,1100.0,Other
MANMAD,2022-06-16,1100.0,Other
MANMAD,2022-06-17,1100.0,Other
MANMAD,2022-06-18,1100.0,Other
MANMAD,2022-06-20,1100.0,Other
MANMAD,2022-06-21,1100.0,Other
MANMAD,2022-06-22,1100.0,Other
MANMAD,2022-06-23,1200.0,Other
MANMAD,2022-06-24,1200.0,Other
MANMAD,2022-06-25,1200.0,Other
MANMAD,2022-06-27,1200.0,Other
MANMAD,2022-06-28,1200.0,Other
MANMAD,2022-06-29,1150.0,Other
MANMAD,2022-06-30,1150.0,Other
MANMAD,2022-07-01,1100.0,Other
MANMAD,2022-07-02,1100.0,Other
MANMAD,2022-07-04,1100.0,Other
MANMAD,2022-07-05,1200.0,Other
MANMAD,2022-07-06,1150.0,Other
MANMAD,2022-07-07,1200.0,Other
MANMAD,2022-07-08,1100.0,Other
MANMAD,2022-07-09,1100.0,Other
MANMAD,2022-07-11,1050.0,Other
MANMAD,2022-07-12,1050.0,Other
MANMAD,2022-07-14,1100.0,Other
MANMAD,2022-07-15,1050.0,Other
MANMAD,2022-07-16,1050.0,Other
MANMAD,2022-07-18,1050.0,Other
MANMAD,2022-07-19,1050.0,Other
MANMAD,2022-07-20,1000.0,Other
MANMAD,2022-07-21,1050.0,Other
MANMAD,2022-07-22,950.0,Other
MANMAD,2022-07-23,850.0,Other
MANMAD,2022-07-25,830.0,Other
MANMAD,2022-07-26,850.0,Other
MANMAD,2022-07-27,900.0,Other
MANMAD,2022-07-28,900.0,Other
MANMAD,2022-07-29,1050.0,Other
MANMAD,2022-07-30,1050.0,Other
MANMAD,2022-08-01,1000.0,Other
MANMAD,2022-08-02,1050.0,Other
MANMAD,2022-08-03,1050.0,Other
MANMAD,2022-08-04,1100.0,Other
MANMAD,2022-08-05,1050.0,Other
MANMAD,2022-08-06,1000.0,Other
MANMAD,2022-08-08,1000.0,Other
MANMAD,2022-08-09,1020.0,Other
MANMAD,2022-08-10,1030.0,Other
MANMAD,2022-08-11,1000.0,Other
MANMAD,2022-08-12,1030.0,Other
MANMAD,2022-08-13,950.0,Other
MANMAD,2022-08-16,1100.0,Other
MANMAD,2022-08-17,1050.0,Other
MANMAD,2022-08-18,1200.0,Other
MANMAD,2022-08-19,1150.0,Other
MANMAD,2022-08-20,1100.0,Other
MANMAD,2022-08-22,1100.0,Other
MANMAD,2022-08-23,1100.0,Other
MANMAD,2022-08-25,1100.0,Other
MANMAD,2022-08-27,1100.0,Other
MANMAD,2022-08-29,1050.0,Other
MANMAD,2022-08-30,950.0,Other
MANMAD,2022-09-01,1050.0,Other
MANMAD,2022-09-02,950.0,Other
MANMAD,2022-09-03,1000.0,Other
MANMAD,2022-09-05,1000.0,Other
MANMAD,2022-09-06,1150.0,Other
MANMAD,2022-09-07,1050.0,Other
MANMAD,2022-09-08,1000.0,Other
MANMAD,2022-09-09,1000.0,Other
MANMAD,2022-09-12,1000.0,Other
MANMAD,2022-09-13,1000.0,Other
MANMAD,2022-09-14,1100.0,Other
MANMAD,2022-09-15,1000.0,Other
MANMAD,2022-09-16,1120.0,Other
MANMAD,2022-09-17,1000.0,Other
MANMAD,2022-09-19,950.0,Other
MANMAD,2022-09-20,950.0,Other
MANMAD,2022-09-22,950.0,Other
MANMAD,2022-09-23,950.0,Other
MANMAD,2022-09-24,1100.0,Other
MANMAD,2022-09-26,1000.0,Other
MANMAD,2022-09-27,1100.0,Other
MANMAD,2022-09-28,1200.0,Other
MANMAD,2022-09-29,1300.0,Other
MANMAD,2022-09-30,1251.0,Other
MANMAD,2022-10-01,1250.0,Other
MANMAD,2022-10-03,1200.0,Other
MANMAD,2022-10-04,1200.0,Other
MANMAD,2022-10-05,1250.0,Other
MANMAD,2022-10-06,1400.0,Other
MANMAD,2022-10-07,1450.0,Other
MANMAD,2022-10-08,1356.0,Other
MANMAD,2022-10-10,1700.0,Other
MANMAD,2022-10-11,1750.0,Other
MANMAD,2022-10-12,1800.0,Other
MANMAD,2022-10-13,1800.0,Other
MANMAD,2022-10-14,1800.0,Other
MANMAD,2022-10-15,1800.0,Other
MANMAD,2022-10-17,1800.0,Other
MANMAD,2022-10-18,1850.0,Other
MANMAD,2022-10-19,1800.0,Other
MANMAD,2022-10-20,1800.0,Other
MANMAD,2022-10-21,1800.0,Other
MANMAD,2022-10-31,2500.0,Other
MANMAD,2022-11-01,2400.0,Other
MANMAD,2022-11-02,2600.0,Other
MANMAD,2022-11-03,2500.0,Other
MANMAD,2022-11-04,2500.0,Other
MANMAD,2022-11-05,2150.0,Other
MANMAD,2022-11-07,2100.0,Other
MANMAD,2022-11-09,2050.0,Other
MANMAD,2022-11-10,2000.0,Other
MANMAD,2022-11-11,1900.0,Other
MANMAD,2022-11-12,2000.0,Other
MANMAD,2022-11-14,2100.0,Other
MANMAD,2022-11-15,1600.0,Other
MANMAD,2022-11-16,1600.0,Other
MANMAD,2022-11-17,1300.0,Other
MANMAD,2022-11-18,1300.0,Other
MANMAD,2022-11-19,1200.0,Other
MANMAD,2022-11-21,900.0,Other
MANMAD,2022-11-22,1300.0,Other
MANMAD,2022-11-23,950.0,Other
MANMAD,2022-11-24,1000.0,Other
MANMAD,2022-11-25,1100.0,Other
MANMAD,2022-11-26,1000.0,Other
MANMAD,2022-11-28,750.0,Other
MANMAD,2022-11-29,750.0,Other
MANMAD,2022-11-30,900.0,Other
MANMAD,2022-12-01,750.0,Other
MANMAD,2022-12-02,750.0,Other
MANMAD,2022-12-03,700.0,Other
MANMAD,2022-12-05,700.0,Other
MANMAD,2022-12-06,750.0,Other
MANMAD,2022-12-07,700.0,Other
MANMAD,2022-12-08,800.0,Other
MANMAD,2022-12-09,800.0,Other
MANMAD,2022-12-10,1800.0,Red
MANMAD,2022-12-12,1500.0,Red
MANMAD,2022-12-13,1530.0,Red
MANMAD,2022-12-14,1600.0,Red
MANMAD,2022-12-15,1600.0,Red
MANMAD,2022-12-16,1600.0,Red
MANMAD,2022-12-17,1600.0,Red
MANMAD,2022-12-19,1500.0,Red
MANMAD,2022-12-20,1500.0,Red
MANMAD,2022-12-21,1500.0,Red
MANMAD,2022-12-22,1851.0,Red
MANMAD,2022-12-23,1650.0,Red
MANMAD,2022-12-24,1600.0,Red
MANMAD,2022-12-26,1750.0,Red
MANMAD,2022-12-27,1750.0,Red
MANMAD,2022-12-28,1450.0,Red
MANMAD,2022-12-29,1350.0,Red
MANMAD,2022-12-30,1300.0,Red
MANMAD,2022-12-31,1350.0,Red
MANMAD,2023-01-02,1350.0,Red
MANMAD,2023-01-03,1350.0,Red
MANMAD,2023-01-04,1400.0,Red
MANMAD,2023-01-05,1450.0,Red
MANMAD,2023-01-06,1350.0,Red
MANMAD,2023-01-07,1450.0,Red
MANMAD,2023-01-10,1300.0,Red
MANMAD,2023-01-11,1250.0,Red
MANMAD,2023-01-12,1200.0,Red
MANMAD,2023-01-13,1200.0,Red
MANMAD,2023-01-14,1100.0,Red
MANMAD,2023-01-17,1000.0,Red
MANMAD,2023-01-18,1200.0,Red
MANMAD,2023-01-19,1300.0,Red
MANMAD,2023-01-20,1250.0,Red
MANMAD,2023-01-21,1300.0,Red
MANMAD,2023-01-23,1250.0,Red
MANMAD,2023-01-24,1250.0,Red
MANMAD,2023-01-25,1250.0,Red
MANMAD,2023-01-27,1150.0,Red
MANMAD,2023-01-28,1100.0,Red
MANMAD,2023-01-30,1100.0,Red
MANMAD,2023-01-31,1100.0,Red
MANMAD,2023-02-02,1100.0,Red
MANMAD,2023-02-03,1050.0,Red
MANMAD,2023-02-04,950.0,Red
MANMAD,2023-02-06,1000.0,Red
MANMAD,2023-02-07,1000.0,Red
MANMAD,2023-02-08,950.0,Red
MANMAD,2023-02-09,950.0,Red
MANMAD,2023-02-10,900.0,Red
MANMAD,2023-02-11,850.0,Red
MANMAD,2023-02-14,750.0,Red
MANMAD,2023-02-15,750.0,Red
MANMAD,2023-02-16,650.0,Red
MANMAD,2023-02-17,700.0,Red
MANMAD,2023-02-20,550.0,Red
MANMAD,2023-02-21,575.0,Red
MANMAD,2023-02-22,500.0,Red
MANMAD,2023-02-23,520.0,Red
MANMAD,2023-02-24,500.0,Red
MANMAD,2023-02-25,520.0,Red
MANMAD,2023-02-27,550.0,Red
MANMAD,2023-02-28,650.0,Red
MANMAD,2023-03-01,650.0,Red
MANMAD,2023-03-02,680.0,Red
MANMAD,2023-03-03,680.0,Red
MANMAD,2023-03-04,650.0,Red
MANMAD,2023-03-06,650.0,Red
MANMAD,2023-03-08,700.0,Red
MANMAD,2023-03-09,700.0,Red
MANMAD,2023-03-10,700.0,Red
MANMAD,2023-03-11,650.0,Red
MANMAD,2023-03-13,700.0,Red
MANMAD,2023-03-14,650.0,Red
MANMAD,2023-03-15,650.0,Red
MANMAD,2023-03-16,550.0,Red
MANMAD,2023-03-17,600.0,Red
MANMAD,2023-03-18,650.0,Red
MANMAD,2023-03-20,600.0,Red
MANMAD,2023-03-21,600.0,Red
MANMAD,2023-03-22,800.0,Red
MANMAD,2023-03-23,725.0,Red
MANMAD,2023-03-24,600.0,Red
MANMAD,2023-03-25,650.0,Red
MANMAD,2023-03-27,600.0,Red
MANMAD,2023-03-28,600.0,Red
MANMAD,2023-03-29,550.0,Red
MANMAD,2023-03-31,550.0,Red
MANMAD,2023-04-07,620.0,Red
MANMAD,2023-04-08,600.0,Red
MANMAD,2023-04-10,550.0,Red
MANMAD,2023-04-11,600.0,Red
MANMAD,2023-04-12,600.0,Red
MANMAD,2023-04-13,600.0,Red
MANMAD,2023-04-15,550.0,Red
MANMAD,2023-04-17,490.0,Red
MANMAD,2023-04-18,480.0,Red
MANMAD,2023-04-19,500.0,Red
MANMAD,2023-04-20,400.0,Red
MANMAD,2023-04-21,600.0,Other
MANMAD,2023-04-24,500.0,Red
MANMAD,2023-04-25,500.0,Red
MANMAD,2023-04-26,400.0,Red
MANMAD,2023-04-28,650.0,Other
MANMAD,2023-05-02,650.0,Other
MANMAD,2023-05-03,760.0,Other
MANMAD,2023-05-04,770.0,Other
MANMAD,2023-05-05,750.0,Other
MANMAD,2023-05-06,770.0,Other
MANMAD,2023-05-08,710.0,Other
MANMAD,2023-05-09,710.0,Other
MANMAD,2023-05-10,690.0,Other
MANMAD,2023-05-11,550.0,Other
MANMAD,2023-05-12,700.0,Other
MANMAD,2023-05-13,700.0,Other
MANMAD,2023-05-15,650.0,Other
MANMAD,2023-05-16,650.0,Other
MANMAD,2023-05-17,510.0,Other
MANMAD,2023-05-18,500.0,Other
MANMAD,2023-05-19,450.0,Other
MANMAD,2023-05-20,425.0,Other
MANMAD,2023-05-22,400.0,Other
MANMAD,2023-05-23,500.0,Other
MANMAD,2023-05-24,550.0,Other
MANMAD,2023-05-25,550.0,Other
MANMAD,2023-05-26,500.0,Other
MANMAD,2023-05-27,600.0,Other
MANMAD,2023-05-29,600.0,Other
MANMAD,2023-05-30,600.0,Other
MANMAD,2023-05-31,700.0,Other
MANMAD,2023-06-01,710.0,Other
MANMAD,2023-06-02,600.0,Other
MANMAD,2023-06-03,600.0,Other
MANMAD,2023-06-05,700.0,Other
MANMAD,2023-06-06,810.0,Other
MANMAD,2023-06-07,750.0,Other
MANMAD,2023-06-08,700.0,Other
MANMAD,2023-06-09,800.0,Other
MANMAD,2023-06-10,750.0,Other
MANMAD,2023-06-12,810.0,Other
MANMAD,2023-06-13,820.0,Other
MANMAD,2023-06-14,850.0,Other
MANMAD,2023-06-15,820.0,Other
MANMAD,2023-06-16,800.0,Other
MANMAD,2023-06-17,750.0,Other
MANMAD,2023-06-19,750.0,Other
MANMAD,2023-06-20,875.0,Other
MANMAD,2023-06-21,875.0,Other
MANMAD,2023-06-22,850.0,Other
MANMAD,2023-06-23,850.0,Other
MANMAD,2023-06-24,875.0,Other
MANMAD,2023-06-26,975.0,Other
MANMAD,2023-06-27,1100.0,Other
MANMAD,2023-06-28,1200.0,Other
MANMAD,2023-06-30,1200.0,Other
MANMAD,2023-07-04,1300.0,Other
MANMAD,2023-07-05,1200.0,Other
MANMAD,2023-07-06,1200.0,Other
MANMAD,2023-07-07,1300.0,Other
MANMAD,2023-07-08,1250.0,Other
MANMAD,2023-07-10,1150.0,Other
MANMAD,2023-07-11,1150.0,Other
MANMAD,2023-07-12,1200.0,Other
MANMAD,2023-07-13,1100.0,Other
MANMAD,2023-07-14,1100.0,Other
MANMAD,2023-07-15,1100.0,Other
MANMAD,2023-07-17,1200.0,Other
MANMAD,2023-07-18,1275.0,Other
MANMAD,2023-07-19,1250.0,Other
MANMAD,2023-07-20,1275.0,Other
MANMAD,2023-07-21,1150.0,Other
MANMAD,2023-07-22,1100.0,Other
MANMAD,2023-07-24,1150.0,Other
MANMAD,2023-07-25,1200.0,Other
MANMAD,2023-07-26,1200.0,Other
MANMAD,2023-07-27,1100.0,Other
MANMAD,2023-07-28,1250.0,Other
MANMAD,2023-07-31,1200.0,Other
MANMAD,2023-08-01,1250.0,Other
MANMAD,2023-08-02,1300.0,Other
MANMAD,2023-08-03,1450.0,Other
MANMAD,2023-08-04,1400.0,Other
MANMAD,2023-08-05,1600.0,Other
MANMAD,2023-08-07,1750.0,Other
MANMAD,2023-08-08,1800.0,Other
MANMAD,2023-08-09,1600.0,Other
MANMAD,2023-08-10,2000.0,Other
MANMAD,2023-08-11,2400.0,Other
MANMAD,2023-08-12,2250.0,Other
MANMAD,2023-08-14,2200.0,Other
MANMAD,2023-08-16,2250.0,Other
MANMAD,2023-08-17,2100.0,Other
MANMAD,2023-08-18,2000.0,Other
MANMAD,2023-08-19,2000.0,Other
MANMAD,2023-08-21,2000.0,Other
MANMAD,2023-08-24,2000.0,Other
MANMAD,2023-08-25,1900.0,Other
MANMAD,2023-08-26,1900.0,Other
MANMAD,2023-08-28,1920.0,Other
MANMAD,2023-08-29,1950.0,Other
MANMAD,2023-08-31,2000.0,Other
MANMAD,2023-09-01,2250.0,Other
MANMAD,2023-09-02,2100.0,Other
MANMAD,2023-09-04,2050.0,Other
MANMAD,2023-09-05,1950.0,Other
MANMAD,2023-09-06,2000.0,Other
MANMAD,2023-09-07,1950.0,Other
MANMAD,2023-09-08,1900.0,Other
MANMAD,2023-09-09,1850.0,Other
MANMAD,2023-09-11,1900.0,Other
MANMAD,2023-09-13,1800.0,Other
MANMAD,2023-09-14,1700.0,Other
MANMAD,2023-09-15,1700.0,Other
MANMAD,2023-09-16,1900.0,Other
MANMAD,2023-09-18,2000.0,Other
MANMAD,2023-10-03,1900.0,Other
MANMAD,2023-10-04,2000.0,Other
MANMAD,2023-10-05,2000.0,Other
MANMAD,2023-10-06,2000.0,Other
MANMAD,2023-10-07,2000.0,Other
MANMAD,2023-10-09,2050.0,Other
MANMAD,2023-10-10,2100.0,Other
MANMAD,2023-10-11,2100.0,Other
MANMAD,2023-10-12,2300.0,Other
MANMAD,2023-10-13,2300.0,Other
MANMAD,2023-10-16,2750.0,Other
MANMAD,2023-10-17,3100.0,Other
MANMAD,2023-10-18,3000.0,Other
MANMAD,2023-10-19,3100.0,Other
MANMAD,2023-10-20,3000.0,Other
MANMAD,2023-10-21,3000.0,Other
MANMAD,2023-10-23,3700.0,Other
MANMAD,2023-10-24,3700.0,Other
MANMAD,2023-10-25,4200.0,Other
MANMAD,2023-10-26,4400.0,Other
MANMAD,2023-10-27,4500.0,Other
MANMAD,2023-10-28,4600.0,Other
MANMAD,2023-10-30,4400.0,Other
MANMAD,2023-10-31,4000.0,Other
MANMAD,2023-11-01,3900.0,Other
MANMAD,2023-11-02,3500.0,Other
MANMAD,2023-11-03,3000.0,Red
MANMAD,2023-11-04,2900.0,Other
MANMAD,2023-11-06,3000.0,Red
MANMAD,2023-11-07,2800.0,Red
MANMAD,2023-11-08,3100.0,Other
MANMAD,2023-11-20,3600.0,Red
MANMAD,2023-11-21,3600.0,Red
MANMAD,2023-11-22,3600.0,Red
MANMAD,2023-11-23,3700.0,Red
MANMAD,2023-11-24,3500.0,Red
MANMAD,2023-11-25,3500.0,Red
MANMAD,2023-11-28,4200.0,Red
MANMAD,2023-11-29,3700.0,Red
MANMAD,2023-11-30,3400.0,Red
MANMAD,2023-12-02,3500.0,Red
MANMAD,2023-12-04,3500.0,Red
MANMAD,2023-12-05,3600.0,Red
MANMAD,2023-12-06,3600.0,Red
MANMAD,2023-12-07,3400.0,Red
MANMAD,2023-12-08,2600.0,Other
MANMAD,2023-12-11,2250.0,Red
MANMAD,2023-12-12,2200.0,Red
MANMAD,2023-12-13,1850.0,Red
MANMAD,2023-12-14,1900.0,Red
MANMAD,2023-12-15,1800.0,Red
MANMAD,2023-12-16,1850.0,Red
MANMAD,2023-12-18,1950.0,Red
MANMAD,2023-12-19,2000.0,Red
MANMAD,2023-12-20,1900.0,Red
MANMAD,2023-12-21,1700.0,Red
MANMAD,2023-12-22,1750.0,Red
MANMAD,2023-12-23,1600.0,Red
MANMAD,2023-12-25,1450.0,Red
MANMAD,2023-12-26,1500.0,Red
MANMAD,2023-12-27,1400.0,Red
MANMAD,2023-12-28,1550.0,Red
MANMAD,2023-12-29,1450.0,Red
MANMAD,2023-12-30,1550.0,Red
MANMAD,2024-01-01,1900.0,Red
MANMAD,2024-01-02,1950.0,Red
MANMAD,2024-01-03,1800.0,Red
MANMAD,2024-01-04,1700.0,Red
MANMAD,2024-01-05,1600.0,Red
MANMAD,2024-01-06,1800.0,Red
MANMAD,2024-01-08,1800.0,Red
MANMAD,2024-01-09,1850.0,Red
MANMAD,2024-01-10,1800.0,Red
MANMAD,2024-01-11,1700.0,Red
MANMAD,2024-01-12,1650.0,Red
MANMAD,2024-01-13,1650.0,Red
MANMAD,2024-01-15,1600.0,Red
MANMAD,2024-01-17,1450.0,Red
MANMAD,2024-01-18,1320.0,Red
MANMAD,2024-01-19,1400.0,Red
MANMAD,2024-01-20,1375.0,Red
MANMAD,2024-01-23,1200.0,Red
MANMAD,2024-01-24,2251.0,Red
MANMAD,2024-01-25,900.0,Red
MANMAD,2024-01-27,800.0,Red
MANMAD,2024-01-29,950.0,Red
MANMAD,2024-01-30,1050.0,Red
MANMAD,2024-01-31,1150.0,Red
MANMAD,2024-02-01,1300.0,Red
MANMAD,2024-02-02,1180.0,Red
MANMAD,2024-02-03,1150.0,Red
MANMAD,2024-02-05,1100.0,Red
MANMAD,2024-02-06,1050.0,Red
MANMAD,2024-02-07,1000.0,Red
MANMAD,2024-02-08,1000.0,Red
MANMAD,2024-02-09,1000.0,Red
MANMAD,2024-02-10,1000.0,Red
MANMAD,2024-02-12,1100.0,Red
MANMAD,2024-02-13,1100.0,Red
MANMAD,2024-02-14,1266.0,Red
MANMAD,2024-02-15,1250.0,Red
MANMAD,2024-02-16,1200.0,Red
MANMAD,2024-02-20,1500.0,Red
MANMAD,2024-02-21,1300.0,Red
MANMAD,2024-02-22,1200.0,Red
MANMAD,2024-02-23,1550.0,Red
MANMAD,2024-02-24,1625.0,Red
MANMAD,2024-02-27,1550.0,Red
MANMAD,2024-02-28,1650.0,Red
MANMAD,2024-02-29,1550.0,Red
MANMAD,2024-03-01,1550.0,Red
MANMAD,2024-03-02,1600.0,Red
MANMAD,2024-03-04,1575.0,Red
MANMAD,2024-03-05,1700.0,Red
MANMAD,2024-03-06,1750.0,Red
MANMAD,2024-03-07,1950.0,Red
MANMAD,2024-03-08,1700.0,Red
MANMAD,2024-03-09,1750.0,Red
MANMAD,2024-03-11,1600.0,Red
MANMAD,2024-03-12,1550.0,Red
MANMAD,2024-03-13,1500.0,Red
MANMAD,2024-03-14,1500.0,Red
MANMAD,2024-03-15,1450.0,Red
MANMAD,2024-03-16,1300.0,Red
MANMAD,2024-03-18,1100.0,Red
MANMAD,2024-03-19,1100.0,Red
MANMAD,2024-03-20,1210.0,Red
MANMAD,2024-03-21,1250.0,Red
MANMAD,2024-03-22,1130.0,Red
MANMAD,2024-03-23,1000.0,Red
MANMAD,2024-03-26,1200.0,Red
MANMAD,2024-03-27,1350.0,Red
MANMAD,2024-03-28,1251.0,Red
MANMAD,2024-05-06,1550.0,Other
MANMAD,2024-05-07,1500.0,Other
MANMAD,2024-05-08,1400.0,Other
MANMAD,2024-05-09,1450.0,Other
MANMAD,2024-05-11,1460.0,Other
MANMAD,2024-05-13,1500.0,Other
MANMAD,2024-05-14,1570.0,Other
MANMAD,2024-05-15,1580.0,Other
MANMAD,2024-05-16,1550.0,Other
MANMAD,2024-05-17,1530.0,Other
MANMAD,2024-05-18,1580.0,Other
MANMAD,2024-05-21,1500.0,Other
MANMAD,2024-05-22,1430.0,Other
MANMAD,2024-05-23,1400.0,Other
MANMAD,2024-05-24,1650.0,Other
MANMAD,2024-05-25,1500.0,Other
MANMAD,2024-05-27,1700.0,Other
MANMAD,2024-05-28,1800.0,Other
MANMAD,2024-05-29,1850.0,Other
MANMAD,2024-05-30,1950.0,Other
MANMAD,2024-05-31,1800.0,Other
MANMAD,2024-06-01,1500.0,Other
MANMAD,2024-06-03,1740.0,Other
MANMAD,2024-06-04,1750.0,Other
MANMAD,2024-06-05,1850.0,Other
MANMAD,2024-06-06,2000.0,Other
MANMAD,2024-06-07,2060.0,Other
MANMAD,2024-06-08,2200.0,Other
MANMAD,2024-06-10,2200.0,Other
MANMAD,2024-06-11,2250.0,Other
MANMAD,2024-06-12,2200.0,Other
MANMAD,2024-06-13,2200.0,Other
MANMAD,2024-06-14,2250.0,Other
MANMAD,2024-06-15,2350.0,Other
MANMAD,2024-06-18,2650.0,Other
MANMAD,2024-06-19,2750.0,Other
MANMAD,2024-06-21,2800.0,Other
MANMAD,2024-06-22,2800.0,Other
MANMAD,2024-06-24,2850.0,Other
MANMAD,2024-06-25,2900.0,Other
MANMAD,2024-06-26,2700.0,Other
MANMAD,2024-06-27,2750.0,Other
MANMAD,2024-06-28,2700.0,Other
MANMAD,2024-06-29,2700.0,Other
MANMAD,2024-07-01,2700.0,Other
MANMAD,2024-07-02,2900.0,Other
MANMAD,2024-07-03,2800.0,Other
MANMAD,2024-07-04,2900.0,Other
MANMAD,2024-07-05,2850.0,Other
MANMAD,2024-07-06,3000.0,Other
MANMAD,2024-07-08,2775.0,Other
MANMAD,2024-07-09,2700.0,Other
MANMAD,2024-07-10,2700.0,Other
MANMAD,2024-07-11,2700.0,Other
MANMAD,2024-07-12,2710.0,Other
MANMAD,2024-07-13,2700.0,Other
MANMAD,2024-07-15,2600.0,Other
MANMAD,2024-07-16,2700.0,Other
MANMAD,2024-07-18,2625.0,Other
MANMAD,2024-07-19,2600.0,Other
MANMAD,2024-07-22,2600.0,Other
MANMAD,2024-07-23,2700.0,Other
MANMAD,2024-07-29,2440.0,Other
MANMAD,2024-07-30,2700.0,Other
MANMAD,2024-07-31,2600.0,Other
MANMAD,2024-08-01,2600.0,Other
MANMAD,2024-08-02,2650.0,Other
MANMAD,2024-08-03,2650.0,Other
MANMAD,2024-08-05,2650.0,Other
MANMAD,2024-08-06,2850.0,Other
MANMAD,2024-08-07,2900.0,Other
MANMAD,2024-08-08,3012.0,Other
MANMAD,2024-08-09,3000.0,Other
MANMAD,2024-08-10,3200.0,Other
MANMAD,2024-08-12,3500.0,Other
MANMAD,2024-08-14,3100.0,Other
MANMAD,2024-08-16,3200.0,Other
MANMAD,2024-08-17,2975.0,Other
MANMAD,2024-08-19,3025.0,Other
MANMAD,2024-08-20,3400.0,Other
MANMAD,2024-08-21,3525.0,Other
MANMAD,2024-08-22,3525.0,Other
MANMAD,2024-08-23,3690.0,Other
MANMAD,2024-08-24,3700.0,Other
MANMAD,2024-08-26,3700.0,Other
MANMAD,2024-08-27,3350.0,Other
MANMAD,2024-08-28,3425.0,Other
MANMAD,2024-08-29,3500.0,Other
MANMAD,2024-08-30,3269.0,Other
MANMAD,2024-08-31,2950.0,Other
MANMAD,2024-09-03,4031.5,Other
MANMAD,2024-09-04,3700.0,Other
MANMAD,2024-09-05,3770.0,Other
MANMAD,2024-09-06,3750.0,Other
MANMAD,2024-09-09,3550.0,Other
MANMAD,2024-09-10,3600.0,Other
MANMAD,2024-09-11,3620.0,Other
MANMAD,2024-09-12,3800.0,Other
MANMAD,2024-09-13,3900.0,Other
MANMAD,2024-09-14,4600.0,Other
MANMAD,2024-09-16,4350.0,Other
MANMAD,2024-09-18,4022.0,Other
MANMAD,2024-09-19,4210.0,Other
MANMAD,2024-09-20,4400.0,Other
MANMAD,2024-09-21,4410.0,Other
MANMAD,2024-09-23,4587.5,Other
MANMAD,2024-09-24,4675.0,Other
MANMAD,2024-09-26,4175.0,Other
MANMAD,2024-09-27,4100.0,Other
MANMAD,2024-09-28,3751.0,Other
MANMAD,2024-09-30,3650.0,Other
MANMAD,2024-10-01,3731.0,Other
MANMAD,2024-10-03,4246.0,Other
MANMAD,2024-10-04,3900.0,Other
MANMAD,2024-10-05,4000.0,Other
MANMAD,2024-10-09,3976.0,Other
MANMAD,2024-10-10,3700.0,Other
MANMAD,2024-10-11,3900.0,Other
MANMAD,2024-10-12,3000.0,Red
MANMAD,2024-10-14,1745.0,Red
MANMAD,2024-10-15,1301.0,Red
MANMAD,2024-10-16,2551.0,Red
MANMAD,2024-10-17,1400.0,Red
MANMAD,2024-10-18,1213.0,Red
MANMAD,2024-10-19,2700.0,Red
MANMAD,2024-10-21,2621.0,Red
MANMAD,2024-10-22,3136.0,Red
MANMAD,2024-10-23,3168.0,Red
MANMAD,2024-10-24,2200.0,Red
MANMAD,2024-10-25,2500.0,Red
MANMAD,2024-10-26,2746.0,Red
MANMAD,2024-10-28,2700.0,Red
MANMAD,2024-11-05,3500.0,Red
MANMAD,2024-11-06,3500.0,Red
MANMAD,2024-11-07,4000.0,Red
MANMAD,2024-11-08,4000.0,Red
MANMAD,2024-11-09,3600.0,Red
MANMAD,2024-11-11,3800.0,Red
MANMAD,2024-11-12,3500.0,Red
MANMAD,2024-11-13,3850.0,Red
MANMAD,2024-11-14,3900.0,Red
MANMAD,2024-11-16,3160.5,Red
MANMAD,2024-11-18,2800.0,Red
MANMAD,2024-11-19,2751.0,Red
MANMAD,2024-11-21,3400.0,Red
MANMAD,2024-11-22,3100.0,Red
MANMAD,2024-11-23,3500.0,Red
MANMAD,2024-11-25,3650.5,Red
MANMAD,2024-11-26,4400.0,Red
MANMAD,2024-11-27,3650.5,Red
MANMAD,2024-11-28,4000.0,Red
MANMAD,2024-11-30,4000.0,Red
MANMAD,2024-12-02,3800.0,Red
MANMAD,2024-12-03,3500.0,Red
MANMAD,2024-12-04,3150.0,Red
MANMAD,2024-12-05,2500.0,Red
MANMAD,2024-12-06,3375.0,Red
MANMAD,2024-12-07,3350.0,Red
MANMAD,2024-12-09,3400.0,Red
MANMAD,2024-12-10,3450.0,Red
MANMAD,2024-12-11,3500.0,Red
MANMAD,2024-12-12,3300.0,Red
MANMAD,2024-12-13,3300.0,Red
MANMAD,2024-12-14,2650.0,Red
MANMAD,2024-12-16,2000.0,Red
MANMAD,2024-12-17,2100.0,Red
MANMAD,2024-12-18,2000.0,Red
MANMAD,2024-12-19,1900.5,Red
MANMAD,2024-12-20,1750.0,Red
MANMAD,2024-12-21,1800.0,Red
MANMAD,2024-12-23,1600.0,Red
MANMAD,2024-12-24,1850.0,Red
MANMAD,2024-12-25,1800.0,Red
MANMAD,2024-12-26,1900.0,Red
MANMAD,2024-12-27,2000.0,Red
MANMAD,2024-12-28,2100.0,Red
MANMAD,2024-12-30,2200.0,Red
MANMAD,2024-12-31,2400.0,Red
MANMAD,2025-01-01,2300.0,Red
MANMAD,2025-01-02,2200.0,Red
MANMAD,2025-01-03,2150.0,Red
MANMAD,2025-01-04,2300.0,Red
MANMAD,2025-01-06,2200.0,Red
MANMAD,2025-01-07,2200.0,Red
MANMAD,2025-01-08,2150.0,Red
MANMAD,2025-01-09,2000.0,Red
MANMAD,2025-01-10,1700.0,Red
MANMAD,2025-01-11,1800.0,Red
MANMAD,2025-01-13,1800.0,Red
MANMAD,2025-01-16,1900.0,Red
MANMAD,2025-01-17,1900.0,Red
MANMAD,2025-01-18,1900.0,Red
MANMAD,2025-01-20,2200.0,Red
MANMAD,2025-01-21,2150.0,Red
MANMAD,2025-01-22,2200.0,Red
MANMAD,2025-01-23,2150.0,Red
MANMAD,2025-01-24,2250.0,Red
MANMAD,2025-01-25,2025.0,Red
MANMAD,2025-01-27,2150.0,Red
MANMAD,2025-01-28,2150.0,Red
MANMAD,2025-01-29,2100.0,Red
MANMAD,2025-01-30,2200.0,Red
MANMAD,2025-01-31,2100.0,Red
MANMAD,2025-02-01,2000.0,Red
MANMAD,2025-02-03,1900.0,Red
MANMAD,2025-02-04,1900.0,Red
MANMAD,2025-02-05,2200.0,Red
MANMAD,2025-02-06,2100.0,Red
MANMAD,2025-02-07,2100.0,Red
MANMAD,2025-02-08,2200.0,Red
MANMAD,2025-02-12,2300.0,Red
MANMAD,2025-02-13,2550.0,Red
MANMAD,2025-02-14,2900.0,Red
MANMAD,2025-02-15,2600.0,Red
MANMAD,2025-02-17,2500.0,Red
MANMAD,2025-02-18,2150.0,Red
MANMAD,2025-02-19,2150.0,Red
MANMAD,2025-02-20,2100.0,Red
MANMAD,2025-02-21,2100.0,Red
MANMAD,2025-02-22,2100.0,Red
MANMAD,2025-02-24,2125.0,Red
MANMAD,2025-02-25,2100.0,Red
MANMAD,2025-02-26,2200.0,Red
MANMAD,2025-02-27,2300.0,Red
MANMAD,2025-02-28,2100.0,Red
MANMAD,2025-03-01,2200.0,Red
MANMAD,2025-03-03,1900.0,Red
MANMAD,2025-03-04,2000.0,Red
MANMAD,2025-03-05,2000.0,Red
MANMAD,2025-03-06,2000.0,Red
MANMAD,2025-03-07,2100.0,Red
MANMAD,2025-03-08,1800.0,Red
MANMAD,2025-03-10,1550.0,Red
MANMAD,2025-03-11,1200.0,Red
MANMAD,2025-03-12,1400.0,Red
MANMAD,2025-03-13,1400.0,Red
MANMAD,2025-03-17,1325.0,Red
MANMAD,2025-03-18,1350.0,Red
MANMAD,2025-03-19,1350.0,Red
MANMAD,2025-03-20,1300.0,Red
MANMAD,2025-03-21,1150.0,Red
MANMAD,2025-03-22,1200.0,Red
MANMAD,2025-03-24,1200.0,Red
MANMAD,2025-03-25,1400.0,Red
MANMAD,2025-03-26,1200.0,Red
MANMAD,2025-03-27,1200.0,Red
MANMAD,2025-03-28,800.0,Red
MANMAD,2025-04-03,900.0,Red
MANMAD,2025-04-04,1000.0,Red
MANMAD,2025-04-05,1000.0,Red
MANMAD,2025-04-07,1000.0,Red
MANMAD,2025-04-08,950.0,Red
MANMAD,2025-04-09,1012.0,Red
MANMAD,2025-04-11,800.0,Red
MANMAD,2025-04-15,701.0,Red
MANMAD,2025-04-16,920.0,Red
MANMAD,2025-04-17,786.0,Red
MANMAD,2025-04-19,543.0,Red
MANMAD,2025-04-21,626.5,Red
MANMAD,2025-04-22,710.0,Red
MANMAD,2025-04-23,1200.0,Other
MANMAD,2025-04-24,1150.0,Other
MANMAD,2025-04-25,1100.0,Other
MANMAD,2025-04-26,1050.0,Other
MANMAD,2025-04-28,1150.0,Other
MANMAD,2025-04-29,1100.0,Other
MANMAD,2025-05-02,1100.0,Other
MANMAD,2025-05-03,1150.0,Other
MANMAD,2025-05-05,1100.0,Other
MANMAD,2025-05-06,1100.0,Other
MANMAD,2025-05-07,1150.0,Other
MANMAD,2025-05-08,1100.0,Other
MANMAD,2025-05-09,1100.0,Other
MANMAD,2025-05-10,1100.0,Other
MANMAD,2025-05-12,1000.0,Other
MANMAD,2025-05-13,1100.0,Other
MANMAD,2025-05-15,1100.0,Other
MANMAD,2025-05-16,1050.0,Other
MANMAD,2025-05-17,950.0,Other
MANMAD,2025-05-19,1000.0,Other
MANMAD,2025-05-20,1100.0,Other
MANMAD,2025-05-21,1137.5,Other
MANMAD,2025-05-22,1100.0,Other
MANMAD,2025-05-23,1100.0,Other
MANMAD,2025-05-24,1100.0,Other
MANMAD,2025-05-27,1150.0,Other
MANMAD,2025-05-28,1200.0,Other
MANMAD,2025-05-29,1287.5,Other
MANMAD,2025-05-30,1100.0,Other
MANMAD,2025-06-02,1250.0,Other
MANMAD,2025-06-03,1250.0,Other
MANMAD,2025-06-04,1300.0,Other
MANMAD,2025-06-05,1300.0,Other
MANMAD,2025-06-06,1300.0,Other
MANMAD,2025-06-09,1300.0,Other
MANMAD,2025-06-10,1500.0,Other
MANMAD,2025-06-11,1500.0,Other
MANMAD,2025-06-12,1500.0,Other
MANMAD,2025-06-13,1500.0,Other
MANMAD,2025-06-14,1500.0,Other
MANMAD,2025-06-16,1300.0,Other
MANMAD,2025-06-17,1500.0,Other
MANMAD,2025-06-18,1400.0,Other
MANMAD,2025-06-19,1350.0,Other
MANMAD,2025-06-20,1400.0,Other
MANMAD,2025-06-21,1375.0,Other
MANMAD,2025-06-23,1500.0,Other
MANMAD,2025-06-24,1500.0,Other
MANMAD,2025-06-25,1400.0,Other
MANMAD,2025-06-26,1400.0,Other
MANMAD,2025-06-27,1300.0,Other
MANMAD,2025-06-28,1400.0,Other
MANMAD,2025-06-30,1450.0,Other
MANMAD,2025-07-01,1425.0,Other
MANMAD,2025-07-02,1575.0,Other
MANMAD,2025-07-03,1425.0,Other
MANMAD,2025-07-04,1450.0,Other
MANMAD,2025-07-05,1400.0,Other
MANMAD,2025-07-07,1475.0,Other
MANMAD,2025-07-08,1400.0,Other
MANMAD,2025-07-09,1400.0,Other
MANMAD,2025-07-11,1400.0,Other
MANMAD,2025-07-12,1350.0,Other
MANMAD,2025-07-14,1250.0,Other
MANMAD,2025-07-15,1225.0,Other
MANMAD,2025-07-16,1325.0,Other
MANMAD,2025-07-17,1200.0,Other
MANMAD,2025-07-18,1300.0,Other
MANMAD,2025-07-19,1300.0,Other
MANMAD,2025-07-21,1300.0,Other
MANMAD,2025-07-22,1305.0,Other
MANMAD,2025-07-23,1275.0,Other
MANMAD,2025-07-24,1200.0,Other
MANMAD,2025-07-25,1300.0,Other
MANMAD,2025-07-26,1200.0,Other
MANMAD,2025-07-28,1025.0,Other
MANMAD,2025-07-29,1200.0,Other
MANMAD,2025-07-30,1300.0,Other
MANMAD,2025-07-31,1175.0,Other
MANMAD,2025-08-01,1150.0,Other
MANMAD,2025-08-02,1200.0,Other
MANMAD,2025-08-04,1200.0,Other
MANMAD,2025-08-05,1212.5,Other
MANMAD,2025-08-06,1200.0,Other
MANMAD,2025-08-07,1200.0,Other
MANMAD,2025-08-08,1270.0,Other
MANMAD,2025-08-09,1270.0,Other
MANMAD,2025-08-11,1300.0,Other
MANMAD,2025-08-12,1300.0,Other
MANMAD,2025-08-13,1530.0,Other
MANMAD,2025-08-14,1550.0,Other
MANMAD,2025-08-16,1575.0,Other
MANMAD,2025-08-18,1450.0,Other
MANMAD,2025-08-19,1400.0,Other
MANMAD,2025-08-21,1400.0,Other
MANMAD,2025-08-22,1450.0,Other
MANMAD,2025-08-25,1312.5,Other
MANMAD,2025-08-26,1350.0,Other
MANMAD,2025-08-28,1275.0,Other
MANMAD,2025-08-29,1300.0,Other
MANMAD,2025-08-30,1320.0,Other
MANMAD,2025-09-01,1300.0,Other
MANMAD,2025-09-02,1300.0,Other
MANMAD,2025-09-03,1287.5,Other
MANMAD,2025-09-04,1250.0,Other
MANMAD,2025-09-05,1300.0,Other
MANMAD,2025-09-09,1000.0,Other
MANMAD,2025-09-10,1000.0,Other
MANMAD,2025-09-11,1100.0,Other
MANMAD,2025-09-12,1100.0,Other
MANMAD,2025-09-13,1050.0,Other
MANMAD,2025-09-15,1025.0,Other
MANMAD,2025-09-16,1025.0,Other
MANMAD,2025-09-17,1100.0,Other
MANMAD,2025-09-18,1100.0,Other
MANMAD,2025-09-19,900.0,Other
MANMAD,2025-09-20,900.0,Other
MANMAD,2025-09-23,925.0,Other
MANMAD,2025-09-24,950.0,Other
MANMAD,2025-09-26,950.0,Other
MANMAD,2025-09-27,975.0,Other
MANMAD,2025-09-29,1000.0,Other
MANMAD,2025-09-30,975.0,Other
MANMAD,2025-10-01,1000.0,Other
MANMAD,2025-10-02,1100.0,Other
MANMAD,2025-10-03,1125.0,Other
MANMAD,2025-10-04,1075.0,Other
MANMAD,2025-10-06,935.0,Other
MANMAD,2025-10-07,1050.0,Other
MANMAD,2025-10-08,975.0,Other
MANMAD,2025-10-09,100.0,Other
MANMAD,2025-10-10,1000.0,Other
MANMAD,2025-10-11,800.0,Other
MANMAD,2025-10-13,1050.0,Other
MANMAD,2025-10-14,1025.0,Other
MANMAD,2025-10-15,1050.0,Other
MANMAD,2025-10-16,975.0,Other
MANMAD,2025-10-17,1000.0,Other
MANMAD,2025-10-27,1100.0,Other
MANMAD,2025-10-28,1215.0,Other
MANMAD,2025-10-29,1220.0,Other
MANMAD,2025-10-30,1187.5,Other
MANMAD,2025-10-31,1300.0,Other
MANMAD,2025-11-01,1490.0,Other
MANMAD,2025-11-03,1512.5,Other
MANMAD,2025-11-04,1350.0,Other
MANMAD,2025-11-05,1200.0,Other
MANMAD,2025-11-07,1500.0,Other
MANMAD,2025-11-08,1500.0,Other
MANMAD,2025-11-10,1350.0,Other
MANMAD,2025-11-15,1100.0,Other
MANMAD,2025-11-17,1350.0,Other
MANMAD,2025-11-18,1300.0,Other
MANMAD,2025-11-19,1400.0,Other
MANMAD,2025-11-22,1100.0,Other
MANMAD,2025-11-24,1150.0,Other
MANMAD,2025-11-25,1000.0,Other
MANMAD,2025-11-26,1000.0,Other
MANMAD,2025-11-27,1000.0,Other
MANMAD,2025-11-28,900.0,Other
MANMAD,2025-11-29,900.0,Other
MANMAD,2025-12-01,900.0,Other
MANMAD,2025-12-03,900.0,Other
MANMAD,2025-12-04,900.0,Other
MANMAD,2025-12-05,1000.0,Other
MANMAD,2025-12-06,900.0,Other
MANMAD,2025-12-08,1100.0,Other
MANMAD,2025-12-09,1200.0,Other
MANMAD,2025-12-10,1500.0,Other
MANMAD,2025-12-11,1500.0,Other
MANMAD,2025-12-12,2400.0,Red
MANMAD,2025-12-13,1800.0,Red
MANMAD,2025-12-15,2000.0,Red
MANMAD,2025-12-16,2400.0,Red
MANMAD,2025-12-17,2200.0,Red
MANMAD,2025-12-18,2100.0,Red
MANMAD,2025-12-19,2100.0,Red
MANMAD,2025-12-20,2000.0,Red
MANMAD,2025-12-22,1550.0,Red
MANMAD,2025-12-23,1600.0,Red
MANMAD,2025-12-24,1600.0,Red
MANMAD,2025-12-25,1800.0,Red
MANMAD,2025-12-26,1800.0,Red
MANMAD,2025-12-27,1850.0,Red
MANMAD,2025-12-29,1800.0,Red
MANMAD,2025-12-30,1750.0,Red
MANMAD,2025-12-31,1800.0,Red
MANMAD,2026-01-01,1800.0,Red
MANMAD,2026-01-02,1750.0,Red
MANMAD,2026-01-03,1500.0,Red
MANMAD,2026-01-05,1300.0,Red
MANMAD,2026-01-06,1450.0,Red
MANMAD,2026-01-07,1300.0,Red
MANMAD,2026-01-08,1350.0,Red
MANMAD,2026-01-09,1350.0,Red
MANMAD,2026-01-10,1450.0,Red
MANMAD,2026-01-12,1300.0,Red
MANMAD,2026-01-13,1300.0,Red
MANMAD,2026-01-14,1350.0,Red
MANMAD,2026-01-16,1300.0,Red
MANMAD,2026-01-17,1450.0,Red
MANMAD,2026-01-19,1550.0,Red
MANMAD,2026-01-20,1450.0,Red
MANMAD,2026-01-21,1475.0,Red
MANMAD,2026-01-22,1450.0,Red
MANMAD,2026-01-23,1375.0,Red
MANMAD,2026-01-24,1300.0,Red
MANMAD,2026-01-28,1277.5,Red
MANMAD,2026-01-29,1250.0,Red
MANMAD,2026-01-30,1050.0,Red
MANMAD,2026-01-31,1000.0,Red
MANMAD,2026-02-02,1000.0,Red
MANMAD,2026-02-03,1025.0,Red
MANMAD,2026-02-04,950.0,Red
MANMAD,2026-02-05,900.0,Red
MANMAD,2026-02-06,1050.0,Red
MANMAD,2026-02-07,1150.0,Red
MANMAD,2026-02-09,1125.0,Red
MANMAD,2026-02-10,1100.0,Red
MANMAD,2026-02-11,1025.0,Red
MANMAD,2026-02-12,1050.0,Red
MANMAD,2026-02-13,1000.0,Red
MANMAD,2026-02-14,1100.0,Red
MANMAD,2026-02-16,950.0,Red
MANMAD,2026-02-17,950.0,Red
MANMAD,2026-02-18,1000.0,Red
MANMAD,2026-02-20,1000.0,Red
MANMAD,2026-02-21,1050.0,Red
MANMAD,2026-02-23,1000.0,Red
MANMAD,2026-02-24,900.0,Red
MANMAD,2026-02-26,850.0,Red
MANMAD,2026-02-27,700.0,Red
MANMAD,2026-02-28,500.0,Red
MANMAD,2026-03-02,900.0,Red
MANMAD,2026-03-04,700.0,Red
MANMAD,2026-03-05,700.0,Red
MANMAD,2026-03-06,600.0,Red
MANMAD,2026-03-07,875.0,Red
MANMAD,2026-03-09,700.0,Red
MANMAD,2026-03-10,600.0,Red
MANMAD,2026-03-11,574.0,Red
MANMAD,2026-03-12,700.0,Red
MANMAD,2026-03-13,500.0,Red
MANMAD,2026-03-14,750.0,Red
MANMAD,2026-03-16,800.0,Red
MANMAD,2026-03-17,725.0,Red
MANMAD,2026-03-18,700.0,Red
MANMAD,2026-03-19,750.0,Red
MANMAD,2026-03-20,725.0,Red
MANMAD,2026-03-23,700.0,Red
MANMAD,2026-03-24,725.0,Red
MANMAD,2026-03-25,800.0,Red
MANMAD,2026-03-27,800.0,Red
MANMAD,2026-03-28,750.0,Red
MANMAD,2026-04-06,875.0,Red
MANMAD,2026-04-07,700.0,Red
MANMAD,2026-04-08,838.0,Red
MANMAD,2026-04-09,850.0,Red
MANMAD,2026-04-10,810.0,Red
MANMAD,2026-04-11,1000.0,Other
MANMAD,2026-04-13,500.0,Red
MANMAD,2026-04-15,650.0,Red
MANMAD,2026-04-16,700.0,Red
MANMAD,2026-04-17,550.0,Red
MANMAD,2026-04-18,500.0,Red
MANMAD,2026-04-20,450.0,Red
MANMAD,2026-04-21,400.0,Red
MANMAD,2026-04-22,550.0,Red
MANMAD,2026-04-23,577.5,Red
MANMAD,2026-04-24,570.5,Red
MANMAD,2026-04-25,406.0,Red
MANMAD,2026-04-27,350.0,Red
MANMAD,2026-04-28,985.0,Other
MANMAD,2026-04-29,950.0,Red
MANMAD,2026-04-30,1100.0,Red
MANMAD,2026-05-02,900.0,Other
MANMAD,2026-05-04,1025.0,Other
MANMAD,2026-05-05,1025.0,Other
MANMAD,2026-05-06,1000.0,Other
NANDGAON,2020-01-01,3250.0,Red
NANDGAON,2020-01-02,3200.0,Red
NANDGAON,2020-01-03,3150.0,Red
NANDGAON,2020-01-04,3300.0,Red
NANDGAON,2020-01-06,3450.0,Red
NANDGAON,2020-01-07,3500.0,Red
NANDGAON,2020-01-08,3100.0,Red
NANDGAON,2020-01-09,2900.0,Red
NANDGAON,2020-01-10,2500.0,Red
NANDGAON,2020-01-13,2400.0,Red
NANDGAON,2020-01-15,3000.0,Red
NANDGAON,2020-01-17,3000.0,Red
NANDGAON,2020-01-18,3150.0,Red
NANDGAON,2020-01-21,3150.0,Red
NANDGAON,2020-01-22,3000.0,Red
NANDGAON,2020-01-23,2900.0,Red
NANDGAON,2020-01-24,2800.0,Red
NANDGAON,2020-01-27,2100.0,Red
NANDGAON,2020-01-28,2300.0,Red
NANDGAON,2020-01-29,2350.0,Red
NANDGAON,2020-02-03,2050.0,Red
NANDGAON,2020-02-04,1550.0,Red
NANDGAON,2020-02-05,1450.0,Red
NANDGAON,2020-02-06,1450.0,Red
NANDGAON,2020-02-07,1511.0,Red
NANDGAON,2020-02-10,1850.0,Red
NANDGAON,2020-02-11,1850.0,Red
NANDGAON,2020-02-14,1650.0,Red
NANDGAON,2020-02-15,1750.0,Red
NANDGAON,2020-02-17,1700.0,Red
NANDGAON,2020-02-18,760.0,Red
NANDGAON,2020-02-20,1750.0,Red
NANDGAON,2020-02-24,1650.0,Red
NANDGAON,2020-02-25,1650.0,Red
NANDGAON,2020-02-26,1640.0,Red
NANDGAON,2020-02-27,1800.0,Red
NANDGAON,2020-02-28,1675.0,Red
NANDGAON,2020-03-02,1450.0,Red
NANDGAON,2020-03-03,1350.0,Red
NANDGAON,2020-03-04,1400.0,Red
NANDGAON,2020-03-05,1450.0,Red
NANDGAON,2020-03-06,1450.0,Red
NANDGAON,2020-03-11,1500.0,Red
NANDGAON,2020-03-12,1550.0,Red
NANDGAON,2020-03-13,1500.0,Red
NANDGAON,2020-03-16,1400.0,Red
NANDGAON,2020-03-17,900.0,Red
NANDGAON,2020-03-18,800.0,Red
NANDGAON,2020-03-19,850.0,Red
NANDGAON,2020-04-07,500.0,Red
NANDGAON,2020-05-06,352.0,Red
NANDGAON,2020-05-08,500.0,Other
NANDGAON,2020-05-11,450.0,Other
NANDGAON,2020-05-14,425.0,Other
NANDGAON,2020-05-15,450.0,Other
NANDGAON,2020-05-18,450.0,Other
NANDGAON,2020-05-19,450.0,Other
NANDGAON,2020-05-20,450.0,Other
NANDGAON,2020-05-21,500.0,Other
NANDGAON,2020-05-26,600.0,Other
NANDGAON,2020-05-27,550.0,Other
NANDGAON,2020-05-28,500.0,Other
NANDGAON,2020-06-01,550.0,Other
NANDGAON,2020-06-08,600.0,Other
NANDGAON,2020-06-09,600.0,Other
NANDGAON,2020-06-10,700.0,Other
NANDGAON,2020-06-11,750.0,Other
NANDGAON,2020-06-12,700.0,Other
NANDGAON,2020-06-15,650.0,Other
NANDGAON,2020-06-16,650.0,Other
NANDGAON,2020-06-17,600.0,Other
NANDGAON,2020-06-18,610.0,Other
NANDGAON,2020-06-19,600.0,Other
NANDGAON,2020-06-22,600.0,Other
NANDGAON,2020-06-23,600.0,Other
NANDGAON,2020-06-24,600.0,Other
NANDGAON,2020-06-25,610.0,Other
NANDGAON,2020-06-29,600.0,Other
NANDGAON,2020-06-30,610.0,Other
NANDGAON,2020-07-01,590.0,Other
NANDGAON,2020-07-02,600.0,Other
NANDGAON,2020-07-03,600.0,Other
NANDGAON,2020-07-06,580.0,Other
NANDGAON,2020-07-07,580.0,Other
NANDGAON,2020-07-08,620.0,Other
NANDGAON,2020-07-09,600.0,Other
NANDGAON,2020-07-10,580.0,Other
NANDGAON,2020-07-13,590.0,Other
NANDGAON,2020-07-14,600.0,Other
NANDGAON,2020-07-15,570.0,Other
NANDGAON,2020-07-16,600.0,Other
NANDGAON,2020-07-17,600.0,Other
NANDGAON,2020-07-21,580.0,Other
NANDGAON,2020-07-22,580.0,Other
NANDGAON,2020-07-23,570.0,Other
NANDGAON,2020-07-24,550.0,Other
NANDGAON,2020-07-27,550.0,Other
NANDGAON,2020-07-28,550.0,Other
NANDGAON,2020-07-29,540.0,Other
NANDGAON,2020-07-30,550.0,Other
NANDGAON,2020-07-31,550.0,Other
NANDGAON,2020-08-04,550.0,Other
NANDGAON,2020-08-05,575.0,Other
NANDGAON,2020-08-06,560.0,Other
NANDGAON,2020-08-07,600.0,Other
NANDGAON,2020-08-10,600.0,Other
NANDGAON,2020-08-11,700.0,Other
NANDGAON,2020-08-12,800.0,Other
NANDGAON,2020-08-13,950.0,Other
NANDGAON,2020-08-17,1050.0,Other
NANDGAON,2020-08-19,1721.0,Other
NANDGAON,2020-08-20,1361.0,Other
NANDGAON,2020-08-24,1100.0,Other
NANDGAON,2020-08-25,1200.0,Other
NANDGAON,2020-08-26,1350.0,Other
NANDGAON,2020-08-27,1450.0,Other
NANDGAON,2020-08-28,1450.0,Other
NANDGAON,2020-08-29,1530.0,Other
NANDGAON,2020-09-02,1700.0,Other
NANDGAON,2020-09-03,1900.0,Other
NANDGAON,2020-09-04,1921.0,Other
NANDGAON,2020-09-07,1801.0,Other
NANDGAON,2020-09-08,1950.0,Other
NANDGAON,2020-09-09,2350.0,Other
NANDGAON,2020-09-10,2350.0,Other
NANDGAON,2020-09-11,2000.0,Other
NANDGAON,2020-09-14,2950.0,Other
NANDGAON,2020-09-15,2200.0,Other
NANDGAON,2020-09-16,2400.0,Other
NANDGAON,2020-09-18,2300.0,Other
NANDGAON,2020-09-21,3500.0,Other
NANDGAON,2020-09-22,3050.0,Other
NANDGAON,2020-09-23,3150.0,Other
NANDGAON,2020-09-24,2950.0,Other
NANDGAON,2020-09-25,3010.0,Other
NANDGAON,2020-09-28,3050.0,Other
NANDGAON,2020-09-29,3050.0,Other
NANDGAON,2020-09-30,2750.0,Other
NANDGAON,2020-10-01,3100.0,Other
NANDGAON,2020-10-05,2700.0,Other
NANDGAON,2020-10-06,3000.0,Other
NANDGAON,2020-10-07,3000.0,Other
NANDGAON,2020-10-08,3100.0,Other
NANDGAON,2020-10-09,3125.0,Other
NANDGAON,2020-10-12,3650.0,Other
NANDGAON,2020-10-13,3750.0,Other
NANDGAON,2020-10-14,3950.0,Other
NANDGAON,2020-11-02,2800.0,Red
NANDGAON,2020-11-03,1500.0,Red
NANDGAON,2020-11-04,1500.0,Red
NANDGAON,2020-11-05,2700.0,Red
NANDGAON,2020-11-06,1600.0,Red
NANDGAON,2020-11-09,3000.0,Red
NANDGAON,2020-11-10,2600.0,Red
NANDGAON,2020-11-11,3000.0,Red
NANDGAON,2020-11-18,3350.0,Red
NANDGAON,2020-11-19,3500.0,Red
NANDGAON,2020-11-20,4000.0,Red
NANDGAON,2020-11-23,3300.0,Red
NANDGAON,2020-11-24,3350.0,Red
NANDGAON,2020-11-25,3300.0,Red
NANDGAON,2020-11-26,2900.0,Red
NANDGAON,2020-11-27,2500.0,Red
NANDGAON,2020-12-03,2400.0,Red
NANDGAON,2020-12-04,2400.0,Red
NANDGAON,2020-12-07,2300.0,Red
NANDGAON,2020-12-09,2850.0,Red
NANDGAON,2020-12-10,2700.0,Red
NANDGAON,2020-12-11,2700.0,Red
NANDGAON,2020-12-15,2700.0,Red
NANDGAON,2020-12-16,2300.0,Red
NANDGAON,2020-12-17,1750.0,Red
NANDGAON,2020-12-18,1450.0,Red
NANDGAON,2020-12-21,1500.0,Red
NANDGAON,2020-12-22,1900.0,Red
NANDGAON,2020-12-23,1950.0,Red
NANDGAON,2020-12-24,2150.0,Red
NANDGAON,2020-12-28,1751.0,Red
NANDGAON,2020-12-29,2350.0,Red
NANDGAON,2020-12-30,2200.0,Red
NANDGAON,2020-12-31,2450.0,Red
NANDGAON,2021-01-01,2350.0,Red
NANDGAON,2021-01-04,2250.0,Red
NANDGAON,2021-01-18,2350.0,Red
NANDGAON,2021-01-19,2700.0,Red
NANDGAON,2021-01-20,2650.0,Red
NANDGAON,2021-01-21,2600.0,Red
NANDGAON,2021-01-22,2500.0,Red
NANDGAON,2021-01-25,2250.0,Red
NANDGAON,2021-01-27,2350.0,Red
NANDGAON,2021-01-28,2500.0,Red
NANDGAON,2021-01-29,2650.0,Red
NANDGAON,2021-02-01,3400.0,Red
NANDGAON,2021-02-02,3351.0,Red
NANDGAON,2021-02-03,3451.0,Red
NANDGAON,2021-02-04,2850.0,Red
NANDGAON,2021-02-05,2800.0,Red
NANDGAON,2021-02-08,3201.0,Red
NANDGAON,2021-02-09,3250.0,Red
NANDGAON,2021-02-10,3450.0,Red
NANDGAON,2021-02-12,3300.0,Red
NANDGAON,2021-02-15,3250.0,Red
NANDGAON,2021-02-16,3450.0,Red
NANDGAON,2021-02-25,2150.0,Red
NANDGAON,2021-02-26,2100.0,Red
NANDGAON,2021-03-01,2250.0,Red
NANDGAON,2021-03-02,2500.0,Red
NANDGAON,2021-03-03,2250.0,Red
NANDGAON,2021-03-04,1650.0,Red
NANDGAON,2021-03-05,1550.0,Red
NANDGAON,2021-03-08,1300.0,Red
NANDGAON,2021-03-09,1200.0,Red
NANDGAON,2021-03-10,1050.0,Red
NANDGAON,2021-03-12,1200.0,Red
NANDGAON,2021-03-15,1200.0,Red
NANDGAON,2021-03-23,800.0,Red
NANDGAON,2021-03-24,800.0,Red
NANDGAON,2021-03-25,750.0,Red
NANDGAON,2021-04-05,650.0,Red
NANDGAON,2021-04-06,650.0,Red
NANDGAON,2021-04-07,700.0,Red
NANDGAON,2021-04-13,700.0,Red
NANDGAON,2021-04-15,750.0,Red
NANDGAON,2021-04-16,750.0,Red
NANDGAON,2021-04-28,900.0,Red
NANDGAON,2021-04-29,875.0,Red
NANDGAON,2021-05-03,900.0,Red
NANDGAON,2021-05-04,850.0,Red
NANDGAON,2021-05-05,750.0,Red
NANDGAON,2021-05-06,800.0,Red
NANDGAON,2021-05-10,800.0,Red
NANDGAON,2021-05-24,1300.0,Other
NANDGAON,2021-05-25,1450.0,Other
NANDGAON,2021-05-26,1400.0,Other
NANDGAON,2021-05-31,1550.0,Other
NANDGAON,2021-06-01,1500.0,Other
NANDGAON,2021-06-02,1600.0,Other
NANDGAON,2021-06-03,1600.0,Other
NANDGAON,2021-06-07,1550.0,Other
NANDGAON,2021-06-08,1550.0,Other
NANDGAON,2021-06-09,1550.0,Other
NANDGAON,2021-06-11,1600.0,Other
NANDGAON,2021-06-14,1650.0,Other
NANDGAON,2021-06-15,1700.0,Other
NANDGAON,2021-06-16,1650.0,Other
NANDGAON,2021-06-17,1750.0,Other
NANDGAON,2021-06-18,1800.0,Other
NANDGAON,2021-06-21,1850.0,Other
NANDGAON,2021-06-22,1800.0,Other
NANDGAON,2021-06-23,1750.0,Other
NANDGAON,2021-06-24,1750.0,Other
NANDGAON,2021-06-28,1680.0,Other
NANDGAON,2021-06-29,1650.0,Other
NANDGAON,2021-07-01,1550.0,Other
NANDGAON,2021-07-02,1650.0,Other
NANDGAON,2021-07-05,1650.0,Other
NANDGAON,2021-07-06,1650.0,Other
NANDGAON,2021-07-07,1650.0,Other
NANDGAON,2021-07-08,1650.0,Other
NANDGAON,2021-07-09,1650.0,Other
NANDGAON,2021-07-12,1550.0,Other
NANDGAON,2021-07-13,1550.0,Other
NANDGAON,2021-07-14,1550.0,Other
NANDGAON,2021-07-15,1450.0,Other
NANDGAON,2021-07-16,1500.0,Other
NANDGAON,2021-07-22,1575.0,Other
NANDGAON,2021-07-23,1571.0,Other
NANDGAON,2021-07-26,1700.0,Other
NANDGAON,2021-07-27,1700.0,Other
NANDGAON,2021-07-28,1650.0,Other
NANDGAON,2021-07-29,1650.0,Other
NANDGAON,2021-07-30,1650.0,Other
NANDGAON,2021-08-03,1550.0,Other
NANDGAON,2021-08-04,1580.0,Other
NANDGAON,2021-08-05,1550.0,Other
NANDGAON,2021-08-06,1550.0,Other
NANDGAON,2021-08-09,1550.0,Other
NANDGAON,2021-08-10,1500.0,Other
NANDGAON,2021-08-11,1550.0,Other
NANDGAON,2021-08-12,1600.0,Other
NANDGAON,2021-08-13,1600.0,Other
NANDGAON,2021-08-16,1650.0,Other
NANDGAON,2021-08-17,1675.0,Other
NANDGAON,2021-08-18,1675.0,Other
NANDGAON,2021-08-20,1650.0,Other
NANDGAON,2021-08-23,1475.0,Other
NANDGAON,2021-08-24,1500.0,Other
NANDGAON,2021-08-25,1500.0,Other
NANDGAON,2021-08-26,1375.0,Other
NANDGAON,2021-08-27,1450.0,Other
NANDGAON,2021-08-30,1350.0,Other
NANDGAON,2021-08-31,1350.0,Other
NANDGAON,2021-09-01,1450.0,Other
NANDGAON,2021-09-02,1350.0,Other
NANDGAON,2021-09-07,1350.0,Other
NANDGAON,2021-09-08,1451.0,Other
NANDGAON,2021-09-13,1350.0,Other
NANDGAON,2021-09-14,1350.0,Other
NANDGAON,2021-09-15,1370.0,Other
NANDGAON,2021-09-16,1350.0,Other
NANDGAON,2021-09-17,1370.0,Other
NANDGAON,2021-09-20,1650.0,Other
NANDGAON,2021-09-21,1650.0,Other
NANDGAON,2021-09-23,1900.0,Other
NANDGAON,2021-09-24,1900.0,Other
NANDGAON,2021-09-27,1800.0,Other
NANDGAON,2021-09-28,1800.0,Other
NANDGAON,2021-09-29,2300.0,Other
NANDGAON,2021-09-30,2350.0,Other
NANDGAON,2021-10-04,3300.0,Other
NANDGAON,2021-10-05,3000.0,Other
NANDGAON,2021-10-06,2735.0,Other
NANDGAON,2021-10-07,3150.0,Other
NANDGAON,2021-10-08,3100.0,Other
NANDGAON,2021-10-12,3450.0,Other
NANDGAON,2021-10-14,2950.0,Other
NANDGAON,2021-10-18,2750.0,Other
NANDGAON,2021-10-20,2500.0,Other
NANDGAON,2021-10-21,2250.0,Other
NANDGAON,2021-10-25,2300.0,Other
NANDGAON,2021-10-26,2350.0,Other
NANDGAON,2021-10-27,2200.0,Other
NANDGAON,2021-10-28,2200.0,Other
NANDGAON,2021-10-29,2101.0,Other
NANDGAON,2021-11-08,2650.0,Other
NANDGAON,2021-11-09,2600.0,Other
NANDGAON,2021-11-10,2600.0,Other
NANDGAON,2021-11-11,1950.0,Other
NANDGAON,2021-11-12,1850.0,Other
NANDGAON,2021-11-15,1600.0,Other
NANDGAON,2021-11-16,1650.0,Other
NANDGAON,2021-11-17,1700.0,Other
NANDGAON,2021-11-22,1850.0,Other
NANDGAON,2021-11-23,1750.0,Other
NANDGAON,2021-11-24,1650.0,Other
NANDGAON,2021-11-25,1550.0,Other
NANDGAON,2021-11-26,1550.0,Other
NANDGAON,2021-11-29,1250.0,Other
NANDGAON,2021-11-30,1300.0,Other
NANDGAON,2021-12-01,1550.0,Red
NANDGAON,2021-12-02,1450.0,Red
NANDGAON,2021-12-03,1750.0,Red
NANDGAON,2021-12-06,1250.0,Red
NANDGAON,2021-12-07,1550.0,Red
NANDGAON,2021-12-08,1550.0,Red
NANDGAON,2021-12-09,1600.0,Red
NANDGAON,2021-12-10,1850.0,Red
NANDGAON,2021-12-13,1850.0,Red
NANDGAON,2021-12-14,1950.0,Red
NANDGAON,2021-12-15,1750.0,Red
NANDGAON,2021-12-16,1600.0,Red
NANDGAON,2021-12-17,1500.0,Red
NANDGAON,2021-12-20,1650.0,Red
NANDGAON,2021-12-21,1600.0,Red
NANDGAON,2021-12-22,1650.0,Red
NANDGAON,2021-12-23,1650.0,Red
NANDGAON,2021-12-24,1700.0,Red
NANDGAON,2021-12-27,1750.0,Red
NANDGAON,2021-12-28,1700.0,Red
NANDGAON,2021-12-29,1650.0,Red
NANDGAON,2021-12-30,1700.0,Red
NANDGAON,2021-12-31,1700.0,Red
NANDGAON,2022-01-03,1800.0,Red
NANDGAON,2022-01-04,1850.0,Red
NANDGAON,2022-01-06,1950.0,Red
NANDGAON,2022-01-07,1971.0,Red
NANDGAON,2022-01-10,1750.0,Red
NANDGAON,2022-01-11,1850.0,Red
NANDGAON,2022-01-13,1675.0,Red
NANDGAON,2022-01-14,1850.0,Red
NANDGAON,2022-01-17,1750.0,Other
NANDGAON,2022-01-18,1900.0,Red
NANDGAON,2022-01-19,1950.0,Red
NANDGAON,2022-01-20,1950.0,Red
NANDGAON,2022-01-21,2000.0,Red
NANDGAON,2022-01-24,2000.0,Red
NANDGAON,2022-01-25,1850.0,Red
NANDGAON,2022-01-27,1750.0,Red
NANDGAON,2022-01-28,1850.0,Red
NANDGAON,2022-01-31,1850.0,Red
NANDGAON,2022-02-01,1900.0,Red
NANDGAON,2022-02-02,1870.0,Red
NANDGAON,2022-02-03,1850.0,Red
NANDGAON,2022-02-04,1800.0,Red
NANDGAON,2022-02-07,1900.0,Red
NANDGAON,2022-02-08,2050.0,Red
NANDGAON,2022-02-09,2350.0,Red
NANDGAON,2022-02-10,2450.0,Red
NANDGAON,2022-02-11,2500.0,Red
NANDGAON,2022-02-14,1950.0,Red
NANDGAON,2022-02-15,1900.0,Red
NANDGAON,2022-02-16,2150.0,Red
NANDGAON,2022-02-17,2200.0,Red
NANDGAON,2022-02-18,2250.0,Red
NANDGAON,2022-02-21,2250.0,Red
NANDGAON,2022-02-22,2150.0,Red
NANDGAON,2022-02-23,2150.0,Red
NANDGAON,2022-02-24,1950.0,Red
NANDGAON,2022-02-25,1950.0,Red
NANDGAON,2022-02-28,1650.0,Red
NANDGAON,2022-03-02,1650.0,Red
NANDGAON,2022-03-04,1350.0,Red
NANDGAON,2022-03-07,1250.0,Red
NANDGAON,2022-03-08,1150.0,Red
NANDGAON,2022-03-09,1250.0,Red
NANDGAON,2022-03-10,1100.0,Red
NANDGAON,2022-03-11,1100.0,Red
NANDGAON,2022-03-14,811.0,Red
NANDGAON,2022-03-15,750.0,Red
NANDGAON,2022-03-16,850.0,Red
NANDGAON,2022-03-21,600.0,Red
NANDGAON,2022-03-22,600.0,Red
NANDGAON,2022-03-23,550.0,Red
NANDGAON,2022-03-24,550.0,Red
NANDGAON,2022-04-18,600.0,Red
NANDGAON,2022-04-19,600.0,Red
NANDGAON,2022-04-20,600.0,Red
NANDGAON,2022-04-21,500.0,Red
NANDGAON,2022-04-25,550.0,Red
NANDGAON,2022-04-26,450.0,Red
NANDGAON,2022-04-27,350.0,Red
NANDGAON,2022-04-28,400.0,Red
NANDGAON,2022-04-29,351.0,Red
NANDGAON,2022-05-04,600.0,Other
NANDGAON,2022-05-05,650.0,Other
NANDGAON,2022-05-09,600.0,Other
NANDGAON,2022-05-10,550.0,Other
NANDGAON,2022-05-13,550.0,Other
NANDGAON,2022-05-23,600.0,Other
NANDGAON,2022-05-24,550.0,Other
NANDGAON,2022-05-30,700.0,Other
NANDGAON,2022-05-31,750.0,Other
NANDGAON,2022-06-06,850.0,Other
NANDGAON,2022-06-07,800.0,Other
NANDGAON,2022-06-08,850.0,Other
NANDGAON,2022-06-09,900.0,Other
NANDGAON,2022-06-13,1050.0,Other
NANDGAON,2022-06-14,1100.0,Other
NANDGAON,2022-06-16,1050.0,Other
NANDGAON,2022-06-20,1050.0,Other
NANDGAON,2022-06-21,1121.0,Other
NANDGAON,2022-06-22,1150.0,Other
NANDGAON,2022-06-23,1151.0,Other
NANDGAON,2022-06-27,1150.0,Other
NANDGAON,2022-06-28,1100.0,Other
NANDGAON,2022-06-29,1111.0,Other
NANDGAON,2022-06-30,1100.0,Other
NANDGAON,2022-07-04,1050.0,Other
NANDGAON,2022-07-05,1100.0,Other
NANDGAON,2022-07-06,1151.0,Other
NANDGAON,2022-07-07,1150.0,Other
NANDGAON,2022-07-08,1100.0,Other
NANDGAON,2022-07-11,1125.0,Other
NANDGAON,2022-07-12,1150.0,Other
NANDGAON,2022-07-13,1100.0,Other
NANDGAON,2022-07-18,1050.0,Other
NANDGAON,2022-07-19,950.0,Other
NANDGAON,2022-07-20,950.0,Other
NANDGAON,2022-07-21,950.0,Other
NANDGAON,2022-07-25,950.0,Other
NANDGAON,2022-07-26,950.0,Other
NANDGAON,2022-07-27,1000.0,Other
NANDGAON,2022-07-28,1050.0,Other
NANDGAON,2022-08-01,1000.0,Other
NANDGAON,2022-08-02,950.0,Other
NANDGAON,2022-08-03,950.0,Other
NANDGAON,2022-08-04,1000.0,Other
NANDGAON,2022-08-08,900.0,Other
NANDGAON,2022-08-09,900.0,Other
NANDGAON,2022-08-10,950.0,Other
NANDGAON,2022-08-11,1050.0,Other
NANDGAON,2022-08-12,1000.0,Other
NANDGAON,2022-08-13,1050.0,Other
NANDGAON,2022-08-17,1121.0,Other
NANDGAON,2022-08-18,1150.0,Other
NANDGAON,2022-08-19,1150.0,Other
NANDGAON,2022-08-22,1000.0,Other
NANDGAON,2022-08-23,1050.0,Other
NANDGAON,2022-08-24,1050.0,Other
NANDGAON,2022-08-29,900.0,Other
NANDGAON,2022-09-01,900.0,Other
NANDGAON,2022-09-02,1000.0,Other
NANDGAON,2022-09-06,850.0,Other
NANDGAON,2022-09-07,800.0,Other
NANDGAON,2022-09-14,850.0,Other
NANDGAON,2022-09-15,750.0,Other
NANDGAON,2022-09-16,750.0,Other
NANDGAON,2022-09-21,850.0,Other
NANDGAON,2022-09-22,850.0,Other
NANDGAON,2022-09-28,1150.0,Other
NANDGAON,2022-09-29,1155.0,Other
NANDGAON,2022-10-05,1300.0,Other
NANDGAON,2022-10-06,1350.0,Other
NANDGAON,2022-10-11,1750.0,Other
NANDGAON,2022-10-12,1650.0,Other
NANDGAON,2022-10-13,1700.0,Other
NANDGAON,2022-10-14,1650.0,Other
NANDGAON,2022-10-17,1650.0,Other
NANDGAON,2022-10-18,1650.0,Other
NANDGAON,2022-10-19,1600.0,Other
NANDGAON,2022-10-20,1650.0,Other
NANDGAON,2022-10-21,1650.0,Other
NANDGAON,2022-10-31,2121.0,Other
NANDGAON,2022-11-01,2151.0,Other
NANDGAON,2022-11-02,2001.0,Other
NANDGAON,2022-11-03,2000.0,Other
NANDGAON,2022-11-10,1601.0,Other
NANDGAON,2022-11-11,1550.0,Other
NANDGAON,2022-11-14,1500.0,Other
NANDGAON,2022-11-15,1300.0,Other
NANDGAON,2022-11-16,1200.0,Other
NANDGAON,2022-11-17,1100.0,Other
NANDGAON,2022-11-18,950.0,Other
NANDGAON,2022-11-21,850.0,Other
NANDGAON,2022-11-22,950.0,Other
NANDGAON,2022-11-23,900.0,Other
NANDGAON,2022-12-01,1721.0,Red
NANDGAON,2022-12-02,1625.0,Red
NANDGAON,2022-12-05,1801.0,Red
NANDGAON,2022-12-07,1751.0,Red
NANDGAON,2022-12-08,1701.0,Red
NANDGAON,2022-12-09,1701.0,Red
NANDGAON,2022-12-12,1401.0,Red
NANDGAON,2022-12-13,1350.0,Red
NANDGAON,2022-12-14,1400.0,Red
NANDGAON,2022-12-15,1450.0,Red
NANDGAON,2022-12-19,1401.0,Red
NANDGAON,2022-12-20,1350.0,Red
NANDGAON,2022-12-22,1601.0,Red
NANDGAON,2022-12-23,1550.0,Red
NANDGAON,2022-12-26,1601.0,Red
NANDGAON,2022-12-27,1500.0,Red
NANDGAON,2022-12-28,1250.0,Red
NANDGAON,2022-12-29,1350.0,Red
NANDGAON,2022-12-30,1300.0,Red
NANDGAON,2023-01-02,1250.0,Red
NANDGAON,2023-01-03,1300.0,Red
NANDGAON,2023-01-05,1350.0,Red
NANDGAON,2023-01-06,1351.0,Red
NANDGAON,2023-01-10,1250.0,Red
NANDGAON,2023-01-11,1250.0,Red
NANDGAON,2023-01-13,1150.0,Red
NANDGAON,2023-01-17,1150.0,Red
NANDGAON,2023-01-20,1150.0,Red
NANDGAON,2023-01-23,1200.0,Red
NANDGAON,2023-01-27,1150.0,Red
NANDGAON,2023-01-30,900.0,Red
NANDGAON,2023-01-31,900.0,Red
NANDGAON,2023-02-02,950.0,Red
NANDGAON,2023-02-03,950.0,Red
NANDGAON,2023-02-06,900.0,Red
NANDGAON,2023-02-07,900.0,Red
NANDGAON,2023-02-08,800.0,Red
NANDGAON,2023-02-09,750.0,Red
NANDGAON,2023-02-14,600.0,Red
NANDGAON,2023-02-15,575.0,Red
NANDGAON,2023-02-20,500.0,Red
NANDGAON,2023-02-21,475.0,Red
NANDGAON,2023-02-22,450.0,Red
NANDGAON,2023-02-23,450.0,Red
NANDGAON,2023-02-27,500.0,Red
NANDGAON,2023-02-28,500.0,Red
NANDGAON,2023-03-01,600.0,Red
NANDGAON,2023-03-02,600.0,Red
NANDGAON,2023-03-03,611.0,Red
NANDGAON,2023-03-06,650.0,Red
NANDGAON,2023-03-08,700.0,Red
NANDGAON,2023-03-09,650.0,Red
NANDGAON,2023-03-10,650.0,Red
NANDGAON,2023-03-13,620.0,Red
NANDGAON,2023-03-14,600.0,Red
NANDGAON,2023-03-15,550.0,Red
NANDGAON,2023-03-16,550.0,Red
NANDGAON,2023-03-20,625.0,Red
NANDGAON,2023-03-21,625.0,Red
NANDGAON,2023-03-23,625.0,Red
NANDGAON,2023-03-24,625.0,Red
NANDGAON,2023-03-27,550.0,Red
NANDGAON,2023-03-28,550.0,Red
NANDGAON,2023-03-29,501.0,Red
NANDGAON,2023-03-31,450.0,Red
NANDGAON,2023-04-05,450.0,Red
NANDGAON,2023-04-10,450.0,Red
NANDGAON,2023-04-11,450.0,Red
NANDGAON,2023-04-12,400.0,Red
NANDGAON,2023-04-13,375.0,Red
NANDGAON,2023-04-17,250.0,Red
NANDGAON,2023-04-18,500.0,Other
NANDGAON,2023-04-19,500.0,Other
NANDGAON,2023-04-20,250.0,Red
NANDGAON,2023-04-24,450.0,Other
NANDGAON,2023-04-25,400.0,Other
NANDGAON,2023-04-26,450.0,Other
NANDGAON,2023-04-27,450.0,Other
NANDGAON,2023-05-06,550.0,Other
NANDGAON,2023-05-08,500.0,Other
NANDGAON,2023-05-09,475.0,Other
NANDGAON,2023-05-10,450.0,Other
NANDGAON,2023-05-12,500.0,Other
NANDGAON,2023-05-13,450.0,Other
NANDGAON,2023-05-15,450.0,Other
NANDGAON,2023-05-16,380.0,Other
NANDGAON,2023-05-17,375.0,Other
NANDGAON,2023-05-18,350.0,Other
NANDGAON,2023-05-22,355.0,Other
NANDGAON,2023-05-23,400.0,Other
NANDGAON,2023-05-24,450.0,Other
NANDGAON,2023-05-25,450.0,Other
NANDGAON,2023-05-26,475.0,Other
NANDGAON,2023-05-29,550.0,Other
NANDGAON,2023-05-30,550.0,Other
NANDGAON,2023-05-31,511.0,Other
NANDGAON,2023-06-01,525.0,Other
NANDGAON,2023-06-02,500.0,Other
NANDGAON,2023-06-05,550.0,Other
NANDGAON,2023-06-06,500.0,Other
NANDGAON,2023-06-12,650.0,Other
NANDGAON,2023-06-13,651.0,Other
NANDGAON,2023-06-14,650.0,Other
NANDGAON,2023-06-15,650.0,Other
NANDGAON,2023-06-19,650.0,Other
NANDGAON,2023-06-20,650.0,Other
NANDGAON,2023-06-21,651.0,Other
NANDGAON,2023-06-22,750.0,Other
NANDGAON,2023-06-23,850.0,Other
NANDGAON,2023-06-26,950.0,Other
NANDGAON,2023-06-27,1150.0,Other
NANDGAON,2023-06-28,1150.0,Other
NANDGAON,2023-06-30,1350.0,Other
NANDGAON,2023-07-03,1250.0,Other
NANDGAON,2023-07-04,1250.0,Other
NANDGAON,2023-07-05,1251.0,Other
NANDGAON,2023-07-06,1250.0,Other
NANDGAON,2023-07-10,850.0,Other
NANDGAON,2023-07-11,1150.0,Other
NANDGAON,2023-07-12,1050.0,Other
NANDGAON,2023-07-13,1150.0,Other
NANDGAON,2023-07-14,1150.0,Other
NANDGAON,2023-07-17,1150.0,Other
NANDGAON,2023-07-18,1250.0,Other
NANDGAON,2023-07-19,1150.0,Other
NANDGAON,2023-07-20,1150.0,Other
NANDGAON,2023-07-21,1050.0,Other
NANDGAON,2023-07-24,1050.0,Other
NANDGAON,2023-07-25,1050.0,Other
NANDGAON,2023-07-26,1150.0,Other
NANDGAON,2023-07-27,1150.0,Other
NANDGAON,2023-07-31,1150.0,Other
NANDGAON,2023-08-01,1250.0,Other
NANDGAON,2023-08-02,1250.0,Other
NANDGAON,2023-08-03,1250.0,Other
NANDGAON,2023-08-04,1350.0,Other
NANDGAON,2023-08-07,1650.0,Other
NANDGAON,2023-08-08,1650.0,Other
NANDGAON,2023-08-09,1600.0,Other
NANDGAON,2023-08-10,1750.0,Other
NANDGAON,2023-08-17,2150.0,Other
NANDGAON,2023-08-18,1850.0,Other
NANDGAON,2023-08-21,1950.0,Other
NANDGAON,2023-08-24,1950.0,Other
NANDGAON,2023-08-25,1900.0,Other
NANDGAON,2023-08-28,1750.0,Other
NANDGAON,2023-08-29,1850.0,Other
NANDGAON,2023-08-30,1750.0,Other
NANDGAON,2023-08-31,1950.0,Other
NANDGAON,2023-09-01,1950.0,Other
NANDGAON,2023-09-04,1850.0,Other
NANDGAON,2023-09-05,1850.0,Other
NANDGAON,2023-09-07,1850.0,Other
NANDGAON,2023-09-08,1850.0,Other
NANDGAON,2023-09-11,1750.0,Other
NANDGAON,2023-09-12,1650.0,Other
NANDGAON,2023-09-15,1950.0,Other
NANDGAON,2023-10-03,1850.0,Other
NANDGAON,2023-10-04,1850.0,Other
NANDGAON,2023-10-05,1850.0,Other
NANDGAON,2023-10-09,2200.0,Other
NANDGAON,2023-10-10,2250.0,Other
NANDGAON,2023-10-11,2150.0,Other
NANDGAON,2023-10-12,2150.0,Other
NANDGAON,2023-10-16,2950.0,Other
NANDGAON,2023-10-18,3350.0,Other
NANDGAON,2023-10-19,3050.0,Other
NANDGAON,2023-10-20,3050.0,Other
NANDGAON,2023-10-24,3850.0,Other
NANDGAON,2023-10-25,4050.0,Other
NANDGAON,2023-10-26,4350.0,Other
NANDGAON,2023-10-27,4850.0,Other
NANDGAON,2023-10-30,4150.0,Other
NANDGAON,2023-10-31,3750.0,Other
NANDGAON,2023-11-01,3250.0,Other
NANDGAON,2023-11-02,3550.0,Other
NANDGAON,2023-11-03,3550.0,Other
NANDGAON,2023-11-06,3150.0,Other
NANDGAON,2023-11-07,3250.0,Other
NANDGAON,2023-11-20,3650.0,Red
NANDGAON,2023-11-21,3650.0,Red
NANDGAON,2023-11-22,3550.0,Red
NANDGAON,2023-11-23,3550.0,Red
NANDGAON,2023-11-24,3550.0,Red
NANDGAON,2023-11-28,4350.0,Red
NANDGAON,2023-11-29,3850.0,Red
NANDGAON,2023-12-04,3150.0,Red
NANDGAON,2023-12-05,3550.0,Red
NANDGAON,2023-12-06,3050.0,Red
NANDGAON,2023-12-07,2850.0,Red
NANDGAON,2023-12-11,1850.0,Red
NANDGAON,2023-12-12,1650.0,Red
NANDGAON,2023-12-13,1550.0,Red
NANDGAON,2023-12-14,1650.0,Red
NANDGAON,2023-12-18,1850.0,Red
NANDGAON,2023-12-19,1800.0,Red
NANDGAON,2023-12-20,1850.0,Red
NANDGAON,2023-12-21,1750.0,Red
NANDGAON,2023-12-26,1350.0,Red
NANDGAON,2023-12-27,1350.0,Red
NANDGAON,2023-12-29,1450.0,Red
NANDGAON,2024-01-02,1850.0,Red
NANDGAON,2024-01-03,1750.0,Red
NANDGAON,2024-01-04,1515.0,Red
NANDGAON,2024-01-05,1600.0,Red
NANDGAON,2024-01-08,1571.0,Red
NANDGAON,2024-01-09,1650.0,Red
NANDGAON,2024-01-10,1675.0,Red
NANDGAON,2024-01-11,1625.0,Red
NANDGAON,2024-01-12,1591.0,Red
NANDGAON,2024-01-17,1450.0,Red
NANDGAON,2024-01-18,1350.0,Red
NANDGAON,2024-01-19,1201.0,Red
NANDGAON,2024-01-23,1150.0,Red
NANDGAON,2024-01-24,1050.0,Red
NANDGAON,2024-01-29,950.0,Red
NANDGAON,2024-01-30,1150.0,Red
NANDGAON,2024-01-31,1150.0,Red
NANDGAON,2024-02-01,1200.0,Red
NANDGAON,2024-02-02,1250.0,Red
NANDGAON,2024-02-06,950.0,Red
NANDGAON,2024-02-07,1050.0,Red
NANDGAON,2024-02-08,950.0,Red
NANDGAON,2024-02-10,950.0,Red
NANDGAON,2024-02-12,1000.0,Red
NANDGAON,2024-02-14,1150.0,Red
NANDGAON,2024-02-15,1050.0,Red
NANDGAON,2024-02-16,1150.0,Red
NANDGAON,2024-02-20,1550.0,Red
NANDGAON,2024-02-21,1350.0,Red
NANDGAON,2024-02-22,1350.0,Red
NANDGAON,2024-02-28,1550.0,Red
NANDGAON,2024-02-29,1450.0,Red
NANDGAON,2024-03-01,1350.0,Red
NANDGAON,2024-03-04,1550.0,Red
NANDGAON,2024-03-05,1650.0,Red
NANDGAON,2024-03-06,1750.0,Red
NANDGAON,2024-03-07,1850.0,Red
NANDGAON,2024-03-11,1550.0,Red
NANDGAON,2024-03-12,1550.0,Red
NANDGAON,2024-03-13,1550.0,Red
NANDGAON,2024-03-14,1550.0,Red
NANDGAON,2024-03-18,1250.0,Red
NANDGAON,2024-03-19,1250.0,Red
NANDGAON,2024-03-21,1150.0,Red
NANDGAON,2024-04-29,1250.0,Other
NANDGAON,2024-05-02,1150.0,Other
NANDGAON,2024-05-03,1250.0,Other
NANDGAON,2024-05-06,1450.0,Other
NANDGAON,2024-05-07,1350.0,Other
NANDGAON,2024-05-08,1350.0,Other
NANDGAON,2024-05-09,1450.0,Other
NANDGAON,2024-05-10,1450.0,Other
NANDGAON,2024-05-13,1450.0,Other
NANDGAON,2024-05-17,1450.0,Other
NANDGAON,2024-05-21,1450.0,Other
NANDGAON,2024-05-24,1350.0,Other
NANDGAON,2024-05-25,1212.0,Red
NANDGAON,2024-05-27,1450.0,Other
NANDGAON,2024-05-28,1750.0,Other
NANDGAON,2024-05-29,1850.0,Other
NANDGAON,2024-05-30,1850.0,Other
NANDGAON,2024-05-31,1850.0,Other
NANDGAON,2024-06-03,1950.0,Other
NANDGAON,2024-06-04,1950.0,Other
NANDGAON,2024-06-05,1950.0,Other
NANDGAON,2024-06-07,2150.0,Other
NANDGAON,2024-06-10,2450.0,Other
NANDGAON,2024-06-11,2250.0,Other
NANDGAON,2024-06-14,2450.0,Other
NANDGAON,2024-06-18,2550.0,Other
NANDGAON,2024-06-28,2600.0,Other
NANDGAON,2024-07-01,2850.0,Other
NANDGAON,2024-07-02,2850.0,Other
NANDGAON,2024-07-03,2850.0,Other
NANDGAON,2024-07-04,2750.0,Other
NANDGAON,2024-07-05,2750.0,Other
NANDGAON,2024-07-08,2650.0,Other
NANDGAON,2024-07-09,2650.0,Other
NANDGAON,2024-07-10,2750.0,Other
NANDGAON,2024-07-11,2750.0,Other
NANDGAON,2024-07-12,2650.0,Other
NANDGAON,2024-07-22,2550.0,Other
NANDGAON,2024-07-24,2550.0,Other
NANDGAON,2024-07-26,2550.0,Other
NANDGAON,2024-07-31,2550.0,Other
NANDGAON,2024-08-01,2650.0,Other
NANDGAON,2024-08-02,2550.0,Other
NANDGAON,2024-08-05,2750.0,Other
NANDGAON,2024-08-06,2750.0,Other
NANDGAON,2024-08-07,2950.0,Other
NANDGAON,2024-08-08,3050.0,Other
NANDGAON,2024-08-09,3250.0,Other
NANDGAON,2024-08-12,3350.0,Other
NANDGAON,2024-08-21,3750.0,Other
NANDGAON,2024-08-22,3650.0,Other
NANDGAON,2024-08-23,3750.0,Other
NANDGAON,2024-08-26,3550.0,Other
NANDGAON,2024-08-27,3750.0,Other
NANDGAON,2024-08-28,3650.0,Other
NANDGAON,2024-09-03,3850.0,Other
NANDGAON,2024-09-04,3650.0,Other
NANDGAON,2024-09-05,3750.0,Other
NANDGAON,2024-09-09,3450.0,Other
NANDGAON,2024-09-10,3750.0,Other
NANDGAON,2024-09-11,3850.0,Other
NANDGAON,2024-09-12,3750.0,Other
NANDGAON,2024-09-13,3850.0,Other
NANDGAON,2024-09-18,4200.0,Other
NANDGAON,2024-09-19,4250.0,Other
NANDGAON,2024-09-20,4350.0,Other
NANDGAON,2024-09-23,4350.0,Other
NANDGAON,2024-09-26,4050.0,Other
NANDGAON,2024-09-27,3850.0,Other
NANDGAON,2024-09-30,3650.0,Other
NANDGAON,2024-10-03,4150.0,Other
NANDGAON,2024-10-04,4150.0,Other
NANDGAON,2024-10-09,3850.0,Other
NANDGAON,2024-10-10,3850.0,Other
NANDGAON,2024-10-14,3850.0,Other
NANDGAON,2024-10-15,3750.0,Other
NANDGAON,2024-10-16,3650.0,Other
NANDGAON,2024-10-17,3750.0,Other
NANDGAON,2024-10-18,3750.0,Other
NANDGAON,2024-10-21,4150.0,Other
NANDGAON,2024-10-22,4350.0,Other
NANDGAON,2024-10-23,4450.0,Other
NANDGAON,2024-10-24,4350.0,Other
NANDGAON,2024-10-28,3950.0,Other
NANDGAON,2024-11-05,4050.0,Red
NANDGAON,2024-11-06,3650.0,Red
NANDGAON,2024-11-07,3050.0,Red
NANDGAON,2024-11-11,3750.0,Red
NANDGAON,2024-11-12,3850.0,Red
NANDGAON,2024-11-13,2950.0,Red
NANDGAON,2024-11-21,2950.0,Red
NANDGAON,2024-11-25,3050.0,Red
NANDGAON,2024-11-26,2950.0,Red
NANDGAON,2024-11-27,3450.0,Red
NANDGAON,2024-12-02,2650.0,Red
NANDGAON,2024-12-03,2550.0,Red
NANDGAON,2024-12-04,2650.0,Red
NANDGAON,2024-12-05,2750.0,Red
NANDGAON,2024-12-06,3250.0,Red
NANDGAON,2024-12-09,2150.0,Red
NANDGAON,2024-12-10,3350.0,Red
NANDGAON,2024-12-12,2550.0,Other
NANDGAON,2024-12-16,1850.0,Red
NANDGAON,2024-12-17,1650.0,Red
NANDGAON,2024-12-18,1650.0,Red
NANDGAON,2024-12-19,1350.0,Red
NANDGAON,2024-12-20,1450.0,Red
NANDGAON,2024-12-23,1450.0,Red
NANDGAON,2024-12-26,1850.0,Red
NANDGAON,2024-12-30,2150.0,Red
NANDGAON,2024-12-31,2150.0,Red
NANDGAON,2025-01-01,1850.0,Red
NANDGAON,2025-01-02,1850.0,Red
NANDGAON,2025-01-03,1750.0,Red
NANDGAON,2025-01-13,1350.0,Red
NANDGAON,2025-01-16,1850.0,Red
NANDGAON,2025-01-17,1850.0,Red
NANDGAON,2025-01-22,1750.0,Red
NANDGAON,2025-01-23,1950.0,Red
NANDGAON,2025-01-27,1850.0,Red
NANDGAON,2025-01-29,1750.0,Red
NANDGAON,2025-01-30,1750.0,Red
NANDGAON,2025-01-31,1750.0,Red
NANDGAON,2025-02-03,1750.0,Red
NANDGAON,2025-02-04,1850.0,Red
NANDGAON,2025-02-05,1950.0,Red
NANDGAON,2025-02-06,2050.0,Red
NANDGAON,2025-02-12,2350.0,Red
NANDGAON,2025-02-13,2650.0,Red
NANDGAON,2025-02-14,2850.0,Red
NANDGAON,2025-02-17,2250.0,Red
NANDGAON,2025-02-20,1650.0,Red
NANDGAON,2025-02-24,2150.0,Red
NANDGAON,2025-02-27,2250.0,Red
NANDGAON,2025-02-28,2050.0,Red
NANDGAON,2025-03-03,1850.0,Red
NANDGAON,2025-03-04,1850.0,Red
NANDGAON,2025-03-05,1950.0,Red
NANDGAON,2025-03-06,1950.0,Red
NANDGAON,2025-03-10,1350.0,Red
NANDGAON,2025-03-11,1250.0,Red
NANDGAON,2025-03-12,1250.0,Red
NANDGAON,2025-03-17,1250.0,Red
NANDGAON,2025-03-18,1350.0,Red
NANDGAON,2025-03-19,1350.0,Red
NANDGAON,2025-03-20,1050.0,Red
NANDGAON,2025-03-24,1250.0,Red
NANDGAON,2025-03-25,1350.0,Red
NANDGAON,2025-03-26,1250.0,Red
NANDGAON,2025-03-27,1250.0,Red
NANDGAON,2025-03-28,1150.0,Red
NANDGAON,2025-04-02,950.0,Red
NANDGAON,2025-04-03,950.0,Red
NANDGAON,2025-04-04,850.0,Red
NANDGAON,2025-04-07,1050.0,Red
NANDGAON,2025-04-08,750.0,Red
NANDGAON,2025-04-15,650.0,Red
NANDGAON,2025-04-16,900.0,Red
NANDGAON,2025-04-21,950.0,Other
NANDGAON,2025-04-22,1050.0,Other
NANDGAON,2025-04-23,850.0,Other
NANDGAON,2025-04-24,850.0,Other
NANDGAON,2025-04-28,750.0,Other
NANDGAON,2025-05-02,950.0,Other
NANDGAON,2025-05-03,770.0,Other
NANDGAON,2025-05-05,850.0,Other
NANDGAON,2025-05-06,850.0,Other
NANDGAON,2025-05-07,850.0,Other
NANDGAON,2025-05-08,850.0,Other
NANDGAON,2025-05-15,750.0,Other
NANDGAON,2025-05-16,750.0,Other
NANDGAON,2025-05-19,750.0,Other
NANDGAON,2025-05-20,950.0,Other
NANDGAON,2025-05-21,950.0,Other
NANDGAON,2025-05-22,850.0,Other
NANDGAON,2025-05-26,850.0,Other
NANDGAON,2025-05-27,1050.0,Other
NANDGAON,2025-05-28,1250.0,Other
NANDGAON,2025-05-29,1150.0,Other
NANDGAON,2025-05-30,1250.0,Other
NANDGAON,2025-06-02,1150.0,Other
NANDGAON,2025-06-04,1150.0,Other
NANDGAON,2025-06-05,1250.0,Other
NANDGAON,2025-06-10,1350.0,Other
NANDGAON,2025-06-11,1450.0,Other
NANDGAON,2025-06-12,1350.0,Other
NANDGAON,2025-06-16,1350.0,Other
NANDGAON,2025-06-17,1350.0,Other
NANDGAON,2025-06-18,1250.0,Other
NANDGAON,2025-06-19,1350.0,Other
NANDGAON,2025-06-20,1350.0,Other
NANDGAON,2025-06-23,1350.0,Other
NANDGAON,2025-06-24,1350.0,Other
NANDGAON,2025-06-25,1350.0,Other
NANDGAON,2025-06-26,1350.0,Other
NANDGAON,2025-06-30,1250.0,Other
NANDGAON,2025-07-01,1350.0,Other
NANDGAON,2025-07-02,1350.0,Other
NANDGAON,2025-07-03,1350.0,Other
NANDGAON,2025-07-04,1350.0,Other
NANDGAON,2025-07-07,1350.0,Other
NANDGAON,2025-07-08,1350.0,Other
NANDGAON,2025-07-09,1350.0,Other
NANDGAON,2025-07-10,1250.0,Other
NANDGAON,2025-07-14,1250.0,Other
NANDGAON,2025-07-15,1250.0,Other
NANDGAON,2025-07-16,1250.0,Other
NANDGAON,2025-07-17,1150.0,Other
NANDGAON,2025-07-18,1250.0,Other
NANDGAON,2025-07-21,1150.0,Other
NANDGAON,2025-07-22,1150.0,Other
NANDGAON,2025-07-23,1150.0,Other
NANDGAON,2025-07-24,1150.0,Other
NANDGAON,2025-07-29,1150.0,Other
NANDGAON,2025-07-30,1150.0,Other
NANDGAON,2025-07-31,1150.0,Other
NANDGAON,2025-08-01,1150.0,Other
NANDGAON,2025-08-04,1050.0,Other
NANDGAON,2025-08-05,1050.0,Other
NANDGAON,2025-08-06,1150.0,Other
NANDGAON,2025-08-07,1150.0,Other
NANDGAON,2025-08-11,1250.0,Other
NANDGAON,2025-08-12,1350.0,Other
NANDGAON,2025-08-13,1450.0,Other
NANDGAON,2025-08-18,1450.0,Other
NANDGAON,2025-08-19,1350.0,Other
NANDGAON,2025-08-25,1150.0,Other
NANDGAON,2025-08-29,1150.0,Other
NANDGAON,2025-09-01,1050.0,Other
NANDGAON,2025-09-03,1050.0,Other
NANDGAON,2025-09-08,1050.0,Other
NANDGAON,2025-09-09,950.0,Other
NANDGAON,2025-09-10,950.0,Other
NANDGAON,2025-09-11,750.0,Other
NANDGAON,2025-09-15,850.0,Other
NANDGAON,2025-09-16,950.0,Other
NANDGAON,2025-09-17,1050.0,Other
NANDGAON,2025-09-18,850.0,Other
NANDGAON,2025-09-19,750.0,Other
NANDGAON,2025-09-22,750.0,Other
NANDGAON,2025-09-23,950.0,Other
NANDGAON,2025-09-24,950.0,Other
NANDGAON,2025-09-29,950.0,Other
NANDGAON,2025-09-30,950.0,Other
NANDGAON,2025-10-03,1050.0,Other
NANDGAON,2025-10-06,950.0,Other
NANDGAON,2025-10-07,850.0,Other
NANDGAON,2025-10-08,850.0,Other
NANDGAON,2025-10-13,950.0,Other
NANDGAON,2025-10-14,850.0,Other
NANDGAON,2025-10-15,750.0,Other
NANDGAON,2025-10-16,750.0,Other
NANDGAON,2025-10-27,1050.0,Other
NANDGAON,2025-10-28,1250.0,Other
NANDGAON,2025-10-30,1150.0,Other
NANDGAON,2025-10-31,1350.0,Other
NANDGAON,2025-11-03,1350.0,Other
NANDGAON,2025-12-03,650.0,Other
NANDGAON,2025-12-04,1850.0,Red
NANDGAON,2025-12-08,1750.0,Red
NANDGAON,2025-12-09,1450.0,Red
NANDGAON,2025-12-10,1450.0,Red
NANDGAON,2025-12-11,1650.0,Red
NANDGAON,2025-12-15,1750.0,Red
NANDGAON,2025-12-16,1450.0,Red
NANDGAON,2025-12-17,1650.0,Red
NANDGAON,2025-12-18,1450.0,Red
NANDGAON,2025-12-22,1350.0,Red
NANDGAON,2025-12-23,1450.0,Red
NANDGAON,2025-12-29,1650.0,Red
NANDGAON,2025-12-30,1650.0,Red
NANDGAON,2025-12-31,1650.0,Red
NANDGAON,2026-01-01,1550.0,Red
NANDGAON,2026-01-02,1450.0,Red
NANDGAON,2026-01-05,1350.0,Red
NANDGAON,2026-01-06,1350.0,Red
NANDGAON,2026-01-07,1350.0,Red
NANDGAON,2026-01-08,1350.0,Red
NANDGAON,2026-01-12,1150.0,Red
NANDGAON,2026-01-13,1150.0,Red
NANDGAON,2026-01-20,1250.0,Red
NANDGAON,2026-01-21,1350.0,Red
NANDGAON,2026-01-22,1250.0,Red
NANDGAON,2026-01-27,1050.0,Red
NANDGAON,2026-01-28,1050.0,Red
NANDGAON,2026-01-29,1050.0,Red
NANDGAON,2026-01-30,950.0,Red
NANDGAON,2026-02-02,850.0,Red
NANDGAON,2026-02-03,850.0,Red
NANDGAON,2026-02-04,850.0,Red
NANDGAON,2026-02-05,850.0,Red
NANDGAON,2026-02-09,1150.0,Red
NANDGAON,2026-02-10,1050.0,Red
NANDGAON,2026-02-12,950.0,Red
NANDGAON,2026-02-16,750.0,Red
NANDGAON,2026-02-17,850.0,Red
NANDGAON,2026-02-23,850.0,Red
NANDGAON,2026-02-24,750.0,Red
NANDGAON,2026-02-25,750.0,Red
NANDGAON,2026-02-26,750.0,Red
NANDGAON,2026-03-04,650.0,Red
NANDGAON,2026-03-05,750.0,Red
NANDGAON,2026-03-09,750.0,Red
NANDGAON,2026-03-10,550.0,Red
NANDGAON,2026-03-11,750.0,Red
NANDGAON,2026-03-12,750.0,Red
NANDGAON,2026-03-16,650.0,Red
NANDGAON,2026-03-17,650.0,Red
NANDGAON,2026-03-23,650.0,Red
NANDGAON,2026-03-24,650.0,Red
NANDGAON,2026-04-06,650.0,Red
NANDGAON,2026-04-07,650.0,Red
NANDGAON,2026-04-08,650.0,Red
NANDGAON,2026-04-09,650.0,Red
NANDGAON,2026-04-15,750.0,Red
NANDGAON,2026-04-16,450.0,Red
NANDGAON,2026-04-17,550.0,Red
NANDGAON,2026-04-20,450.0,Red
NANDGAON,2026-04-21,450.0,Red
NANDGAON,2026-04-23,850.0,Other
NANDGAON,2026-04-27,280.0,Red
NANDGAON,2026-04-28,450.0,Red
NANDGAON,2026-04-29,605.0,Red
NANDGAON,2026-05-04,850.0,Other
PIMPALGAON BASWANT,2020-03-04,1510.0,Other
PIMPALGAON BASWANT,2020-03-05,1581.0,Other
PIMPALGAON BASWANT,2020-03-06,1881.0,Other
PIMPALGAON BASWANT,2020-03-07,1651.0,Other
PIMPALGAON BASWANT,2020-03-09,1700.0,Other
PIMPALGAON BASWANT,2020-03-10,1675.0,Other
PIMPALGAON BASWANT,2020-03-11,1751.0,Other
PIMPALGAON BASWANT,2020-03-12,1751.0,Other
PIMPALGAON BASWANT,2020-03-13,1771.0,Other
PIMPALGAON BASWANT,2020-03-14,1625.0,Other
PIMPALGAON BASWANT,2020-03-16,1541.0,Other
PIMPALGAON BASWANT,2020-03-17,1411.0,Other
PIMPALGAON BASWANT,2020-03-18,1051.0,Other
PIMPALGAON BASWANT,2020-03-19,1105.0,Other
PIMPALGAON BASWANT,2020-03-20,1301.0,Other
PIMPALGAON BASWANT,2020-03-21,1225.0,Other
PIMPALGAON BASWANT,2020-03-23,1261.0,Other
PIMPALGAON BASWANT,2020-04-01,1451.0,Other
PIMPALGAON BASWANT,2020-04-02,1501.0,Other
PIMPALGAON BASWANT,2020-04-03,1451.0,Other
PIMPALGAON BASWANT,2020-04-15,950.0,Other
PIMPALGAON BASWANT,2020-04-16,951.0,Other
PIMPALGAON BASWANT,2020-04-17,900.0,Other
PIMPALGAON BASWANT,2020-05-05,625.0,Other
PIMPALGAON BASWANT,2020-05-06,675.0,Other
PIMPALGAON BASWANT,2020-05-07,701.0,Other
PIMPALGAON BASWANT,2020-05-08,670.0,Other
PIMPALGAON BASWANT,2020-05-09,671.0,Other
PIMPALGAON BASWANT,2020-05-12,650.0,Other
PIMPALGAON BASWANT,2020-05-13,611.0,Other
PIMPALGAON BASWANT,2020-05-14,651.0,Other
PIMPALGAON BASWANT,2020-05-15,675.0,Other
PIMPALGAON BASWANT,2020-05-16,651.0,Other
PIMPALGAON BASWANT,2020-05-18,675.0,Other
PIMPALGAON BASWANT,2020-05-19,711.0,Other
PIMPALGAON BASWANT,2020-05-20,710.0,Other
PIMPALGAON BASWANT,2020-05-21,751.0,Other
PIMPALGAON BASWANT,2020-05-22,751.0,Other
PIMPALGAON BASWANT,2020-05-23,741.0,Other
PIMPALGAON BASWANT,2020-05-25,851.0,Other
PIMPALGAON BASWANT,2020-05-26,851.0,Other
PIMPALGAON BASWANT,2020-05-27,861.0,Other
PIMPALGAON BASWANT,2020-05-28,875.0,Other
PIMPALGAON BASWANT,2020-05-29,875.0,Other
PIMPALGAON BASWANT,2020-05-30,870.0,Other
PIMPALGAON BASWANT,2020-06-01,875.0,Other
PIMPALGAON BASWANT,2020-06-02,851.0,Other
PIMPALGAON BASWANT,2020-06-03,900.0,Other
PIMPALGAON BASWANT,2020-06-04,870.0,Other
PIMPALGAON BASWANT,2020-06-05,901.0,Other
PIMPALGAON BASWANT,2020-06-06,901.0,Other
PIMPALGAON BASWANT,2020-06-08,910.0,Other
PIMPALGAON BASWANT,2020-06-09,951.0,Other
PIMPALGAON BASWANT,2020-06-10,951.0,Other
PIMPALGAON BASWANT,2020-06-11,1051.0,Other
PIMPALGAON BASWANT,2020-06-12,1075.0,Other
PIMPALGAON BASWANT,2020-06-13,951.0,Other
PIMPALGAON BASWANT,2020-06-15,901.0,Other
PIMPALGAON BASWANT,2020-06-16,851.0,Other
PIMPALGAON BASWANT,2020-06-17,811.0,Other
PIMPALGAON BASWANT,2020-06-18,801.0,Other
PIMPALGAON BASWANT,2020-06-19,901.0,Other
PIMPALGAON BASWANT,2020-06-20,875.0,Other
PIMPALGAON BASWANT,2020-06-22,890.0,Other
PIMPALGAON BASWANT,2020-06-23,851.0,Other
PIMPALGAON BASWANT,2020-06-24,850.0,Other
PIMPALGAON BASWANT,2020-06-25,901.0,Other
PIMPALGAON BASWANT,2020-06-26,875.0,Other
PIMPALGAON BASWANT,2020-06-27,851.0,Other
PIMPALGAON BASWANT,2020-06-29,875.0,Other
PIMPALGAON BASWANT,2020-06-30,851.0,Other
PIMPALGAON BASWANT,2020-07-01,825.0,Other
PIMPALGAON BASWANT,2020-07-02,760.0,Other
PIMPALGAON BASWANT,2020-07-03,745.0,Other
PIMPALGAON BASWANT,2020-07-04,851.0,Other
PIMPALGAON BASWANT,2020-07-06,775.0,Other
PIMPALGAON BASWANT,2020-07-07,741.0,Other
PIMPALGAON BASWANT,2020-07-08,731.0,Other
PIMPALGAON BASWANT,2020-07-09,721.0,Other
PIMPALGAON BASWANT,2020-07-10,715.0,Other
PIMPALGAON BASWANT,2020-07-11,705.0,Other
PIMPALGAON BASWANT,2020-07-13,710.0,Other
PIMPALGAON BASWANT,2020-07-14,711.0,Other
PIMPALGAON BASWANT,2020-07-15,720.0,Other
PIMPALGAON BASWANT,2020-07-16,725.0,Other
PIMPALGAON BASWANT,2020-07-17,701.0,Other
PIMPALGAON BASWANT,2020-07-18,681.0,Other
PIMPALGAON BASWANT,2020-07-20,751.0,Other
PIMPALGAON BASWANT,2020-07-21,741.0,Other
PIMPALGAON BASWANT,2020-07-22,715.0,Other
PIMPALGAON BASWANT,2020-07-23,705.0,Other
PIMPALGAON BASWANT,2020-07-24,695.0,Other
PIMPALGAON BASWANT,2020-07-25,715.0,Other
PIMPALGAON BASWANT,2020-07-27,690.0,Other
PIMPALGAON BASWANT,2020-07-28,685.0,Other
PIMPALGAON BASWANT,2020-07-29,651.0,Other
PIMPALGAON BASWANT,2020-07-30,655.0,Other
PIMPALGAON BASWANT,2020-07-31,660.0,Other
PIMPALGAON BASWANT,2020-08-01,665.0,Other
PIMPALGAON BASWANT,2020-08-04,681.0,Other
PIMPALGAON BASWANT,2020-08-05,635.0,Other
PIMPALGAON BASWANT,2020-08-06,660.0,Other
PIMPALGAON BASWANT,2020-08-07,675.0,Other
PIMPALGAON BASWANT,2020-08-08,685.0,Other
PIMPALGAON BASWANT,2020-08-10,751.0,Other
PIMPALGAON BASWANT,2020-08-11,821.0,Other
PIMPALGAON BASWANT,2020-08-12,901.0,Other
PIMPALGAON BASWANT,2020-08-13,1011.0,Other
PIMPALGAON BASWANT,2020-08-14,1001.0,Other
PIMPALGAON BASWANT,2020-08-17,1111.0,Other
PIMPALGAON BASWANT,2020-08-18,1351.0,Other
PIMPALGAON BASWANT,2020-08-19,1701.0,Other
PIMPALGAON BASWANT,2020-08-20,1451.0,Other
PIMPALGAON BASWANT,2020-08-24,1210.0,Other
PIMPALGAON BASWANT,2020-08-26,1400.0,Other
PIMPALGAON BASWANT,2020-08-27,1451.0,Other
PIMPALGAON BASWANT,2020-08-28,1400.0,Other
PIMPALGAON BASWANT,2020-08-29,1451.0,Other
PIMPALGAON BASWANT,2020-08-31,1551.0,Other
PIMPALGAON BASWANT,2020-09-02,1751.0,Other
PIMPALGAON BASWANT,2020-09-03,1951.0,Other
PIMPALGAON BASWANT,2020-09-04,2001.0,Other
PIMPALGAON BASWANT,2020-09-05,2051.0,Other
PIMPALGAON BASWANT,2020-09-07,1951.0,Other
PIMPALGAON BASWANT,2020-09-08,2150.0,Other
PIMPALGAON BASWANT,2020-09-09,2351.0,Other
PIMPALGAON BASWANT,2020-09-10,2301.0,Other
PIMPALGAON BASWANT,2020-09-11,2251.0,Other
PIMPALGAON BASWANT,2020-09-12,2350.0,Other
PIMPALGAON BASWANT,2020-09-14,2550.0,Other
PIMPALGAON BASWANT,2020-09-15,2251.0,Other
PIMPALGAON BASWANT,2020-09-16,2351.0,Other
PIMPALGAON BASWANT,2020-09-17,2351.0,Other
PIMPALGAON BASWANT,2020-09-18,2451.0,Other
PIMPALGAON BASWANT,2020-09-19,2751.0,Other
PIMPALGAON BASWANT,2020-09-21,3501.0,Other
PIMPALGAON BASWANT,2020-09-22,3251.0,Other
PIMPALGAON BASWANT,2020-09-23,3401.0,Other
PIMPALGAON BASWANT,2020-09-24,3611.0,Other
PIMPALGAON BASWANT,2020-09-25,3551.0,Other
PIMPALGAON BASWANT,2020-09-26,3410.0,Other
PIMPALGAON BASWANT,2020-09-28,3465.0,Other
PIMPALGAON BASWANT,2020-09-29,3150.0,Other
PIMPALGAON BASWANT,2020-09-30,3481.0,Other
PIMPALGAON BASWANT,2020-10-01,3411.0,Other
PIMPALGAON BASWANT,2020-10-03,2911.0,Other
PIMPALGAON BASWANT,2020-10-05,2945.0,Other
PIMPALGAON BASWANT,2020-10-06,2871.0,Other
PIMPALGAON BASWANT,2020-10-07,3211.0,Other
PIMPALGAON BASWANT,2020-10-08,3451.0,Other
PIMPALGAON BASWANT,2020-10-09,3475.0,Other
PIMPALGAON BASWANT,2020-10-10,3111.0,Other
PIMPALGAON BASWANT,2020-10-12,3851.0,Other
PIMPALGAON BASWANT,2020-10-13,4051.0,Other
PIMPALGAON BASWANT,2020-10-14,4211.0,Other
PIMPALGAON BASWANT,2020-10-30,5100.0,Other
PIMPALGAON BASWANT,2020-10-31,5500.0,Other
PIMPALGAON BASWANT,2020-11-02,5311.0,Other
PIMPALGAON BASWANT,2020-11-03,4521.0,Other
PIMPALGAON BASWANT,2020-11-04,3551.0,Other
PIMPALGAON BASWANT,2020-11-05,3401.0,Other
PIMPALGAON BASWANT,2020-11-06,3251.0,Other
PIMPALGAON BASWANT,2020-11-07,3451.0,Other
PIMPALGAON BASWANT,2020-11-09,4551.0,Other
PIMPALGAON BASWANT,2020-11-10,4000.0,Other
PIMPALGAON BASWANT,2020-11-19,4011.0,Other
PIMPALGAON BASWANT,2020-11-20,4151.0,Other
PIMPALGAON BASWANT,2020-11-21,4001.0,Other
PIMPALGAON BASWANT,2020-11-23,3951.0,Other
PIMPALGAON BASWANT,2020-11-24,3651.0,Other
PIMPALGAON BASWANT,2020-11-25,3875.0,Other
PIMPALGAON BASWANT,2020-11-26,3300.0,Other
PIMPALGAON BASWANT,2020-11-27,2800.0,Other
PIMPALGAON BASWANT,2020-11-28,2951.0,Other
PIMPALGAON BASWANT,2020-11-30,2751.0,Other
PIMPALGAON BASWANT,2020-12-01,2801.0,Other
PIMPALGAON BASWANT,2020-12-02,2751.0,Other
PIMPALGAON BASWANT,2020-12-03,2151.0,Other
PIMPALGAON BASWANT,2020-12-04,2251.0,Other
PIMPALGAON BASWANT,2020-12-05,2011.0,Other
PIMPALGAON BASWANT,2020-12-07,1851.0,Other
PIMPALGAON BASWANT,2020-12-09,2611.0,Other
PIMPALGAON BASWANT,2020-12-10,2551.0,Other
PIMPALGAON BASWANT,2020-12-11,2811.0,Other
PIMPALGAON BASWANT,2020-12-12,2751.0,Other
PIMPALGAON BASWANT,2020-12-15,2501.0,Other
PIMPALGAON BASWANT,2020-12-16,2101.0,Other
PIMPALGAON BASWANT,2020-12-17,1711.0,Other
PIMPALGAON BASWANT,2020-12-18,1751.0,Other
PIMPALGAON BASWANT,2020-12-19,1651.0,Other
PIMPALGAON BASWANT,2020-12-21,1551.0,Other
PIMPALGAON BASWANT,2020-12-22,1621.0,Other
PIMPALGAON BASWANT,2020-12-23,1651.0,Other
PIMPALGAON BASWANT,2020-12-24,1711.0,Other
PIMPALGAON BASWANT,2020-12-25,1801.0,Other
PIMPALGAON BASWANT,2020-12-26,1781.0,Other
PIMPALGAON BASWANT,2020-12-28,1551.0,Other
PIMPALGAON BASWANT,2020-12-29,2121.0,Other
PIMPALGAON BASWANT,2020-12-30,1911.0,Other
PIMPALGAON BASWANT,2020-12-31,1951.0,Other
PIMPALGAON BASWANT,2021-01-01,1851.0,Other
PIMPALGAON BASWANT,2021-01-02,2351.0,Other
PIMPALGAON BASWANT,2021-01-04,1901.0,Other
PIMPALGAON BASWANT,2021-01-05,1981.0,Other
PIMPALGAON BASWANT,2021-01-09,2411.0,Other
PIMPALGAON BASWANT,2021-01-13,2111.0,Other
PIMPALGAON BASWANT,2021-01-14,2001.0,Other
PIMPALGAON BASWANT,2021-01-16,2021.0,Other
PIMPALGAON BASWANT,2021-01-18,2201.0,Other
PIMPALGAON BASWANT,2021-01-19,2501.0,Other
PIMPALGAON BASWANT,2021-01-20,2411.0,Other
PIMPALGAON BASWANT,2021-01-21,2700.0,Other
PIMPALGAON BASWANT,2021-01-22,2501.0,Other
PIMPALGAON BASWANT,2021-01-23,2351.0,Other
PIMPALGAON BASWANT,2021-01-27,2551.0,Other
PIMPALGAON BASWANT,2021-01-28,2651.0,Other
PIMPALGAON BASWANT,2021-02-22,3751.0,Other
PIMPALGAON BASWANT,2021-02-23,3701.0,Other
PIMPALGAON BASWANT,2021-02-24,2851.0,Other
PIMPALGAON BASWANT,2021-02-25,2421.0,Other
PIMPALGAON BASWANT,2021-02-26,1951.0,Other
PIMPALGAON BASWANT,2021-02-27,2021.0,Other
PIMPALGAON BASWANT,2021-03-01,2175.0,Other
PIMPALGAON BASWANT,2021-03-02,2251.0,Other
PIMPALGAON BASWANT,2021-03-03,2321.0,Other
PIMPALGAON BASWANT,2021-03-04,2151.0,Other
PIMPALGAON BASWANT,2021-03-05,1551.0,Other
PIMPALGAON BASWANT,2021-03-06,1575.0,Other
PIMPALGAON BASWANT,2021-03-08,1451.0,Other
PIMPALGAON BASWANT,2021-03-09,1475.0,Other
PIMPALGAON BASWANT,2021-03-10,1421.0,Other
PIMPALGAON BASWANT,2021-03-12,1480.0,Other
PIMPALGAON BASWANT,2021-03-13,1321.0,Other
PIMPALGAON BASWANT,2021-03-15,1351.0,Other
PIMPALGAON BASWANT,2021-03-20,1001.0,Other
PIMPALGAON BASWANT,2021-03-22,1001.0,Other
PIMPALGAON BASWANT,2021-03-23,1031.0,Other
PIMPALGAON BASWANT,2021-03-24,1071.0,Other
PIMPALGAON BASWANT,2021-03-25,1101.0,Other
PIMPALGAON BASWANT,2021-03-26,1021.0,Other
PIMPALGAON BASWANT,2021-03-27,1051.0,Other
PIMPALGAON BASWANT,2021-04-05,1051.0,Other
PIMPALGAON BASWANT,2021-04-06,951.0,Other
PIMPALGAON BASWANT,2021-04-07,1001.0,Other
PIMPALGAON BASWANT,2021-04-08,1021.0,Other
PIMPALGAON BASWANT,2021-04-09,1051.0,Other
PIMPALGAON BASWANT,2021-04-10,1101.0,Other
PIMPALGAON BASWANT,2021-04-12,1151.0,Other
PIMPALGAON BASWANT,2021-04-13,1175.0,Other
PIMPALGAON BASWANT,2021-04-14,1151.0,Other
PIMPALGAON BASWANT,2021-04-15,1150.0,Other
PIMPALGAON BASWANT,2021-04-16,1201.0,Other
PIMPALGAON BASWANT,2021-04-17,1221.0,Other
PIMPALGAON BASWANT,2021-04-19,1211.0,Other
PIMPALGAON BASWANT,2021-04-20,1221.0,Other
PIMPALGAON BASWANT,2021-04-21,1251.0,Other
PIMPALGAON BASWANT,2021-04-26,1251.0,Other
PIMPALGAON BASWANT,2021-04-27,1301.0,Other
PIMPALGAON BASWANT,2021-04-28,1301.0,Other
PIMPALGAON BASWANT,2021-04-29,1301.0,Other
PIMPALGAON BASWANT,2021-04-30,1275.0,Other
PIMPALGAON BASWANT,2021-05-03,1251.0,Other
PIMPALGAON BASWANT,2021-05-04,1251.0,Other
PIMPALGAON BASWANT,2021-05-05,1275.0,Other
PIMPALGAON BASWANT,2021-05-06,1275.0,Other
PIMPALGAON BASWANT,2021-05-07,1275.0,Other
PIMPALGAON BASWANT,2021-05-08,1301.0,Other
PIMPALGAON BASWANT,2021-05-10,1311.0,Other
PIMPALGAON BASWANT,2021-05-11,1280.0,Other
PIMPALGAON BASWANT,2021-05-24,1351.0,Other
PIMPALGAON BASWANT,2021-05-25,1451.0,Other
PIMPALGAON BASWANT,2021-05-26,1451.0,Other
PIMPALGAON BASWANT,2021-05-27,1501.0,Other
PIMPALGAON BASWANT,2021-05-28,1551.0,Other
PIMPALGAON BASWANT,2021-05-29,1571.0,Other
PIMPALGAON BASWANT,2021-05-31,1651.0,Other
PIMPALGAON BASWANT,2021-06-01,1601.0,Other
PIMPALGAON BASWANT,2021-06-02,1701.0,Other
PIMPALGAON BASWANT,2021-06-03,1851.0,Other
PIMPALGAON BASWANT,2021-06-04,1801.0,Other
PIMPALGAON BASWANT,2021-06-05,1751.0,Other
PIMPALGAON BASWANT,2021-06-07,1851.0,Other
PIMPALGAON BASWANT,2021-06-08,1801.0,Other
PIMPALGAON BASWANT,2021-06-09,1821.0,Other
PIMPALGAON BASWANT,2021-06-10,1835.0,Other
PIMPALGAON BASWANT,2021-06-11,1851.0,Other
PIMPALGAON BASWANT,2021-06-12,1851.0,Other
PIMPALGAON BASWANT,2021-06-14,1871.0,Other
PIMPALGAON BASWANT,2021-06-15,1871.0,Other
PIMPALGAON BASWANT,2021-06-16,1851.0,Other
PIMPALGAON BASWANT,2021-06-17,1900.0,Other
PIMPALGAON BASWANT,2021-06-18,1911.0,Other
PIMPALGAON BASWANT,2021-06-19,1871.0,Other
PIMPALGAON BASWANT,2021-06-21,1851.0,Other
PIMPALGAON BASWANT,2021-06-22,1801.0,Other
PIMPALGAON BASWANT,2021-06-23,1851.0,Other
PIMPALGAON BASWANT,2021-06-24,1861.0,Other
PIMPALGAON BASWANT,2021-06-25,1875.0,Other
PIMPALGAON BASWANT,2021-06-26,1801.0,Other
PIMPALGAON BASWANT,2021-06-28,1821.0,Other
PIMPALGAON BASWANT,2021-06-29,1901.0,Other
PIMPALGAON BASWANT,2021-06-30,1951.0,Other
PIMPALGAON BASWANT,2021-07-01,1901.0,Other
PIMPALGAON BASWANT,2021-07-02,1850.0,Other
PIMPALGAON BASWANT,2021-07-03,1900.0,Other
PIMPALGAON BASWANT,2021-07-05,1751.0,Other
PIMPALGAON BASWANT,2021-07-06,1755.0,Other
PIMPALGAON BASWANT,2021-07-07,1771.0,Other
PIMPALGAON BASWANT,2021-07-08,1651.0,Other
PIMPALGAON BASWANT,2021-07-09,1601.0,Other
PIMPALGAON BASWANT,2021-07-10,1580.0,Other
PIMPALGAON BASWANT,2021-07-12,1600.0,Other
PIMPALGAON BASWANT,2021-07-13,1621.0,Other
PIMPALGAON BASWANT,2021-07-14,1551.0,Other
PIMPALGAON BASWANT,2021-07-15,1575.0,Other
PIMPALGAON BASWANT,2021-07-16,1551.0,Other
PIMPALGAON BASWANT,2021-07-17,1580.0,Other
PIMPALGAON BASWANT,2021-07-19,1585.0,Other
PIMPALGAON BASWANT,2021-07-20,1621.0,Other
PIMPALGAON BASWANT,2021-07-21,1601.0,Other
PIMPALGAON BASWANT,2021-07-22,1590.0,Other
PIMPALGAON BASWANT,2021-07-23,1601.0,Other
PIMPALGAON BASWANT,2021-07-24,1611.0,Other
PIMPALGAON BASWANT,2021-07-26,1701.0,Other
PIMPALGAON BASWANT,2021-07-27,1751.0,Other
PIMPALGAON BASWANT,2021-07-28,1775.0,Other
PIMPALGAON BASWANT,2021-07-29,1800.0,Other
PIMPALGAON BASWANT,2021-07-30,1651.0,Other
PIMPALGAON BASWANT,2021-07-31,1675.0,Other
PIMPALGAON BASWANT,2021-08-02,1611.0,Other
PIMPALGAON BASWANT,2021-08-03,1601.0,Other
PIMPALGAON BASWANT,2021-08-04,1551.0,Other
PIMPALGAON BASWANT,2021-08-05,1575.0,Other
PIMPALGAON BASWANT,2021-08-06,1601.0,Other
PIMPALGAON BASWANT,2021-08-07,1540.0,Other
PIMPALGAON BASWANT,2021-08-09,1601.0,Other
PIMPALGAON BASWANT,2021-08-10,1631.0,Other
PIMPALGAON BASWANT,2021-08-11,1611.0,Other
PIMPALGAON BASWANT,2021-08-12,1621.0,Other
PIMPALGAON BASWANT,2021-08-13,1701.0,Other
PIMPALGAON BASWANT,2021-08-14,1711.0,Other
PIMPALGAON BASWANT,2021-08-16,1725.0,Other
PIMPALGAON BASWANT,2021-08-17,1701.0,Other
PIMPALGAON BASWANT,2021-08-18,1680.0,Other
PIMPALGAON BASWANT,2021-08-19,1601.0,Other
PIMPALGAON BASWANT,2021-08-20,1621.0,Other
PIMPALGAON BASWANT,2021-08-21,1651.0,Other
PIMPALGAON BASWANT,2021-08-23,1601.0,Other
PIMPALGAON BASWANT,2021-08-24,1611.0,Other
PIMPALGAON BASWANT,2021-08-25,1551.0,Other
PIMPALGAON BASWANT,2021-08-26,1451.0,Other
PIMPALGAON BASWANT,2021-08-27,1411.0,Other
PIMPALGAON BASWANT,2021-08-28,1401.0,Other
PIMPALGAON BASWANT,2021-08-30,1511.0,Other
PIMPALGAON BASWANT,2021-08-31,1451.0,Other
PIMPALGAON BASWANT,2021-09-01,1480.0,Other
PIMPALGAON BASWANT,2021-09-02,1501.0,Other
PIMPALGAON BASWANT,2021-09-03,1491.0,Other
PIMPALGAON BASWANT,2021-09-06,1401.0,Other
PIMPALGAON BASWANT,2021-09-07,1451.0,Other
PIMPALGAON BASWANT,2021-09-08,1475.0,Other
PIMPALGAON BASWANT,2021-09-09,1550.0,Other
PIMPALGAON BASWANT,2021-09-13,1511.0,Other
PIMPALGAON BASWANT,2021-09-14,1415.0,Other
PIMPALGAON BASWANT,2021-09-15,1451.0,Other
PIMPALGAON BASWANT,2021-09-16,1455.0,Other
PIMPALGAON BASWANT,2021-09-17,1401.0,Other
PIMPALGAON BASWANT,2021-09-18,1421.0,Other
PIMPALGAON BASWANT,2021-09-20,1651.0,Other
PIMPALGAON BASWANT,2021-09-21,1711.0,Other
PIMPALGAON BASWANT,2021-09-22,1801.0,Other
PIMPALGAON BASWANT,2021-09-23,2011.0,Other
PIMPALGAON BASWANT,2021-09-24,2021.0,Other
PIMPALGAON BASWANT,2021-09-25,1901.0,Other
PIMPALGAON BASWANT,2021-09-27,1921.0,Other
PIMPALGAON BASWANT,2021-09-28,1975.0,Other
PIMPALGAON BASWANT,2021-09-29,2201.0,Other
PIMPALGAON BASWANT,2021-09-30,2551.0,Other
PIMPALGAON BASWANT,2021-10-01,2601.0,Other
PIMPALGAON BASWANT,2021-10-02,2850.0,Other
PIMPALGAON BASWANT,2021-10-04,3351.0,Other
PIMPALGAON BASWANT,2021-10-05,3361.0,Other
PIMPALGAON BASWANT,2021-10-06,2951.0,Other
PIMPALGAON BASWANT,2021-10-07,3051.0,Other
PIMPALGAON BASWANT,2021-10-08,3301.0,Other
PIMPALGAON BASWANT,2021-10-09,3401.0,Other
PIMPALGAON BASWANT,2021-10-12,3851.0,Other
PIMPALGAON BASWANT,2021-10-13,3651.0,Other
PIMPALGAON BASWANT,2021-10-14,3311.0,Other
PIMPALGAON BASWANT,2021-10-15,3351.0,Other
PIMPALGAON BASWANT,2021-10-16,3251.0,Other
PIMPALGAON BASWANT,2021-10-18,3151.0,Other
PIMPALGAON BASWANT,2021-10-19,3101.0,Other
PIMPALGAON BASWANT,2021-10-20,3051.0,Other
PIMPALGAON BASWANT,2021-10-21,2801.0,Other
PIMPALGAON BASWANT,2021-10-22,3001.0,Other
PIMPALGAON BASWANT,2021-10-23,2851.0,Other
PIMPALGAON BASWANT,2021-10-25,2751.0,Other
PIMPALGAON BASWANT,2021-10-26,2711.0,Other
PIMPALGAON BASWANT,2021-10-27,2601.0,Other
PIMPALGAON BASWANT,2021-10-28,2451.0,Other
PIMPALGAON BASWANT,2021-11-08,2651.0,Other
PIMPALGAON BASWANT,2021-11-09,2901.0,Other
PIMPALGAON BASWANT,2021-11-12,2501.0,Other
PIMPALGAON BASWANT,2021-11-13,2301.0,Other
PIMPALGAON BASWANT,2021-11-15,2251.0,Other
PIMPALGAON BASWANT,2021-11-16,2301.0,Other
PIMPALGAON BASWANT,2021-11-17,2251.0,Other
PIMPALGAON BASWANT,2021-11-18,2251.0,Other
PIMPALGAON BASWANT,2021-11-19,2201.0,Other
PIMPALGAON BASWANT,2021-11-20,2151.0,Other
PIMPALGAON BASWANT,2021-11-22,2201.0,Other
PIMPALGAON BASWANT,2021-11-23,2211.0,Other
PIMPALGAON BASWANT,2021-11-24,2151.0,Other
PIMPALGAON BASWANT,2021-11-25,1751.0,Other
PIMPALGAON BASWANT,2021-11-26,1775.0,Other
PIMPALGAON BASWANT,2021-11-27,1701.0,Other
PIMPALGAON BASWANT,2021-11-29,1551.0,Other
PIMPALGAON BASWANT,2021-11-30,1521.0,Other
PIMPALGAON BASWANT,2021-12-01,1751.0,Other
PIMPALGAON BASWANT,2021-12-02,2401.0,Other
PIMPALGAON BASWANT,2021-12-03,2251.0,Other
PIMPALGAON BASWANT,2021-12-04,2251.0,Other
PIMPALGAON BASWANT,2021-12-06,1775.0,Other
PIMPALGAON BASWANT,2021-12-07,1811.0,Other
PIMPALGAON BASWANT,2021-12-08,2201.0,Other
PIMPALGAON BASWANT,2021-12-09,2151.0,Other
PIMPALGAON BASWANT,2021-12-10,2211.0,Other
PIMPALGAON BASWANT,2021-12-11,2175.0,Other
PIMPALGAON BASWANT,2021-12-13,2451.0,Other
PIMPALGAON BASWANT,2021-12-14,2301.0,Other
PIMPALGAON BASWANT,2021-12-15,2501.0,Other
PIMPALGAON BASWANT,2021-12-16,2111.0,Other
PIMPALGAON BASWANT,2021-12-17,2151.0,Other
PIMPALGAON BASWANT,2021-12-18,2175.0,Other
PIMPALGAON BASWANT,2021-12-20,2451.0,Other
PIMPALGAON BASWANT,2021-12-21,2501.0,Other
PIMPALGAON BASWANT,2021-12-22,2501.0,Other
PIMPALGAON BASWANT,2021-12-23,2451.0,Other
PIMPALGAON BASWANT,2021-12-24,3300.0,Other
PIMPALGAON BASWANT,2021-12-25,2800.0,Other
PIMPALGAON BASWANT,2021-12-27,2351.0,Other
PIMPALGAON BASWANT,2021-12-28,2401.0,Other
PIMPALGAON BASWANT,2021-12-29,2825.0,Other
PIMPALGAON BASWANT,2021-12-30,2501.0,Other
PIMPALGAON BASWANT,2021-12-31,2890.0,Other
PIMPALGAON BASWANT,2022-01-03,2051.0,Other
PIMPALGAON BASWANT,2022-03-07,1500.0,Other
PIMPALGAON BASWANT,2022-03-08,1200.0,Other
PIMPALGAON BASWANT,2022-03-09,1400.0,Other
PIMPALGAON BASWANT,2022-03-10,1700.0,Other
PIMPALGAON BASWANT,2022-03-11,1700.0,Other
PIMPALGAON BASWANT,2022-03-12,1600.0,Other
PIMPALGAON BASWANT,2022-03-14,1300.0,Other
PIMPALGAON BASWANT,2022-03-15,1311.0,Other
PIMPALGAON BASWANT,2022-03-16,1401.0,Other
PIMPALGAON BASWANT,2022-03-17,1111.0,Other
PIMPALGAON BASWANT,2022-03-19,950.0,Other
PIMPALGAON BASWANT,2022-03-21,1001.0,Other
PIMPALGAON BASWANT,2022-03-22,980.0,Other
PIMPALGAON BASWANT,2022-03-23,1101.0,Other
PIMPALGAON BASWANT,2022-03-24,1001.0,Other
PIMPALGAON BASWANT,2022-03-25,1021.0,Other
PIMPALGAON BASWANT,2022-04-04,1001.0,Other
PIMPALGAON BASWANT,2022-04-05,951.0,Other
PIMPALGAON BASWANT,2022-04-06,1001.0,Other
PIMPALGAON BASWANT,2022-04-07,1021.0,Other
PIMPALGAON BASWANT,2022-04-08,975.0,Other
PIMPALGAON BASWANT,2022-04-09,950.0,Other
PIMPALGAON BASWANT,2022-04-11,955.0,Other
PIMPALGAON BASWANT,2022-04-12,951.0,Other
PIMPALGAON BASWANT,2022-04-13,911.0,Other
PIMPALGAON BASWANT,2022-04-15,1000.0,Other
PIMPALGAON BASWANT,2022-04-16,1050.0,Other
PIMPALGAON BASWANT,2022-04-18,1075.0,Other
PIMPALGAON BASWANT,2022-04-19,1050.0,Other
PIMPALGAON BASWANT,2022-04-20,1050.0,Other
PIMPALGAON BASWANT,2022-04-21,1001.0,Other
PIMPALGAON BASWANT,2022-04-22,980.0,Other
PIMPALGAON BASWANT,2022-04-23,950.0,Other
PIMPALGAON BASWANT,2022-04-25,975.0,Other
PIMPALGAON BASWANT,2022-04-26,950.0,Other
PIMPALGAON BASWANT,2022-04-27,850.0,Other
PIMPALGAON BASWANT,2022-04-28,870.0,Other
PIMPALGAON BASWANT,2022-04-29,850.0,Other
PIMPALGAON BASWANT,2022-04-30,911.0,Other
PIMPALGAON BASWANT,2022-05-02,850.0,Other
PIMPALGAON BASWANT,2022-05-03,811.0,Other
PIMPALGAON BASWANT,2022-05-04,850.0,Other
PIMPALGAON BASWANT,2022-05-05,901.0,Other
PIMPALGAON BASWANT,2022-05-06,890.0,Other
PIMPALGAON BASWANT,2022-05-07,811.0,Other
PIMPALGAON BASWANT,2022-05-09,1000.0,Other
PIMPALGAON BASWANT,2022-05-10,850.0,Other
PIMPALGAON BASWANT,2022-05-11,821.0,Other
PIMPALGAON BASWANT,2022-05-13,825.0,Other
PIMPALGAON BASWANT,2022-05-14,850.0,Other
PIMPALGAON BASWANT,2022-05-16,900.0,Other
PIMPALGAON BASWANT,2022-05-17,870.0,Other
PIMPALGAON BASWANT,2022-05-18,850.0,Other
PIMPALGAON BASWANT,2022-05-19,900.0,Other
PIMPALGAON BASWANT,2022-05-20,825.0,Other
PIMPALGAON BASWANT,2022-05-21,850.0,Other
PIMPALGAON BASWANT,2022-05-23,900.0,Other
PIMPALGAON BASWANT,2022-05-24,880.0,Other
PIMPALGAON BASWANT,2022-05-25,875.0,Other
PIMPALGAON BASWANT,2022-05-26,911.0,Other
PIMPALGAON BASWANT,2022-05-27,845.0,Other
PIMPALGAON BASWANT,2022-05-28,1000.0,Other
PIMPALGAON BASWANT,2022-05-30,1050.0,Other
PIMPALGAON BASWANT,2022-05-31,1070.0,Other
PIMPALGAON BASWANT,2022-06-01,1050.0,Other
PIMPALGAON BASWANT,2022-06-03,1070.0,Other
PIMPALGAON BASWANT,2022-06-04,1200.0,Other
PIMPALGAON BASWANT,2022-06-06,1180.0,Other
PIMPALGAON BASWANT,2022-06-07,1200.0,Other
PIMPALGAON BASWANT,2022-06-08,1150.0,Other
PIMPALGAON BASWANT,2022-06-09,1190.0,Other
PIMPALGAON BASWANT,2022-06-10,1150.0,Other
PIMPALGAON BASWANT,2022-06-11,1225.0,Other
PIMPALGAON BASWANT,2022-06-13,1300.0,Other
PIMPALGAON BASWANT,2022-06-14,1310.0,Other
PIMPALGAON BASWANT,2022-06-15,1400.0,Other
PIMPALGAON BASWANT,2022-06-16,1475.0,Other
PIMPALGAON BASWANT,2022-06-17,1400.0,Other
PIMPALGAON BASWANT,2022-06-18,1400.0,Other
PIMPALGAON BASWANT,2022-06-20,1400.0,Other
PIMPALGAON BASWANT,2022-06-21,1425.0,Other
PIMPALGAON BASWANT,2022-06-22,1425.0,Other
PIMPALGAON BASWANT,2022-06-23,1475.0,Other
PIMPALGAON BASWANT,2022-06-24,1450.0,Other
PIMPALGAON BASWANT,2022-06-25,1450.0,Other
PIMPALGAON BASWANT,2022-06-27,1450.0,Other
PIMPALGAON BASWANT,2022-06-28,1450.0,Other
PIMPALGAON BASWANT,2022-06-29,1400.0,Other
PIMPALGAON BASWANT,2022-06-30,1450.0,Other
PIMPALGAON BASWANT,2022-07-02,1350.0,Other
PIMPALGAON BASWANT,2022-07-04,1400.0,Other
PIMPALGAON BASWANT,2022-07-05,1450.0,Other
PIMPALGAON BASWANT,2022-07-06,1450.0,Other
PIMPALGAON BASWANT,2022-07-07,1375.0,Other
PIMPALGAON BASWANT,2022-07-08,1350.0,Other
PIMPALGAON BASWANT,2022-07-09,1425.0,Other
PIMPALGAON BASWANT,2022-07-11,1350.0,Other
PIMPALGAON BASWANT,2022-07-12,1400.0,Other
PIMPALGAON BASWANT,2022-07-13,1400.0,Other
PIMPALGAON BASWANT,2022-07-14,1350.0,Other
PIMPALGAON BASWANT,2022-07-15,1300.0,Other
PIMPALGAON BASWANT,2022-07-16,1350.0,Other
PIMPALGAON BASWANT,2022-07-18,1350.0,Other
PIMPALGAON BASWANT,2022-07-19,1300.0,Other
PIMPALGAON BASWANT,2022-07-20,1300.0,Other
PIMPALGAON BASWANT,2022-07-21,1250.0,Other
PIMPALGAON BASWANT,2022-07-22,1250.0,Other
PIMPALGAON BASWANT,2022-07-23,1250.0,Other
PIMPALGAON BASWANT,2022-07-25,1250.0,Other
PIMPALGAON BASWANT,2022-07-26,1300.0,Other
PIMPALGAON BASWANT,2022-07-27,1300.0,Other
PIMPALGAON BASWANT,2022-07-28,1300.0,Other
PIMPALGAON BASWANT,2022-07-29,1300.0,Other
PIMPALGAON BASWANT,2022-07-30,1250.0,Other
PIMPALGAON BASWANT,2022-08-01,1250.0,Other
PIMPALGAON BASWANT,2022-08-02,1250.0,Other
PIMPALGAON BASWANT,2022-08-03,1250.0,Other
PIMPALGAON BASWANT,2022-08-04,1300.0,Other
PIMPALGAON BASWANT,2022-08-05,1250.0,Other
PIMPALGAON BASWANT,2022-08-06,1200.0,Other
PIMPALGAON BASWANT,2022-08-08,1300.0,Other
PIMPALGAON BASWANT,2022-08-09,1250.0,Other
PIMPALGAON BASWANT,2022-08-10,1225.0,Other
PIMPALGAON BASWANT,2022-08-12,1250.0,Other
PIMPALGAON BASWANT,2022-08-13,1250.0,Other
PIMPALGAON BASWANT,2022-08-16,1200.0,Other
PIMPALGAON BASWANT,2022-08-17,1250.0,Other
PIMPALGAON BASWANT,2022-08-18,1375.0,Other
PIMPALGAON BASWANT,2022-08-19,1275.0,Other
PIMPALGAON BASWANT,2022-08-20,1250.0,Other
PIMPALGAON BASWANT,2022-08-22,1300.0,Other
PIMPALGAON BASWANT,2022-08-23,1250.0,Other
PIMPALGAON BASWANT,2022-08-25,1200.0,Other
PIMPALGAON BASWANT,2022-08-27,1225.0,Other
PIMPALGAON BASWANT,2022-08-29,1200.0,Other
PIMPALGAON BASWANT,2022-08-30,1200.0,Other
PIMPALGAON BASWANT,2022-09-01,1150.0,Other
PIMPALGAON BASWANT,2022-09-02,1150.0,Other
PIMPALGAON BASWANT,2022-09-03,1175.0,Other
PIMPALGAON BASWANT,2022-09-06,1300.0,Other
PIMPALGAON BASWANT,2022-09-07,1200.0,Other
PIMPALGAON BASWANT,2022-09-08,1225.0,Other
PIMPALGAON BASWANT,2022-09-10,1250.0,Other
PIMPALGAON BASWANT,2022-09-12,1300.0,Other
PIMPALGAON BASWANT,2022-09-14,1250.0,Other
PIMPALGAON BASWANT,2022-09-15,1250.0,Other
PIMPALGAON BASWANT,2022-09-16,1225.0,Other
PIMPALGAON BASWANT,2022-09-17,1200.0,Other
PIMPALGAON BASWANT,2022-09-19,1150.0,Other
PIMPALGAON BASWANT,2022-09-20,1125.0,Other
PIMPALGAON BASWANT,2022-09-21,1150.0,Other
PIMPALGAON BASWANT,2022-09-22,1150.0,Other
PIMPALGAON BASWANT,2022-09-23,1200.0,Other
PIMPALGAON BASWANT,2022-09-24,1200.0,Other
PIMPALGAON BASWANT,2022-09-27,1300.0,Other
PIMPALGAON BASWANT,2022-09-28,1400.0,Other
PIMPALGAON BASWANT,2022-09-29,1550.0,Other
PIMPALGAON BASWANT,2022-09-30,1550.0,Other
PIMPALGAON BASWANT,2022-10-01,1550.0,Other
PIMPALGAON BASWANT,2022-10-03,1350.0,Other
PIMPALGAON BASWANT,2022-10-04,1500.0,Other
PIMPALGAON BASWANT,2022-10-05,1550.0,Other
PIMPALGAON BASWANT,2022-10-06,1650.0,Other
PIMPALGAON BASWANT,2022-10-07,2050.0,Other
PIMPALGAON BASWANT,2022-10-08,1850.0,Other
PIMPALGAON BASWANT,2022-10-10,2050.0,Other
PIMPALGAON BASWANT,2022-10-11,2300.0,Other
PIMPALGAON BASWANT,2022-10-12,2250.0,Other
PIMPALGAON BASWANT,2022-10-13,2300.0,Other
PIMPALGAON BASWANT,2022-10-14,2200.0,Other
PIMPALGAON BASWANT,2022-10-15,2200.0,Other
PIMPALGAON BASWANT,2022-10-17,2200.0,Other
PIMPALGAON BASWANT,2022-10-18,2250.0,Other
PIMPALGAON BASWANT,2022-10-19,2150.0,Other
PIMPALGAON BASWANT,2022-10-20,2050.0,Other
PIMPALGAON BASWANT,2022-10-21,2050.0,Other
PIMPALGAON BASWANT,2022-10-22,1900.0,Other
PIMPALGAON BASWANT,2022-10-31,2300.0,Other
PIMPALGAON BASWANT,2022-11-01,2650.0,Other
PIMPALGAON BASWANT,2022-11-02,2600.0,Other
PIMPALGAON BASWANT,2022-11-03,2600.0,Other
PIMPALGAON BASWANT,2022-11-04,2650.0,Other
PIMPALGAON BASWANT,2022-11-05,2550.0,Other
PIMPALGAON BASWANT,2022-11-07,2201.0,Other
PIMPALGAON BASWANT,2022-11-08,2100.0,Other
PIMPALGAON BASWANT,2022-11-09,2100.0,Other
PIMPALGAON BASWANT,2022-11-10,2150.0,Other
PIMPALGAON BASWANT,2022-11-11,2150.0,Other
PIMPALGAON BASWANT,2022-11-12,2100.0,Other
PIMPALGAON BASWANT,2022-11-14,1951.0,Other
PIMPALGAON BASWANT,2022-11-15,1900.0,Other
PIMPALGAON BASWANT,2022-11-16,1750.0,Other
PIMPALGAON BASWANT,2022-11-17,1450.0,Other
PIMPALGAON BASWANT,2022-11-18,1500.0,Other
PIMPALGAON BASWANT,2022-11-19,1511.0,Other
PIMPALGAON BASWANT,2022-11-21,1351.0,Other
PIMPALGAON BASWANT,2022-11-22,1400.0,Other
PIMPALGAON BASWANT,2022-11-23,1400.0,Other
PIMPALGAON BASWANT,2022-11-24,1450.0,Other
PIMPALGAON BASWANT,2022-11-25,1450.0,Other
PIMPALGAON BASWANT,2022-11-26,1400.0,Other
PIMPALGAON BASWANT,2022-11-29,1400.0,Other
PIMPALGAON BASWANT,2022-11-30,1401.0,Other
PIMPALGAON BASWANT,2022-12-01,1250.0,Other
PIMPALGAON BASWANT,2022-12-02,1200.0,Other
PIMPALGAON BASWANT,2022-12-03,1150.0,Other
PIMPALGAON BASWANT,2022-12-05,1100.0,Other
PIMPALGAON BASWANT,2022-12-07,1150.0,Other
PIMPALGAON BASWANT,2022-12-08,1150.0,Other
PIMPALGAON BASWANT,2022-12-09,1150.0,Other
PIMPALGAON BASWANT,2022-12-10,1250.0,Other
PIMPALGAON BASWANT,2022-12-12,1250.0,Other
PIMPALGAON BASWANT,2022-12-13,1250.0,Other
PIMPALGAON BASWANT,2022-12-14,1250.0,Other
PIMPALGAON BASWANT,2022-12-15,1150.0,Other
PIMPALGAON BASWANT,2022-12-16,1050.0,Other
PIMPALGAON BASWANT,2022-12-17,1100.0,Other
PIMPALGAON BASWANT,2022-12-19,1250.0,Other
PIMPALGAON BASWANT,2022-12-20,1500.0,Other
PIMPALGAON BASWANT,2022-12-21,1550.0,Other
PIMPALGAON BASWANT,2022-12-22,1500.0,Other
PIMPALGAON BASWANT,2022-12-23,1600.0,Other
PIMPALGAON BASWANT,2022-12-24,1500.0,Other
PIMPALGAON BASWANT,2022-12-27,1450.0,Other
PIMPALGAON BASWANT,2022-12-28,1400.0,Other
PIMPALGAON BASWANT,2022-12-29,1250.0,Other
PIMPALGAON BASWANT,2022-12-30,1100.0,Other
PIMPALGAON BASWANT,2022-12-31,1350.0,Other
PIMPALGAON BASWANT,2023-01-02,1100.0,Other
PIMPALGAON BASWANT,2023-01-03,1300.0,Other
PIMPALGAON BASWANT,2023-01-04,1450.0,Other
PIMPALGAON BASWANT,2023-01-06,1300.0,Other
PIMPALGAON BASWANT,2023-01-07,1200.0,Other
PIMPALGAON BASWANT,2023-01-10,1400.0,Other
PIMPALGAON BASWANT,2023-01-11,1500.0,Other
PIMPALGAON BASWANT,2023-03-08,1300.0,Other
PIMPALGAON BASWANT,2023-03-09,1200.0,Other
PIMPALGAON BASWANT,2023-03-10,1100.0,Other
PIMPALGAON BASWANT,2023-03-11,1100.0,Other
PIMPALGAON BASWANT,2023-03-13,1200.0,Other
PIMPALGAON BASWANT,2023-03-14,1190.0,Other
PIMPALGAON BASWANT,2023-03-15,1050.0,Other
PIMPALGAON BASWANT,2023-03-16,1150.0,Other
PIMPALGAON BASWANT,2023-03-17,1200.0,Other
PIMPALGAON BASWANT,2023-03-18,1250.0,Other
PIMPALGAON BASWANT,2023-03-20,1251.0,Other
PIMPALGAON BASWANT,2023-03-21,1200.0,Other
PIMPALGAON BASWANT,2023-03-22,1100.0,Other
PIMPALGAON BASWANT,2023-03-23,1000.0,Other
PIMPALGAON BASWANT,2023-03-24,1051.0,Other
PIMPALGAON BASWANT,2023-03-25,1000.0,Other
PIMPALGAON BASWANT,2023-03-27,1000.0,Other
PIMPALGAON BASWANT,2023-03-28,900.0,Other
PIMPALGAON BASWANT,2023-03-29,850.0,Other
PIMPALGAON BASWANT,2023-03-31,850.0,Other
PIMPALGAON BASWANT,2023-04-06,850.0,Other
PIMPALGAON BASWANT,2023-04-07,800.0,Other
PIMPALGAON BASWANT,2023-04-08,800.0,Other
PIMPALGAON BASWANT,2023-04-10,850.0,Other
PIMPALGAON BASWANT,2023-04-11,850.0,Other
PIMPALGAON BASWANT,2023-04-12,775.0,Other
PIMPALGAON BASWANT,2023-04-13,850.0,Other
PIMPALGAON BASWANT,2023-04-14,850.0,Other
PIMPALGAON BASWANT,2023-04-15,800.0,Other
PIMPALGAON BASWANT,2023-04-17,900.0,Other
PIMPALGAON BASWANT,2023-04-18,925.0,Other
PIMPALGAON BASWANT,2023-04-19,850.0,Other
PIMPALGAON BASWANT,2023-04-20,850.0,Other
PIMPALGAON BASWANT,2023-04-21,800.0,Other
PIMPALGAON BASWANT,2023-04-22,800.0,Other
PIMPALGAON BASWANT,2023-04-24,850.0,Other
PIMPALGAON BASWANT,2023-04-25,800.0,Other
PIMPALGAON BASWANT,2023-04-26,800.0,Other
PIMPALGAON BASWANT,2023-04-27,800.0,Other
PIMPALGAON BASWANT,2023-05-02,800.0,Other
PIMPALGAON BASWANT,2023-05-03,800.0,Other
PIMPALGAON BASWANT,2023-05-04,800.0,Other
PIMPALGAON BASWANT,2023-05-05,850.0,Other
PIMPALGAON BASWANT,2023-05-06,850.0,Other
PIMPALGAON BASWANT,2023-05-08,800.0,Other
PIMPALGAON BASWANT,2023-05-09,800.0,Other
PIMPALGAON BASWANT,2023-05-10,850.0,Other
PIMPALGAON BASWANT,2023-05-11,800.0,Other
PIMPALGAON BASWANT,2023-05-12,850.0,Other
PIMPALGAON BASWANT,2023-05-13,900.0,Other
PIMPALGAON BASWANT,2023-05-15,900.0,Other
PIMPALGAON BASWANT,2023-05-16,800.0,Other
PIMPALGAON BASWANT,2023-05-17,840.0,Other
PIMPALGAON BASWANT,2023-05-18,800.0,Other
PIMPALGAON BASWANT,2023-05-19,750.0,Other
PIMPALGAON BASWANT,2023-05-20,800.0,Other
PIMPALGAON BASWANT,2023-05-22,951.0,Other
PIMPALGAON BASWANT,2023-05-23,951.0,Other
PIMPALGAON BASWANT,2023-05-24,900.0,Other
PIMPALGAON BASWANT,2023-05-25,700.0,Other
PIMPALGAON BASWANT,2023-05-26,750.0,Other
PIMPALGAON BASWANT,2023-05-27,700.0,Other
PIMPALGAON BASWANT,2023-05-29,700.0,Other
PIMPALGAON BASWANT,2023-05-30,710.0,Other
PIMPALGAON BASWANT,2023-05-31,701.0,Other
PIMPALGAON BASWANT,2023-06-01,701.0,Other
PIMPALGAON BASWANT,2023-06-02,800.0,Other
PIMPALGAON BASWANT,2023-06-03,821.0,Other
PIMPALGAON BASWANT,2023-06-05,1021.0,Other
PIMPALGAON BASWANT,2023-06-06,1051.0,Other
PIMPALGAON BASWANT,2023-06-07,1001.0,Other
PIMPALGAON BASWANT,2023-06-08,901.0,Other
PIMPALGAON BASWANT,2023-06-09,900.0,Other
PIMPALGAON BASWANT,2023-06-10,950.0,Other
PIMPALGAON BASWANT,2023-06-12,1050.0,Other
PIMPALGAON BASWANT,2023-06-13,1100.0,Other
PIMPALGAON BASWANT,2023-06-14,1100.0,Other
PIMPALGAON BASWANT,2023-06-15,950.0,Other
PIMPALGAON BASWANT,2023-06-16,900.0,Other
PIMPALGAON BASWANT,2023-06-17,850.0,Other
PIMPALGAON BASWANT,2023-06-19,950.0,Other
PIMPALGAON BASWANT,2023-06-20,900.0,Other
PIMPALGAON BASWANT,2023-06-21,950.0,Other
PIMPALGAON BASWANT,2023-06-22,1001.0,Other
PIMPALGAON BASWANT,2023-06-23,1051.0,Other
PIMPALGAON BASWANT,2023-06-24,1050.0,Other
PIMPALGAON BASWANT,2023-06-26,1150.0,Other
PIMPALGAON BASWANT,2023-06-27,1150.0,Other
PIMPALGAON BASWANT,2023-06-28,1250.0,Other
PIMPALGAON BASWANT,2023-06-30,1500.0,Other
PIMPALGAON BASWANT,2023-07-01,1425.0,Other
PIMPALGAON BASWANT,2023-07-03,1400.0,Other
PIMPALGAON BASWANT,2023-07-04,1400.0,Other
PIMPALGAON BASWANT,2023-07-05,1350.0,Other
PIMPALGAON BASWANT,2023-07-06,1350.0,Other
PIMPALGAON BASWANT,2023-07-07,1400.0,Other
PIMPALGAON BASWANT,2023-07-08,1300.0,Other
PIMPALGAON BASWANT,2023-07-10,1300.0,Other
PIMPALGAON BASWANT,2023-07-11,1300.0,Other
PIMPALGAON BASWANT,2023-07-12,1300.0,Other
PIMPALGAON BASWANT,2023-07-13,1300.0,Other
PIMPALGAON BASWANT,2023-07-14,1300.0,Other
PIMPALGAON BASWANT,2023-07-15,1300.0,Other
PIMPALGAON BASWANT,2023-07-17,1350.0,Other
PIMPALGAON BASWANT,2023-07-18,1400.0,Other
PIMPALGAON BASWANT,2023-07-19,1450.0,Other
PIMPALGAON BASWANT,2023-07-20,1350.0,Other
PIMPALGAON BASWANT,2023-07-21,1350.0,Other
PIMPALGAON BASWANT,2023-07-22,1300.0,Other
PIMPALGAON BASWANT,2023-07-24,1300.0,Other
PIMPALGAON BASWANT,2023-07-25,1300.0,Other
PIMPALGAON BASWANT,2023-07-26,1400.0,Other
PIMPALGAON BASWANT,2023-07-27,1400.0,Other
PIMPALGAON BASWANT,2023-07-28,1350.0,Other
PIMPALGAON BASWANT,2023-07-29,1300.0,Other
PIMPALGAON BASWANT,2023-07-31,1350.0,Other
PIMPALGAON BASWANT,2023-08-01,1350.0,Other
PIMPALGAON BASWANT,2023-08-02,1400.0,Other
PIMPALGAON BASWANT,2023-08-03,1500.0,Other
PIMPALGAON BASWANT,2023-08-04,1600.0,Other
PIMPALGAON BASWANT,2023-08-05,1750.0,Other
PIMPALGAON BASWANT,2023-08-07,1900.0,Other
PIMPALGAON BASWANT,2023-08-08,1901.0,Other
PIMPALGAON BASWANT,2023-08-09,1801.0,Other
PIMPALGAON BASWANT,2023-08-10,1950.0,Other
PIMPALGAON BASWANT,2023-08-11,2400.0,Other
PIMPALGAON BASWANT,2023-08-12,2350.0,Other
PIMPALGAON BASWANT,2023-08-14,2350.0,Other
PIMPALGAON BASWANT,2023-08-16,2350.0,Other
PIMPALGAON BASWANT,2023-08-17,2350.0,Other
PIMPALGAON BASWANT,2023-08-18,2250.0,Other
PIMPALGAON BASWANT,2023-08-19,2201.0,Other
PIMPALGAON BASWANT,2023-08-21,2150.0,Other
PIMPALGAON BASWANT,2023-08-24,2100.0,Other
PIMPALGAON BASWANT,2023-08-25,2150.0,Other
PIMPALGAON BASWANT,2023-08-26,2050.0,Other
PIMPALGAON BASWANT,2023-08-28,2150.0,Other
PIMPALGAON BASWANT,2023-08-29,2100.0,Other
PIMPALGAON BASWANT,2023-08-31,2300.0,Other
PIMPALGAON BASWANT,2023-09-01,2350.0,Other
PIMPALGAON BASWANT,2023-09-02,2351.0,Other
PIMPALGAON BASWANT,2023-09-04,2250.0,Other
PIMPALGAON BASWANT,2023-09-05,2200.0,Other
PIMPALGAON BASWANT,2023-09-06,2200.0,Other
PIMPALGAON BASWANT,2023-09-07,2150.0,Other
PIMPALGAON BASWANT,2023-09-08,2100.0,Other
PIMPALGAON BASWANT,2023-09-09,2200.0,Other
PIMPALGAON BASWANT,2023-09-11,2251.0,Other
PIMPALGAON BASWANT,2023-09-12,2151.0,Other
PIMPALGAON BASWANT,2023-09-13,2050.0,Other
PIMPALGAON BASWANT,2023-09-15,2000.0,Other
PIMPALGAON BASWANT,2023-09-16,2000.0,Other
PIMPALGAON BASWANT,2023-09-18,2101.0,Other
PIMPALGAON BASWANT,2023-10-03,2200.0,Other
PIMPALGAON BASWANT,2023-10-04,2200.0,Other
PIMPALGAON BASWANT,2023-10-05,2350.0,Other
PIMPALGAON BASWANT,2023-10-06,2400.0,Other
PIMPALGAON BASWANT,2023-10-07,2300.0,Other
PIMPALGAON BASWANT,2023-10-09,2400.0,Other
PIMPALGAON BASWANT,2023-10-10,2350.0,Other
PIMPALGAON BASWANT,2023-10-11,2400.0,Other
PIMPALGAON BASWANT,2023-10-12,2450.0,Other
PIMPALGAON BASWANT,2023-10-13,2550.0,Other
PIMPALGAON BASWANT,2023-10-14,2650.0,Other
PIMPALGAON BASWANT,2023-10-16,2850.0,Other
PIMPALGAON BASWANT,2023-10-17,3051.0,Other
PIMPALGAON BASWANT,2023-10-18,3400.0,Other
PIMPALGAON BASWANT,2023-10-19,3200.0,Other
PIMPALGAON BASWANT,2023-10-20,3300.0,Other
PIMPALGAON BASWANT,2023-10-21,3200.0,Other
PIMPALGAON BASWANT,2023-10-23,3900.0,Other
PIMPALGAON BASWANT,2023-10-24,3900.0,Other
PIMPALGAON BASWANT,2023-10-25,4250.0,Other
PIMPALGAON BASWANT,2023-10-26,4500.0,Other
PIMPALGAON BASWANT,2023-10-27,4900.0,Other
PIMPALGAON BASWANT,2023-10-28,4800.0,Other
PIMPALGAON BASWANT,2023-10-30,4700.0,Other
PIMPALGAON BASWANT,2023-10-31,4551.0,Other
PIMPALGAON BASWANT,2023-11-01,4200.0,Other
PIMPALGAON BASWANT,2023-11-03,3700.0,Other
PIMPALGAON BASWANT,2023-11-04,3500.0,Other
PIMPALGAON BASWANT,2023-11-06,3400.0,Other
PIMPALGAON BASWANT,2023-11-07,3500.0,Other
PIMPALGAON BASWANT,2023-11-08,3550.0,Other
PIMPALGAON BASWANT,2023-11-20,3500.0,Other
PIMPALGAON BASWANT,2023-11-21,3400.0,Other
PIMPALGAON BASWANT,2023-11-22,3300.0,Other
PIMPALGAON BASWANT,2023-11-23,3400.0,Other
PIMPALGAON BASWANT,2023-11-24,3501.0,Other
PIMPALGAON BASWANT,2023-11-25,3400.0,Other
PIMPALGAON BASWANT,2023-11-27,4401.0,Other
PIMPALGAON BASWANT,2023-11-28,4200.0,Other
PIMPALGAON BASWANT,2023-11-29,4100.0,Other
PIMPALGAON BASWANT,2023-11-30,3500.0,Other
PIMPALGAON BASWANT,2023-12-02,3700.0,Other
PIMPALGAON BASWANT,2023-12-04,3900.0,Other
PIMPALGAON BASWANT,2023-12-05,3900.0,Other
PIMPALGAON BASWANT,2023-12-06,3800.0,Other
PIMPALGAON BASWANT,2023-12-07,4000.0,Other
PIMPALGAON BASWANT,2023-12-09,3900.0,Other
PIMPALGAON BASWANT,2023-12-11,3400.0,Other
PIMPALGAON BASWANT,2023-12-12,2400.0,Other
PIMPALGAON BASWANT,2023-12-13,2450.0,Other
PIMPALGAON BASWANT,2023-12-14,2300.0,Other
PIMPALGAON BASWANT,2023-12-15,2300.0,Other
PIMPALGAON BASWANT,2023-12-16,2250.0,Other
PIMPALGAON BASWANT,2023-12-18,1900.0,Other
PIMPALGAON BASWANT,2023-12-19,2000.0,Other
PIMPALGAON BASWANT,2023-12-20,1800.0,Other
PIMPALGAON BASWANT,2023-12-21,1800.0,Other
PIMPALGAON BASWANT,2023-12-22,1511.0,Other
PIMPALGAON BASWANT,2023-12-23,1600.0,Other
PIMPALGAON BASWANT,2023-12-25,1400.0,Other
PIMPALGAON BASWANT,2023-12-26,1301.0,Other
PIMPALGAON BASWANT,2024-03-04,1650.0,Other
PIMPALGAON BASWANT,2024-03-05,1700.0,Other
PIMPALGAON BASWANT,2024-03-06,1751.0,Other
PIMPALGAON BASWANT,2024-03-07,1900.0,Other
PIMPALGAON BASWANT,2024-03-09,1700.0,Other
PIMPALGAON BASWANT,2024-03-11,1625.0,Other
PIMPALGAON BASWANT,2024-03-12,1700.0,Other
PIMPALGAON BASWANT,2024-03-13,1650.0,Other
PIMPALGAON BASWANT,2024-03-14,1500.0,Other
PIMPALGAON BASWANT,2024-03-15,1450.0,Other
PIMPALGAON BASWANT,2024-03-16,1400.0,Other
PIMPALGAON BASWANT,2024-03-18,1350.0,Other
PIMPALGAON BASWANT,2024-03-19,1400.0,Other
PIMPALGAON BASWANT,2024-03-20,1375.0,Other
PIMPALGAON BASWANT,2024-03-21,1350.0,Other
PIMPALGAON BASWANT,2024-03-22,1375.0,Other
PIMPALGAON BASWANT,2024-03-23,1375.0,Other
PIMPALGAON BASWANT,2024-03-25,1380.0,Other
PIMPALGAON BASWANT,2024-03-26,1425.0,Other
PIMPALGAON BASWANT,2024-03-27,1601.0,Other
PIMPALGAON BASWANT,2024-03-28,1550.0,Other
PIMPALGAON BASWANT,2024-04-22,1351.0,Other
PIMPALGAON BASWANT,2024-04-29,1451.0,Other
PIMPALGAON BASWANT,2024-04-30,1450.0,Other
PIMPALGAON BASWANT,2024-05-02,1550.0,Other
PIMPALGAON BASWANT,2024-05-04,2100.0,Other
PIMPALGAON BASWANT,2024-05-06,1800.0,Other
PIMPALGAON BASWANT,2024-05-07,1500.0,Other
PIMPALGAON BASWANT,2024-05-08,1450.0,Other
PIMPALGAON BASWANT,2024-05-09,1500.0,Other
PIMPALGAON BASWANT,2024-05-10,1450.0,Other
PIMPALGAON BASWANT,2024-05-11,1550.0,Other
PIMPALGAON BASWANT,2024-05-13,1600.0,Other
PIMPALGAON BASWANT,2024-05-16,1651.0,Other
PIMPALGAON BASWANT,2024-05-17,1550.0,Other
PIMPALGAON BASWANT,2024-05-18,1550.0,Other
PIMPALGAON BASWANT,2024-05-21,1560.0,Other
PIMPALGAON BASWANT,2024-05-22,1700.0,Other
PIMPALGAON BASWANT,2024-05-23,1800.0,Other
PIMPALGAON BASWANT,2024-05-24,1750.0,Other
PIMPALGAON BASWANT,2024-05-25,1775.0,Other
PIMPALGAON BASWANT,2024-05-27,1800.0,Other
PIMPALGAON BASWANT,2024-05-28,1951.0,Other
PIMPALGAON BASWANT,2024-05-29,2100.0,Other
PIMPALGAON BASWANT,2024-05-30,2200.0,Other
PIMPALGAON BASWANT,2024-05-31,2100.0,Other
PIMPALGAON BASWANT,2024-06-01,2000.0,Other
PIMPALGAON BASWANT,2024-06-03,2100.0,Other
PIMPALGAON BASWANT,2024-06-04,2051.0,Other
PIMPALGAON BASWANT,2024-06-05,2225.0,Other
PIMPALGAON BASWANT,2024-06-06,2351.0,Other
PIMPALGAON BASWANT,2024-06-07,2451.0,Other
PIMPALGAON BASWANT,2024-06-08,2550.0,Other
PIMPALGAON BASWANT,2024-06-10,2650.0,Other
PIMPALGAON BASWANT,2024-06-11,2500.0,Other
PIMPALGAON BASWANT,2024-06-12,2400.0,Other
PIMPALGAON BASWANT,2024-06-13,2500.0,Other
PIMPALGAON BASWANT,2024-06-14,2625.0,Other
PIMPALGAON BASWANT,2024-06-15,2700.0,Other
PIMPALGAON BASWANT,2024-06-17,2750.0,Other
PIMPALGAON BASWANT,2024-06-18,2850.0,Other
PIMPALGAON BASWANT,2024-06-19,3050.0,Other
PIMPALGAON BASWANT,2024-06-20,3150.0,Other
PIMPALGAON BASWANT,2024-06-21,3100.0,Other
PIMPALGAON BASWANT,2024-06-22,3050.0,Other
PIMPALGAON BASWANT,2024-06-24,3250.0,Other
PIMPALGAON BASWANT,2024-06-25,3250.0,Other
PIMPALGAON BASWANT,2024-06-26,3000.0,Other
PIMPALGAON BASWANT,2024-06-27,2900.0,Other
PIMPALGAON BASWANT,2024-06-28,2850.0,Other
PIMPALGAON BASWANT,2024-06-29,3000.0,Other
PIMPALGAON BASWANT,2024-07-01,3100.0,Other
PIMPALGAON BASWANT,2024-07-02,2950.0,Other
PIMPALGAON BASWANT,2024-07-03,2950.0,Other
PIMPALGAON BASWANT,2024-07-04,2900.0,Other
PIMPALGAON BASWANT,2024-07-05,2900.0,Other
PIMPALGAON BASWANT,2024-07-06,2850.0,Other
PIMPALGAON BASWANT,2024-07-08,2850.0,Other
PIMPALGAON BASWANT,2024-07-09,2850.0,Other
PIMPALGAON BASWANT,2024-07-10,2900.0,Other
PIMPALGAON BASWANT,2024-07-11,2850.0,Other
PIMPALGAON BASWANT,2024-07-12,2800.0,Other
PIMPALGAON BASWANT,2024-07-13,2850.0,Other
PIMPALGAON BASWANT,2024-07-15,2800.0,Other
PIMPALGAON BASWANT,2024-07-16,2800.0,Other
PIMPALGAON BASWANT,2024-07-18,2750.0,Other
PIMPALGAON BASWANT,2024-07-19,2700.0,Other
PIMPALGAON BASWANT,2024-07-20,2700.0,Other
PIMPALGAON BASWANT,2024-07-22,2750.0,Other
PIMPALGAON BASWANT,2024-07-23,2775.0,Other
PIMPALGAON BASWANT,2024-07-24,2750.0,Other
PIMPALGAON BASWANT,2024-07-25,2725.0,Other
PIMPALGAON BASWANT,2024-07-26,2680.0,Other
PIMPALGAON BASWANT,2024-07-27,2650.0,Other
PIMPALGAON BASWANT,2024-07-29,2750.0,Other
PIMPALGAON BASWANT,2024-07-30,2725.0,Other
PIMPALGAON BASWANT,2024-07-31,2750.0,Other
PIMPALGAON BASWANT,2024-08-01,2700.0,Other
PIMPALGAON BASWANT,2024-08-02,2700.0,Other
PIMPALGAON BASWANT,2024-08-03,2700.0,Other
PIMPALGAON BASWANT,2024-08-05,2850.0,Other
PIMPALGAON BASWANT,2024-08-06,2900.0,Other
PIMPALGAON BASWANT,2024-08-07,3050.0,Other
PIMPALGAON BASWANT,2024-08-08,3080.0,Other
PIMPALGAON BASWANT,2024-08-09,3200.0,Other
PIMPALGAON BASWANT,2024-08-10,3375.0,Other
PIMPALGAON BASWANT,2024-08-12,3500.0,Other
PIMPALGAON BASWANT,2024-08-14,3300.0,Other
PIMPALGAON BASWANT,2024-08-16,3250.0,Other
PIMPALGAON BASWANT,2024-08-17,3280.0,Other
PIMPALGAON BASWANT,2024-08-20,3450.0,Other
PIMPALGAON BASWANT,2024-08-21,3700.0,Other
PIMPALGAON BASWANT,2024-08-22,3750.0,Other
PIMPALGAON BASWANT,2024-08-23,3880.0,Other
PIMPALGAON BASWANT,2024-08-24,3780.0,Other
PIMPALGAON BASWANT,2024-08-26,3851.0,Other
PIMPALGAON BASWANT,2024-08-27,3801.0,Other
PIMPALGAON BASWANT,2024-08-28,3800.0,Other
PIMPALGAON BASWANT,2024-08-29,3550.0,Other
PIMPALGAON BASWANT,2024-08-30,3501.0,Other
PIMPALGAON BASWANT,2024-08-31,3625.0,Other
PIMPALGAON BASWANT,2024-09-03,4100.0,Other
PIMPALGAON BASWANT,2024-09-04,3900.0,Other
PIMPALGAON BASWANT,2024-09-05,4000.0,Other
PIMPALGAON BASWANT,2024-09-06,3900.0,Other
PIMPALGAON BASWANT,2024-09-09,3751.0,Other
PIMPALGAON BASWANT,2024-09-10,3750.0,Other
PIMPALGAON BASWANT,2024-09-11,3900.0,Other
PIMPALGAON BASWANT,2024-09-12,4100.0,Other
PIMPALGAON BASWANT,2024-09-13,4050.0,Other
PIMPALGAON BASWANT,2024-09-14,4400.0,Other
PIMPALGAON BASWANT,2024-09-16,4700.0,Other
PIMPALGAON BASWANT,2024-09-18,4500.0,Other
PIMPALGAON BASWANT,2024-09-19,4750.0,Other
PIMPALGAON BASWANT,2024-09-20,4825.0,Other
PIMPALGAON BASWANT,2024-09-21,4651.0,Other
PIMPALGAON BASWANT,2024-09-23,4700.0,Other
PIMPALGAON BASWANT,2024-09-24,4800.0,Other
PIMPALGAON BASWANT,2024-09-26,4700.0,Other
PIMPALGAON BASWANT,2024-09-27,4500.0,Other
PIMPALGAON BASWANT,2024-09-28,4351.0,Other
PIMPALGAON BASWANT,2024-09-30,4100.0,Other
PIMPALGAON BASWANT,2024-10-01,4200.0,Other
PIMPALGAON BASWANT,2024-10-03,4400.0,Other
PIMPALGAON BASWANT,2024-10-04,4600.0,Other
PIMPALGAON BASWANT,2024-10-05,4500.0,Other
PIMPALGAON BASWANT,2024-10-09,4150.0,Other
PIMPALGAON BASWANT,2024-10-10,4300.0,Other
PIMPALGAON BASWANT,2024-10-11,4400.0,Other
PIMPALGAON BASWANT,2024-10-12,4200.0,Other
PIMPALGAON BASWANT,2024-10-14,4350.0,Other
PIMPALGAON BASWANT,2024-10-15,4100.0,Other
PIMPALGAON BASWANT,2024-10-16,4150.0,Other
PIMPALGAON BASWANT,2024-10-17,4200.0,Other
PIMPALGAON BASWANT,2024-10-18,4300.0,Other
PIMPALGAON BASWANT,2024-10-19,4300.0,Other
PIMPALGAON BASWANT,2024-10-21,4351.0,Other
PIMPALGAON BASWANT,2024-10-22,4500.0,Other
PIMPALGAON BASWANT,2024-10-23,4600.0,Other
PIMPALGAON BASWANT,2024-10-24,4600.0,Other
PIMPALGAON BASWANT,2024-10-25,4450.0,Other
PIMPALGAON BASWANT,2024-10-26,4400.0,Other
PIMPALGAON BASWANT,2024-10-28,4500.0,Other
PIMPALGAON BASWANT,2024-11-04,4600.0,Other
PIMPALGAON BASWANT,2024-11-05,5251.0,Other
PIMPALGAON BASWANT,2024-11-06,5550.0,Other
PIMPALGAON BASWANT,2024-11-07,5800.0,Other
PIMPALGAON BASWANT,2024-11-08,5850.0,Other
PIMPALGAON BASWANT,2024-11-09,5800.0,Other
PIMPALGAON BASWANT,2024-11-11,5700.0,Other
PIMPALGAON BASWANT,2024-11-12,5600.0,Other
PIMPALGAON BASWANT,2024-11-13,5600.0,Other
PIMPALGAON BASWANT,2024-11-14,5500.0,Other
PIMPALGAON BASWANT,2024-11-15,5400.0,Other
PIMPALGAON BASWANT,2024-11-16,5600.0,Other
PIMPALGAON BASWANT,2024-11-18,5550.0,Other
PIMPALGAON BASWANT,2024-11-19,5400.0,Other
PIMPALGAON BASWANT,2024-11-21,5700.0,Other
PIMPALGAON BASWANT,2024-11-22,5800.0,Other
PIMPALGAON BASWANT,2024-11-23,5650.0,Other
PIMPALGAON BASWANT,2024-11-25,5700.0,Other
PIMPALGAON BASWANT,2024-11-26,5851.0,Other
PIMPALGAON BASWANT,2024-11-27,5700.0,Other
PIMPALGAON BASWANT,2024-11-28,5800.0,Other
PIMPALGAON BASWANT,2024-11-30,6001.0,Other
PIMPALGAON BASWANT,2024-12-02,5711.0,Other
PIMPALGAON BASWANT,2024-12-03,5600.0,Other
PIMPALGAON BASWANT,2024-12-04,6180.0,Other
PIMPALGAON BASWANT,2024-12-05,3601.0,Other
PIMPALGAON BASWANT,2024-12-06,4500.0,Other
PIMPALGAON BASWANT,2024-12-07,4600.0,Other
PIMPALGAON BASWANT,2024-12-09,4251.0,Other
PIMPALGAON BASWANT,2024-12-10,4675.0,Other
PIMPALGAON BASWANT,2024-12-12,3300.0,Other
PIMPALGAON BASWANT,2025-03-01,2000.0,Other
PIMPALGAON BASWANT,2025-03-03,2001.0,Other
PIMPALGAON BASWANT,2025-03-04,2150.0,Other
PIMPALGAON BASWANT,2025-03-05,2201.0,Other
PIMPALGAON BASWANT,2025-03-06,2200.0,Other
PIMPALGAON BASWANT,2025-03-07,2260.0,Other
PIMPALGAON BASWANT,2025-03-08,1800.0,Other
PIMPALGAON BASWANT,2025-03-10,1650.0,Other
PIMPALGAON BASWANT,2025-03-11,1325.0,Other
PIMPALGAON BASWANT,2025-03-12,1400.0,Other
PIMPALGAON BASWANT,2025-03-13,1500.0,Other
PIMPALGAON BASWANT,2025-03-14,1500.0,Other
PIMPALGAON BASWANT,2025-03-15,1500.0,Other
PIMPALGAON BASWANT,2025-03-17,1525.0,Other
PIMPALGAON BASWANT,2025-03-18,1550.0,Other
PIMPALGAON BASWANT,2025-03-20,1451.0,Other
PIMPALGAON BASWANT,2025-03-21,1400.0,Other
PIMPALGAON BASWANT,2025-03-22,1350.0,Other
PIMPALGAON BASWANT,2025-03-24,1400.0,Other
PIMPALGAON BASWANT,2025-03-25,1500.0,Other
PIMPALGAON BASWANT,2025-03-26,1525.0,Other
PIMPALGAON BASWANT,2025-03-27,1500.0,Other
PIMPALGAON BASWANT,2025-04-02,1300.0,Other
PIMPALGAON BASWANT,2025-04-03,1301.0,Other
PIMPALGAON BASWANT,2025-04-04,1325.0,Other
PIMPALGAON BASWANT,2025-04-05,1300.0,Other
PIMPALGAON BASWANT,2025-04-07,1350.0,Other
PIMPALGAON BASWANT,2025-04-08,1350.0,Other
PIMPALGAON BASWANT,2025-04-09,1300.0,Other
PIMPALGAON BASWANT,2025-04-11,1250.0,Other
PIMPALGAON BASWANT,2025-04-12,1250.0,Other
PIMPALGAON BASWANT,2025-04-14,1200.0,Other
PIMPALGAON BASWANT,2025-04-15,1225.0,Other
PIMPALGAON BASWANT,2025-04-16,1175.0,Other
PIMPALGAON BASWANT,2025-04-17,1175.0,Other
PIMPALGAON BASWANT,2025-04-18,1150.0,Other
PIMPALGAON BASWANT,2025-04-19,1150.0,Other
PIMPALGAON BASWANT,2025-04-21,1200.0,Other
PIMPALGAON BASWANT,2025-04-22,1250.0,Other
PIMPALGAON BASWANT,2025-04-23,1250.0,Other
PIMPALGAON BASWANT,2025-04-24,1350.0,Other
PIMPALGAON BASWANT,2025-04-25,1250.0,Other
PIMPALGAON BASWANT,2025-04-26,1200.0,Other
PIMPALGAON BASWANT,2025-04-28,1250.0,Other
PIMPALGAON BASWANT,2025-04-29,1200.0,Other
PIMPALGAON BASWANT,2025-04-30,1150.0,Other
PIMPALGAON BASWANT,2025-05-02,1150.0,Other
PIMPALGAON BASWANT,2025-05-03,1150.0,Other
PIMPALGAON BASWANT,2025-05-05,1150.0,Other
PIMPALGAON BASWANT,2025-05-06,1125.0,Other
PIMPALGAON BASWANT,2025-05-07,1125.0,Other
PIMPALGAON BASWANT,2025-05-08,1150.0,Other
PIMPALGAON BASWANT,2025-05-09,1125.0,Other
PIMPALGAON BASWANT,2025-05-10,1100.0,Other
PIMPALGAON BASWANT,2025-05-12,1150.0,Other
PIMPALGAON BASWANT,2025-05-13,1100.0,Other
PIMPALGAON BASWANT,2025-05-15,1100.0,Other
PIMPALGAON BASWANT,2025-05-16,1100.0,Other
PIMPALGAON BASWANT,2025-05-17,1100.0,Other
PIMPALGAON BASWANT,2025-05-20,1100.0,Other
PIMPALGAON BASWANT,2025-05-21,1150.0,Other
PIMPALGAON BASWANT,2025-05-22,1250.0,Other
PIMPALGAON BASWANT,2025-05-23,1250.0,Other
PIMPALGAON BASWANT,2025-05-24,1275.0,Other
PIMPALGAON BASWANT,2025-05-26,1400.0,Other
PIMPALGAON BASWANT,2025-05-27,1450.0,Other
PIMPALGAON BASWANT,2025-05-28,1500.0,Other
PIMPALGAON BASWANT,2025-05-29,1500.0,Other
PIMPALGAON BASWANT,2025-05-30,1500.0,Other
PIMPALGAON BASWANT,2025-05-31,1450.0,Other
PIMPALGAON BASWANT,2025-06-02,1450.0,Other
PIMPALGAON BASWANT,2025-06-03,1425.0,Other
PIMPALGAON BASWANT,2025-06-04,1500.0,Other
PIMPALGAON BASWANT,2025-06-05,1550.0,Other
PIMPALGAON BASWANT,2025-06-06,1600.0,Other
PIMPALGAON BASWANT,2025-06-07,1600.0,Other
PIMPALGAON BASWANT,2025-06-09,1650.0,Other
PIMPALGAON BASWANT,2025-06-10,1600.0,Other
PIMPALGAON BASWANT,2025-06-11,1550.0,Other
PIMPALGAON BASWANT,2025-06-12,1651.0,Other
PIMPALGAON BASWANT,2025-06-13,1650.0,Other
PIMPALGAON BASWANT,2025-06-14,1580.0,Other
PIMPALGAON BASWANT,2025-06-16,1500.0,Other
PIMPALGAON BASWANT,2025-06-17,1650.0,Other
PIMPALGAON BASWANT,2025-06-18,1650.0,Other
PIMPALGAON BASWANT,2025-06-19,1550.0,Other
PIMPALGAON BASWANT,2025-06-20,1600.0,Other
PIMPALGAON BASWANT,2025-06-21,1550.0,Other
PIMPALGAON BASWANT,2025-06-23,1550.0,Other
PIMPALGAON BASWANT,2025-06-24,1550.0,Other
PIMPALGAON BASWANT,2025-06-25,1500.0,Other
PIMPALGAON BASWANT,2025-06-26,1550.0,Other
PIMPALGAON BASWANT,2025-06-27,1600.0,Other
PIMPALGAON BASWANT,2025-06-28,1575.0,Other
PIMPALGAON BASWANT,2025-06-30,1550.0,Other
PIMPALGAON BASWANT,2025-07-01,1525.0,Other
PIMPALGAON BASWANT,2025-07-02,1500.0,Other
PIMPALGAON BASWANT,2025-07-03,1500.0,Other
PIMPALGAON BASWANT,2025-07-04,1451.0,Other
PIMPALGAON BASWANT,2025-07-05,1425.0,Other
PIMPALGAON BASWANT,2025-07-07,1425.0,Other
PIMPALGAON BASWANT,2025-07-08,1450.0,Other
PIMPALGAON BASWANT,2025-07-09,1425.0,Other
PIMPALGAON BASWANT,2025-07-10,1400.0,Other
PIMPALGAON BASWANT,2025-07-11,1350.0,Other
PIMPALGAON BASWANT,2025-07-12,1350.0,Other
PIMPALGAON BASWANT,2025-07-14,1400.0,Other
PIMPALGAON BASWANT,2025-07-15,1350.0,Other
PIMPALGAON BASWANT,2025-07-16,1400.0,Other
PIMPALGAON BASWANT,2025-07-17,1400.0,Other
PIMPALGAON BASWANT,2025-07-18,1475.0,Other
PIMPALGAON BASWANT,2025-07-19,1450.0,Other
PIMPALGAON BASWANT,2025-07-21,1400.0,Other
PIMPALGAON BASWANT,2025-07-22,1350.0,Other
PIMPALGAON BASWANT,2025-07-23,1300.0,Other
PIMPALGAON BASWANT,2025-07-24,1300.0,Other
PIMPALGAON BASWANT,2025-07-25,1325.0,Other
PIMPALGAON BASWANT,2025-07-26,1350.0,Other
PIMPALGAON BASWANT,2025-07-28,1380.0,Other
PIMPALGAON BASWANT,2025-07-29,1325.0,Other
PIMPALGAON BASWANT,2025-07-30,1350.0,Other
PIMPALGAON BASWANT,2025-07-31,1325.0,Other
PIMPALGAON BASWANT,2025-08-01,1300.0,Other
PIMPALGAON BASWANT,2025-08-02,1350.0,Other
PIMPALGAON BASWANT,2025-08-04,1400.0,Other
PIMPALGAON BASWANT,2025-08-05,1350.0,Other
PIMPALGAON BASWANT,2025-08-06,1325.0,Other
PIMPALGAON BASWANT,2025-08-07,1350.0,Other
PIMPALGAON BASWANT,2025-08-08,1400.0,Other
PIMPALGAON BASWANT,2025-08-11,1350.0,Other
PIMPALGAON BASWANT,2025-08-12,1475.0,Other
PIMPALGAON BASWANT,2025-08-13,1650.0,Other
PIMPALGAON BASWANT,2025-08-14,1600.0,Other
PIMPALGAON BASWANT,2025-08-16,1600.0,Other
PIMPALGAON BASWANT,2025-08-18,1600.0,Other
PIMPALGAON BASWANT,2025-08-19,1600.0,Other
PIMPALGAON BASWANT,2025-08-20,1550.0,Other
PIMPALGAON BASWANT,2025-08-21,1500.0,Other
PIMPALGAON BASWANT,2025-08-23,1475.0,Other
PIMPALGAON BASWANT,2025-08-25,1400.0,Other
PIMPALGAON BASWANT,2025-08-26,1375.0,Other
PIMPALGAON BASWANT,2025-08-28,1275.0,Other
PIMPALGAON BASWANT,2025-08-29,1350.0,Other
PIMPALGAON BASWANT,2025-08-30,1300.0,Other
PIMPALGAON BASWANT,2025-09-01,1300.0,Other
PIMPALGAON BASWANT,2025-09-02,1300.0,Other
PIMPALGAON BASWANT,2025-09-03,1280.0,Other
PIMPALGAON BASWANT,2025-09-04,1300.0,Other
PIMPALGAON BASWANT,2025-09-05,1250.0,Other
PIMPALGAON BASWANT,2025-09-08,1350.0,Other
PIMPALGAON BASWANT,2025-09-09,1250.0,Other
PIMPALGAON BASWANT,2025-09-10,1200.0,Other
PIMPALGAON BASWANT,2025-09-11,1150.0,Other
PIMPALGAON BASWANT,2025-09-12,1200.0,Other
PIMPALGAON BASWANT,2025-09-13,1200.0,Other
PIMPALGAON BASWANT,2025-09-15,1175.0,Other
PIMPALGAON BASWANT,2025-09-16,1150.0,Other
PIMPALGAON BASWANT,2025-09-17,1150.0,Other
PIMPALGAON BASWANT,2025-09-18,1200.0,Other
PIMPALGAON BASWANT,2025-09-19,1150.0,Other
PIMPALGAON BASWANT,2025-09-20,1150.0,Other
PIMPALGAON BASWANT,2025-09-22,1150.0,Other
PIMPALGAON BASWANT,2025-09-23,1225.0,Other
PIMPALGAON BASWANT,2025-09-24,1200.0,Other
PIMPALGAON BASWANT,2025-09-26,1200.0,Other
PIMPALGAON BASWANT,2025-09-27,1150.0,Other
PIMPALGAON BASWANT,2025-09-29,1300.0,Other
PIMPALGAON BASWANT,2025-09-30,1300.0,Other
PIMPALGAON BASWANT,2025-10-01,1250.0,Other
PIMPALGAON BASWANT,2025-10-02,1250.0,Other
PIMPALGAON BASWANT,2025-10-03,1300.0,Other
PIMPALGAON BASWANT,2025-10-04,1325.0,Other
PIMPALGAON BASWANT,2025-10-06,1250.0,Other
PIMPALGAON BASWANT,2025-10-07,1200.0,Other
PIMPALGAON BASWANT,2025-10-08,1150.0,Other
PIMPALGAON BASWANT,2025-10-09,1100.0,Other
PIMPALGAON BASWANT,2025-10-10,1100.0,Other
PIMPALGAON BASWANT,2025-10-11,1100.0,Other
PIMPALGAON BASWANT,2025-10-13,1125.0,Other
PIMPALGAON BASWANT,2025-10-14,1150.0,Other
PIMPALGAON BASWANT,2025-10-15,1100.0,Other
PIMPALGAON BASWANT,2025-10-16,1100.0,Other
PIMPALGAON BASWANT,2025-10-17,1125.0,Other
PIMPALGAON BASWANT,2025-10-24,1200.0,Other
PIMPALGAON BASWANT,2025-10-25,1250.0,Other
PIMPALGAON BASWANT,2025-10-27,1400.0,Other
PIMPALGAON BASWANT,2025-10-28,1625.0,Other
PIMPALGAON BASWANT,2025-10-29,1600.0,Other
PIMPALGAON BASWANT,2025-10-30,1750.0,Other
PIMPALGAON BASWANT,2025-10-31,1700.0,Other
PIMPALGAON BASWANT,2025-11-01,1700.0,Other
PIMPALGAON BASWANT,2025-11-03,1800.0,Other
PIMPALGAON BASWANT,2025-11-04,1680.0,Other
PIMPALGAON BASWANT,2025-11-05,1700.0,Other
PIMPALGAON BASWANT,2025-11-07,1800.0,Other
PIMPALGAON BASWANT,2025-11-08,1800.0,Other
PIMPALGAON BASWANT,2025-11-15,1475.0,Other
PIMPALGAON BASWANT,2025-11-17,1450.0,Other
PIMPALGAON BASWANT,2025-11-18,1350.0,Other
PIMPALGAON BASWANT,2025-11-19,1300.0,Other
PIMPALGAON BASWANT,2025-11-20,1200.0,Other
PIMPALGAON BASWANT,2025-11-21,1200.0,Other
PIMPALGAON BASWANT,2025-11-22,1150.0,Other
PIMPALGAON BASWANT,2025-11-24,1150.0,Other
PIMPALGAON BASWANT,2025-11-25,1125.0,Other
PIMPALGAON BASWANT,2025-11-26,1100.0,Other
PIMPALGAON BASWANT,2025-11-27,1050.0,Other
PIMPALGAON BASWANT,2025-11-28,1125.0,Other
PIMPALGAON BASWANT,2025-11-29,1200.0,Other
PIMPALGAON BASWANT,2025-12-01,1150.0,Other
PIMPALGAON BASWANT,2025-12-03,1250.0,Other
PIMPALGAON BASWANT,2025-12-04,1350.0,Other
PIMPALGAON BASWANT,2025-12-05,1300.0,Other
PIMPALGAON BASWANT,2025-12-06,1300.0,Other
PIMPALGAON BASWANT,2025-12-08,1400.0,Other
PIMPALGAON BASWANT,2025-12-09,1450.0,Other
PIMPALGAON BASWANT,2025-12-10,1550.0,Other
PIMPALGAON BASWANT,2025-12-11,1700.0,Other
PIMPALGAON BASWANT,2025-12-12,1800.0,Other
PIMPALGAON BASWANT,2025-12-13,1800.0,Other
PIMPALGAON BASWANT,2025-12-15,1900.0,Other
PIMPALGAON BASWANT,2025-12-16,2400.0,Other
PIMPALGAON BASWANT,2025-12-17,2200.0,Other
PIMPALGAON BASWANT,2025-12-18,1700.0,Other
PIMPALGAON BASWANT,2025-12-19,1400.0,Other
PIMPALGAON BASWANT,2025-12-20,1300.0,Other
PIMPALGAON BASWANT,2025-12-22,1400.0,Other
PIMPALGAON BASWANT,2025-12-23,1400.0,Other
PIMPALGAON BASWANT,2025-12-24,1400.0,Other
PIMPALGAON BASWANT,2025-12-25,1500.0,Other
PIMPALGAON BASWANT,2025-12-26,1350.0,Other
PIMPALGAON BASWANT,2025-12-27,1250.0,Other
PIMPALGAON BASWANT,2025-12-29,1875.0,Other
PIMPALGAON BASWANT,2025-12-30,1900.0,Other
PIMPALGAON BASWANT,2025-12-31,1800.0,Other
PIMPALGAON BASWANT,2026-01-01,1500.0,Other
PIMPALGAON BASWANT,2026-01-02,1600.0,Other
PIMPALGAON BASWANT,2026-01-03,1400.0,Other
PIMPALGAON BASWANT,2026-01-05,1500.0,Other
PIMPALGAON BASWANT,2026-01-06,1400.0,Other
PIMPALGAON BASWANT,2026-02-24,1450.0,Other
PIMPALGAON BASWANT,2026-02-26,1501.0,Other
PIMPALGAON BASWANT,2026-03-10,1400.0,Other
PIMPALGAON BASWANT,2026-03-11,1350.0,Other
PIMPALGAON BASWANT,2026-03-12,1350.0,Other
PIMPALGAON BASWANT,2026-03-13,1350.0,Other
PIMPALGAON BASWANT,2026-03-14,1350.0,Other
PIMPALGAON BASWANT,2026-03-16,1375.0,Other
PIMPALGAON BASWANT,2026-03-17,1350.0,Other
PIMPALGAON BASWANT,2026-03-18,1325.0,Other
PIMPALGAON BASWANT,2026-03-19,1300.0,Other
PIMPALGAON BASWANT,2026-03-20,1275.0,Other
PIMPALGAON BASWANT,2026-03-21,1300.0,Other
PIMPALGAON BASWANT,2026-03-23,1300.0,Other
PIMPALGAON BASWANT,2026-03-24,1275.0,Other
PIMPALGAON BASWANT,2026-03-25,1250.0,Other
PIMPALGAON BASWANT,2026-03-27,1250.0,Other
PIMPALGAON BASWANT,2026-03-28,1250.0,Other
PIMPALGAON BASWANT,2026-04-02,1250.0,Other
PIMPALGAON BASWANT,2026-04-03,1350.0,Other
PIMPALGAON BASWANT,2026-04-04,1275.0,Other
PIMPALGAON BASWANT,2026-04-06,1200.0,Other
PIMPALGAON BASWANT,2026-04-07,1200.0,Other
PIMPALGAON BASWANT,2026-04-08,1200.0,Other
PIMPALGAON BASWANT,2026-04-09,1250.0,Other
PIMPALGAON BASWANT,2026-04-10,1225.0,Other
PIMPALGAON BASWANT,2026-04-11,1250.0,Other
PIMPALGAON BASWANT,2026-04-13,1400.0,Other
PIMPALGAON BASWANT,2026-04-14,1350.0,Other
PIMPALGAON BASWANT,2026-04-15,1250.0,Other
PIMPALGAON BASWANT,2026-04-16,1200.0,Other
PIMPALGAON BASWANT,2026-04-17,1150.0,Other
PIMPALGAON BASWANT,2026-04-18,1025.0,Other
PIMPALGAON BASWANT,2026-04-20,1050.0,Other
PIMPALGAON BASWANT,2026-04-21,1075.0,Other
PIMPALGAON BASWANT,2026-04-22,1175.0,Other
PIMPALGAON BASWANT,2026-04-23,1200.0,Other
PIMPALGAON BASWANT,2026-04-24,1200.0,Other
PIMPALGAON BASWANT,2026-04-25,1150.0,Other
PIMPALGAON BASWANT,2026-04-27,1150.0,Other
PIMPALGAON BASWANT,2026-04-28,1200.0,Other
PIMPALGAON BASWANT,2026-04-29,1230.0,Other
PIMPALGAON BASWANT,2026-04-30,1250.0,Other
PIMPALGAON BASWANT,2026-05-02,1250.0,Other
PIMPALGAON BASWANT,2026-05-04,1300.0,Other
PIMPALGAON BASWANT,2026-05-05,1200.0,Other
PIMPALGAON BASWANT(SAYKHEDA),2020-01-01,3100.0,Red
PIMPALGAON BASWANT(SAYKHEDA),2020-01-03,3300.0,Red
PIMPALGAON BASWANT(SAYKHEDA),2020-01-04,2850.0,Red
PIMPALGAON BASWANT(SAYKHEDA),2020-01-06,3580.0,Red
PIMPALGAON BASWANT(SAYKHEDA),2020-01-07,3600.0,Red
PIMPALGAON BASWANT(SAYKHEDA),2020-01-08,3300.0,Red
PIMPALGAON BASWANT(SAYKHEDA),2020-01-10,2300.0,Red
PIMPALGAON BASWANT(SAYKHEDA),2020-01-13,2600.0,Red
PIMPALGAON BASWANT(SAYKHEDA),2020-01-14,2900.0,Red
PIMPALGAON BASWANT(SAYKHEDA),2020-01-15,2850.0,Red
PIMPALGAON BASWANT(SAYKHEDA),2020-01-17,2820.0,Red
PIMPALGAON BASWANT(SAYKHEDA),2020-01-18,3235.0,Red
PIMPALGAON BASWANT(SAYKHEDA),2020-01-21,3250.0,Red
PIMPALGAON BASWANT(SAYKHEDA),2020-01-22,3100.0,Red
PIMPALGAON BASWANT(SAYKHEDA),2020-01-27,2210.0,Red
PIMPALGAON BASWANT(SAYKHEDA),2020-01-28,2230.0,Red
PIMPALGAON BASWANT(SAYKHEDA),2020-01-29,2350.0,Red
PIMPALGAON BASWANT(SAYKHEDA),2020-01-31,2200.0,Red
PIMPALGAON BASWANT(SAYKHEDA),2020-02-03,1800.0,Red
PIMPALGAON BASWANT(SAYKHEDA),2020-02-04,1450.0,Red
PIMPALGAON BASWANT(SAYKHEDA),2020-02-05,1410.0,Red
PIMPALGAON BASWANT(SAYKHEDA),2020-02-07,1500.0,Red
PIMPALGAON BASWANT(SAYKHEDA),2020-02-10,1890.0,Red
PIMPALGAON BASWANT(SAYKHEDA),2020-02-11,1760.0,Red
PIMPALGAON BASWANT(SAYKHEDA),2020-02-12,1615.0,Red
PIMPALGAON BASWANT(SAYKHEDA),2020-02-14,1670.0,Red
PIMPALGAON BASWANT(SAYKHEDA),2020-02-15,1740.0,Red
PIMPALGAON BASWANT(SAYKHEDA),2020-02-17,1775.0,Red
PIMPALGAON BASWANT(SAYKHEDA),2020-02-18,1800.0,Red
PIMPALGAON BASWANT(SAYKHEDA),2020-02-22,1791.0,Red
PIMPALGAON BASWANT(SAYKHEDA),2020-02-24,1600.0,Red
PIMPALGAON BASWANT(SAYKHEDA),2020-02-25,1600.0,Red
PIMPALGAON BASWANT(SAYKHEDA),2020-02-28,1650.0,Red
PIMPALGAON BASWANT(SAYKHEDA),2020-02-29,1550.0,Red
PIMPALGAON BASWANT(SAYKHEDA),2020-03-02,1300.0,Red
PIMPALGAON BASWANT(SAYKHEDA),2020-03-04,1430.0,Red
PIMPALGAON BASWANT(SAYKHEDA),2020-03-06,1485.0,Red
PIMPALGAON BASWANT(SAYKHEDA),2020-03-07,1475.0,Red
PIMPALGAON BASWANT(SAYKHEDA),2020-03-09,1575.0,Red
PIMPALGAON BASWANT(SAYKHEDA),2020-03-11,1540.0,Red
PIMPALGAON BASWANT(SAYKHEDA),2020-03-16,1300.0,Red
PIMPALGAON BASWANT(SAYKHEDA),2020-03-17,990.0,Red
PIMPALGAON BASWANT(SAYKHEDA),2020-03-18,940.0,Red
PIMPALGAON BASWANT(SAYKHEDA),2020-03-20,1080.0,Red
PIMPALGAON BASWANT(SAYKHEDA),2020-03-21,885.0,Red
PIMPALGAON BASWANT(SAYKHEDA),2020-03-23,1055.0,Red
PIMPALGAON BASWANT(SAYKHEDA),2020-04-17,465.0,Red
PIMPALGAON BASWANT(SAYKHEDA),2020-05-05,525.0,Other
PIMPALGAON BASWANT(SAYKHEDA),2020-05-06,550.0,Other
PIMPALGAON BASWANT(SAYKHEDA),2020-05-08,630.0,Other
PIMPALGAON BASWANT(SAYKHEDA),2020-05-12,550.0,Other
PIMPALGAON BASWANT(SAYKHEDA),2020-05-13,450.0,Other
PIMPALGAON BASWANT(SAYKHEDA),2020-05-15,500.0,Other
PIMPALGAON BASWANT(SAYKHEDA),2020-05-16,440.0,Other
PIMPALGAON BASWANT(SAYKHEDA),2020-05-18,400.0,Other
PIMPALGAON BASWANT(SAYKHEDA),2020-05-19,481.0,Other
PIMPALGAON BASWANT(SAYKHEDA),2020-05-20,510.0,Other
PIMPALGAON BASWANT(SAYKHEDA),2020-05-23,585.0,Other
PIMPALGAON BASWANT(SAYKHEDA),2020-05-26,540.0,Other
PIMPALGAON BASWANT(SAYKHEDA),2020-05-27,550.0,Other
PIMPALGAON BASWANT(SAYKHEDA),2020-05-29,530.0,Other
PIMPALGAON BASWANT(SAYKHEDA),2020-05-30,550.0,Other
PIMPALGAON BASWANT(SAYKHEDA),2020-06-01,540.0,Other
PIMPALGAON BASWANT(SAYKHEDA),2020-06-02,525.0,Other
PIMPALGAON BASWANT(SAYKHEDA),2020-06-03,550.0,Other
PIMPALGAON BASWANT(SAYKHEDA),2020-06-05,640.0,Other
PIMPALGAON BASWANT(SAYKHEDA),2020-06-06,650.0,Other
PIMPALGAON BASWANT(SAYKHEDA),2020-06-08,701.0,Other
PIMPALGAON BASWANT(SAYKHEDA),2020-06-09,700.0,Other
PIMPALGAON BASWANT(SAYKHEDA),2020-06-10,750.0,Other
PIMPALGAON BASWANT(SAYKHEDA),2020-06-12,725.0,Other
PIMPALGAON BASWANT(SAYKHEDA),2020-06-13,630.0,Other
PIMPALGAON BASWANT(SAYKHEDA),2020-06-15,640.0,Other
PIMPALGAON BASWANT(SAYKHEDA),2020-06-19,630.0,Other
PIMPALGAON BASWANT(SAYKHEDA),2020-06-22,650.0,Other
PIMPALGAON BASWANT(SAYKHEDA),2020-06-23,600.0,Other
PIMPALGAON BASWANT(SAYKHEDA),2020-06-24,600.0,Other
PIMPALGAON BASWANT(SAYKHEDA),2020-06-26,650.0,Other
PIMPALGAON BASWANT(SAYKHEDA),2020-06-27,625.0,Other
PIMPALGAON BASWANT(SAYKHEDA),2020-06-29,620.0,Other
PIMPALGAON BASWANT(SAYKHEDA),2020-06-30,630.0,Other
PIMPALGAON BASWANT(SAYKHEDA),2020-07-01,635.0,Other
PIMPALGAON BASWANT(SAYKHEDA),2020-07-03,620.0,Other
PIMPALGAON BASWANT(SAYKHEDA),2020-07-04,600.0,Other
PIMPALGAON BASWANT(SAYKHEDA),2020-07-06,615.0,Other
PIMPALGAON BASWANT(SAYKHEDA),2020-07-07,610.0,Other
PIMPALGAON BASWANT(SAYKHEDA),2020-07-08,590.0,Other
PIMPALGAON BASWANT(SAYKHEDA),2020-07-11,610.0,Other
PIMPALGAON BASWANT(SAYKHEDA),2020-07-13,600.0,Other
PIMPALGAON BASWANT(SAYKHEDA),2020-07-14,625.0,Other
PIMPALGAON BASWANT(SAYKHEDA),2020-07-15,640.0,Other
PIMPALGAON BASWANT(SAYKHEDA),2020-07-17,610.0,Other
PIMPALGAON BASWANT(SAYKHEDA),2020-07-18,620.0,Other
PIMPALGAON BASWANT(SAYKHEDA),2020-07-21,625.0,Other
PIMPALGAON BASWANT(SAYKHEDA),2020-07-22,610.0,Other
PIMPALGAON BASWANT(SAYKHEDA),2020-07-24,600.0,Other
PIMPALGAON BASWANT(SAYKHEDA),2020-07-25,610.0,Other
PIMPALGAON BASWANT(SAYKHEDA),2020-07-27,615.0,Other
PIMPALGAON BASWANT(SAYKHEDA),2020-07-28,600.0,Other
PIMPALGAON BASWANT(SAYKHEDA),2020-07-29,590.0,Other
PIMPALGAON BASWANT(SAYKHEDA),2020-07-31,580.0,Other
PIMPALGAON BASWANT(SAYKHEDA),2020-08-04,585.0,Other
PIMPALGAON BASWANT(SAYKHEDA),2020-08-05,590.0,Other
PIMPALGAON BASWANT(SAYKHEDA),2020-08-07,600.0,Other
PIMPALGAON BASWANT(SAYKHEDA),2020-08-08,620.0,Other
PIMPALGAON BASWANT(SAYKHEDA),2020-08-10,680.0,Other
PIMPALGAON BASWANT(SAYKHEDA),2020-08-11,790.0,Other
PIMPALGAON BASWANT(SAYKHEDA),2020-08-12,880.0,Other
PIMPALGAON BASWANT(SAYKHEDA),2020-08-14,930.0,Other
PIMPALGAON BASWANT(SAYKHEDA),2020-08-17,1060.0,Other
PIMPALGAON BASWANT(SAYKHEDA),2020-08-19,1480.0,Other
PIMPALGAON BASWANT(SAYKHEDA),2020-08-24,1050.0,Other
PIMPALGAON BASWANT(SAYKHEDA),2020-08-26,1300.0,Other
PIMPALGAON BASWANT(SAYKHEDA),2020-08-28,1330.0,Other
PIMPALGAON BASWANT(SAYKHEDA),2020-08-29,1275.0,Other
PIMPALGAON BASWANT(SAYKHEDA),2020-08-31,1400.0,Other
PIMPALGAON BASWANT(SAYKHEDA),2020-09-02,1550.0,Other
PIMPALGAON BASWANT(SAYKHEDA),2020-09-04,1710.0,Other
PIMPALGAON BASWANT(SAYKHEDA),2020-09-05,1540.0,Other
PIMPALGAON BASWANT(SAYKHEDA),2020-09-07,1740.0,Other
PIMPALGAON BASWANT(SAYKHEDA),2020-09-08,2100.0,Other
PIMPALGAON BASWANT(SAYKHEDA),2020-09-09,2200.0,Other
PIMPALGAON BASWANT(SAYKHEDA),2020-09-11,2150.0,Other
PIMPALGAON BASWANT(SAYKHEDA),2020-09-12,2250.0,Other
PIMPALGAON BASWANT(SAYKHEDA),2020-09-14,2450.0,Other
PIMPALGAON BASWANT(SAYKHEDA),2020-09-15,2150.0,Other
PIMPALGAON BASWANT(SAYKHEDA),2020-09-16,2100.0,Other
PIMPALGAON BASWANT(SAYKHEDA),2020-09-18,2250.0,Other
PIMPALGAON BASWANT(SAYKHEDA),2020-09-19,2450.0,Other
PIMPALGAON BASWANT(SAYKHEDA),2020-09-21,3400.0,Other
PIMPALGAON BASWANT(SAYKHEDA),2020-09-22,3150.0,Other
PIMPALGAON BASWANT(SAYKHEDA),2020-09-23,3100.0,Other
PIMPALGAON BASWANT(SAYKHEDA),2020-09-25,2950.0,Other
PIMPALGAON BASWANT(SAYKHEDA),2020-09-28,3100.0,Other
PIMPALGAON BASWANT(SAYKHEDA),2020-09-29,2900.0,Other
PIMPALGAON BASWANT(SAYKHEDA),2020-09-30,2800.0,Other
PIMPALGAON BASWANT(SAYKHEDA),2020-10-03,2500.0,Other
PIMPALGAON BASWANT(SAYKHEDA),2020-10-05,2701.0,Other
PIMPALGAON BASWANT(SAYKHEDA),2020-10-06,2650.0,Other
PIMPALGAON BASWANT(SAYKHEDA),2020-10-07,3000.0,Other
PIMPALGAON BASWANT(SAYKHEDA),2020-10-09,3350.0,Other
PIMPALGAON BASWANT(SAYKHEDA),2020-10-10,3350.0,Other
PIMPALGAON BASWANT(SAYKHEDA),2020-10-12,3750.0,Other
PIMPALGAON BASWANT(SAYKHEDA),2020-10-13,3801.0,Other
PIMPALGAON BASWANT(SAYKHEDA),2020-10-14,4000.0,Other
PIMPALGAON BASWANT(SAYKHEDA),2020-10-30,4800.0,Other
PIMPALGAON BASWANT(SAYKHEDA),2020-10-31,5000.0,Other
PIMPALGAON BASWANT(SAYKHEDA),2020-11-02,5100.0,Other
PIMPALGAON BASWANT(SAYKHEDA),2020-11-03,3801.0,Other
PIMPALGAON BASWANT(SAYKHEDA),2020-11-04,3000.0,Other
PIMPALGAON BASWANT(SAYKHEDA),2020-11-06,3000.0,Other
PIMPALGAON BASWANT(SAYKHEDA),2020-11-07,3300.0,Other
PIMPALGAON BASWANT(SAYKHEDA),2020-11-09,4200.0,Other
PIMPALGAON BASWANT(SAYKHEDA),2020-11-10,4000.0,Other
PIMPALGAON BASWANT(SAYKHEDA),2020-11-20,4351.0,Other
PIMPALGAON BASWANT(SAYKHEDA),2020-11-21,3875.0,Other
PIMPALGAON BASWANT(SAYKHEDA),2020-11-23,3261.0,Other
PIMPALGAON BASWANT(SAYKHEDA),2020-11-24,3400.0,Other
PIMPALGAON BASWANT(SAYKHEDA),2020-11-25,3300.0,Other
PIMPALGAON BASWANT(SAYKHEDA),2020-11-27,2561.0,Red
PIMPALGAON BASWANT(SAYKHEDA),2020-11-28,2500.0,Red
PIMPALGAON BASWANT(SAYKHEDA),2020-11-30,2451.0,Red
PIMPALGAON BASWANT(SAYKHEDA),2020-12-01,2500.0,Red
PIMPALGAON BASWANT(SAYKHEDA),2020-12-02,2400.0,Red
PIMPALGAON BASWANT(SAYKHEDA),2020-12-04,2350.0,Red
PIMPALGAON BASWANT(SAYKHEDA),2020-12-05,2400.0,Red
PIMPALGAON BASWANT(SAYKHEDA),2020-12-07,2501.0,Red
PIMPALGAON BASWANT(SAYKHEDA),2020-12-09,2750.0,Red
PIMPALGAON BASWANT(SAYKHEDA),2020-12-11,2700.0,Red
PIMPALGAON BASWANT(SAYKHEDA),2020-12-12,2801.0,Red
PIMPALGAON BASWANT(SAYKHEDA),2020-12-15,2650.0,Red
PIMPALGAON BASWANT(SAYKHEDA),2020-12-16,2300.0,Red
PIMPALGAON BASWANT(SAYKHEDA),2020-12-18,1700.0,Red
PIMPALGAON BASWANT(SAYKHEDA),2020-12-19,1625.0,Red
PIMPALGAON BASWANT(SAYKHEDA),2020-12-21,1600.0,Red
PIMPALGAON BASWANT(SAYKHEDA),2020-12-22,2050.0,Red
PIMPALGAON BASWANT(SAYKHEDA),2020-12-23,2000.0,Red
PIMPALGAON BASWANT(SAYKHEDA),2020-12-25,2000.0,Red
PIMPALGAON BASWANT(SAYKHEDA),2020-12-26,1850.0,Red
PIMPALGAON BASWANT(SAYKHEDA),2020-12-28,1675.0,Red
PIMPALGAON BASWANT(SAYKHEDA),2020-12-29,2300.0,Red
PIMPALGAON BASWANT(SAYKHEDA),2020-12-30,2400.0,Red
PIMPALGAON BASWANT(SAYKHEDA),2021-01-01,2250.0,Red
PIMPALGAON BASWANT(SAYKHEDA),2021-01-02,2200.0,Red
PIMPALGAON BASWANT(SAYKHEDA),2021-01-04,2500.0,Red
PIMPALGAON BASWANT(SAYKHEDA),2021-01-05,2450.0,Red
PIMPALGAON BASWANT(SAYKHEDA),2021-01-16,2100.0,Red
PIMPALGAON BASWANT(SAYKHEDA),2021-01-18,2200.0,Red
PIMPALGAON BASWANT(SAYKHEDA),2021-01-19,2500.0,Red
PIMPALGAON BASWANT(SAYKHEDA),2021-01-20,2300.0,Red
PIMPALGAON BASWANT(SAYKHEDA),2021-01-22,2100.0,Red
PIMPALGAON BASWANT(SAYKHEDA),2021-01-23,1950.0,Red
PIMPALGAON BASWANT(SAYKHEDA),2021-01-25,1900.0,Red
PIMPALGAON BASWANT(SAYKHEDA),2021-01-27,2100.0,Red
PIMPALGAON BASWANT(SAYKHEDA),2021-01-29,2400.0,Red
PIMPALGAON BASWANT(SAYKHEDA),2021-01-30,2550.0,Red
PIMPALGAON BASWANT(SAYKHEDA),2021-02-01,3100.0,Red
PIMPALGAON BASWANT(SAYKHEDA),2021-02-02,3100.0,Red
PIMPALGAON BASWANT(SAYKHEDA),2021-02-03,3050.0,Red
PIMPALGAON BASWANT(SAYKHEDA),2021-02-05,2400.0,Red
PIMPALGAON BASWANT(SAYKHEDA),2021-02-08,3100.0,Red
PIMPALGAON BASWANT(SAYKHEDA),2021-02-10,3200.0,Red
PIMPALGAON BASWANT(SAYKHEDA),2021-02-12,3150.0,Red
PIMPALGAON BASWANT(SAYKHEDA),2021-02-13,2950.0,Red
PIMPALGAON BASWANT(SAYKHEDA),2021-02-15,3000.0,Red
PIMPALGAON BASWANT(SAYKHEDA),2021-02-16,3200.0,Red
PIMPALGAON BASWANT(SAYKHEDA),2021-02-17,3301.0,Red
PIMPALGAON BASWANT(SAYKHEDA),2021-02-20,3651.0,Red
PIMPALGAON BASWANT(SAYKHEDA),2021-02-22,3750.0,Red
PIMPALGAON BASWANT(SAYKHEDA),2021-02-23,3400.0,Red
PIMPALGAON BASWANT(SAYKHEDA),2021-02-24,2700.0,Red
PIMPALGAON BASWANT(SAYKHEDA),2021-02-26,1750.0,Red
PIMPALGAON BASWANT(SAYKHEDA),2021-02-27,2250.0,Red
PIMPALGAON BASWANT(SAYKHEDA),2021-03-01,2300.0,Red
PIMPALGAON BASWANT(SAYKHEDA),2021-03-02,2350.0,Red
PIMPALGAON BASWANT(SAYKHEDA),2021-03-03,2200.0,Red
PIMPALGAON BASWANT(SAYKHEDA),2021-03-05,1575.0,Red
PIMPALGAON BASWANT(SAYKHEDA),2021-03-06,1500.0,Red
PIMPALGAON BASWANT(SAYKHEDA),2021-03-08,1300.0,Red
PIMPALGAON BASWANT(SAYKHEDA),2021-03-09,1175.0,Red
PIMPALGAON BASWANT(SAYKHEDA),2021-03-10,1030.0,Red
PIMPALGAON BASWANT(SAYKHEDA),2021-03-12,1200.0,Red
PIMPALGAON BASWANT(SAYKHEDA),2021-03-15,1200.0,Red
PIMPALGAON BASWANT(SAYKHEDA),2021-03-20,950.0,Red
PIMPALGAON BASWANT(SAYKHEDA),2021-03-22,875.0,Red
PIMPALGAON BASWANT(SAYKHEDA),2021-03-23,850.0,Red
PIMPALGAON BASWANT(SAYKHEDA),2021-03-24,850.0,Red
PIMPALGAON BASWANT(SAYKHEDA),2021-03-26,830.0,Red
PIMPALGAON BASWANT(SAYKHEDA),2021-04-05,741.0,Red
PIMPALGAON BASWANT(SAYKHEDA),2021-04-06,791.0,Red
PIMPALGAON BASWANT(SAYKHEDA),2021-04-07,730.0,Red
PIMPALGAON BASWANT(SAYKHEDA),2021-04-09,725.0,Red
PIMPALGAON BASWANT(SAYKHEDA),2021-04-10,741.0,Red
PIMPALGAON BASWANT(SAYKHEDA),2021-04-13,700.0,Red
PIMPALGAON BASWANT(SAYKHEDA),2021-04-16,725.0,Red
PIMPALGAON BASWANT(SAYKHEDA),2021-04-17,750.0,Red
PIMPALGAON BASWANT(SAYKHEDA),2021-04-19,730.0,Red
PIMPALGAON BASWANT(SAYKHEDA),2021-04-20,851.0,Red
PIMPALGAON BASWANT(SAYKHEDA),2021-04-21,781.0,Red
PIMPALGAON BASWANT(SAYKHEDA),2021-04-26,901.0,Other
PIMPALGAON BASWANT(SAYKHEDA),2021-04-27,851.0,Other
PIMPALGAON BASWANT(SAYKHEDA),2021-04-28,800.0,Other
PIMPALGAON BASWANT(SAYKHEDA),2021-04-30,951.0,Other
PIMPALGAON BASWANT(SAYKHEDA),2021-05-03,930.0,Other
PIMPALGAON BASWANT(SAYKHEDA),2021-05-04,875.0,Other
PIMPALGAON BASWANT(SAYKHEDA),2021-05-05,851.0,Other
PIMPALGAON BASWANT(SAYKHEDA),2021-05-07,861.0,Other
PIMPALGAON BASWANT(SAYKHEDA),2021-05-08,900.0,Other
PIMPALGAON BASWANT(SAYKHEDA),2021-05-10,901.0,Other
PIMPALGAON BASWANT(SAYKHEDA),2021-05-24,1235.0,Other
PIMPALGAON BASWANT(SAYKHEDA),2021-05-25,1275.0,Other
PIMPALGAON BASWANT(SAYKHEDA),2021-05-26,1250.0,Other
PIMPALGAON BASWANT(SAYKHEDA),2021-05-28,1321.0,Other
PIMPALGAON BASWANT(SAYKHEDA),2021-05-29,1400.0,Other
PIMPALGAON BASWANT(SAYKHEDA),2021-05-31,1450.0,Other
PIMPALGAON BASWANT(SAYKHEDA),2021-06-01,1460.0,Other
PIMPALGAON BASWANT(SAYKHEDA),2021-06-02,1600.0,Other
PIMPALGAON BASWANT(SAYKHEDA),2021-06-04,1550.0,Other
PIMPALGAON BASWANT(SAYKHEDA),2021-06-05,1570.0,Other
PIMPALGAON BASWANT(SAYKHEDA),2021-06-07,1600.0,Other
PIMPALGAON BASWANT(SAYKHEDA),2021-06-08,1530.0,Other
PIMPALGAON BASWANT(SAYKHEDA),2021-06-09,1575.0,Other
PIMPALGAON BASWANT(SAYKHEDA),2021-06-11,1651.0,Other
PIMPALGAON BASWANT(SAYKHEDA),2021-06-12,1670.0,Other
PIMPALGAON BASWANT(SAYKHEDA),2021-06-14,1700.0,Other
PIMPALGAON BASWANT(SAYKHEDA),2021-06-15,1721.0,Other
PIMPALGAON BASWANT(SAYKHEDA),2021-06-16,1650.0,Other
PIMPALGAON BASWANT(SAYKHEDA),2021-06-18,1750.0,Other
PIMPALGAON BASWANT(SAYKHEDA),2021-06-19,1650.0,Other
PIMPALGAON BASWANT(SAYKHEDA),2021-06-21,1750.0,Other
PIMPALGAON BASWANT(SAYKHEDA),2021-06-22,1725.0,Other
PIMPALGAON BASWANT(SAYKHEDA),2021-06-23,1700.0,Other
PIMPALGAON BASWANT(SAYKHEDA),2021-06-25,1701.0,Other
PIMPALGAON BASWANT(SAYKHEDA),2021-06-26,1700.0,Other
PIMPALGAON BASWANT(SAYKHEDA),2021-06-28,1675.0,Other
PIMPALGAON BASWANT(SAYKHEDA),2021-06-29,1680.0,Other
PIMPALGAON BASWANT(SAYKHEDA),2021-06-30,1675.0,Other
PIMPALGAON BASWANT(SAYKHEDA),2021-07-02,1611.0,Other
PIMPALGAON BASWANT(SAYKHEDA),2021-07-03,1651.0,Other
PIMPALGAON BASWANT(SAYKHEDA),2021-07-05,1680.0,Other
PIMPALGAON BASWANT(SAYKHEDA),2021-07-06,1675.0,Other
PIMPALGAON BASWANT(SAYKHEDA),2021-07-07,1611.0,Other
PIMPALGAON BASWANT(SAYKHEDA),2021-07-10,1600.0,Other
PIMPALGAON BASWANT(SAYKHEDA),2021-07-12,1611.0,Other
PIMPALGAON BASWANT(SAYKHEDA),2021-07-13,1500.0,Other
PIMPALGAON BASWANT(SAYKHEDA),2021-07-14,1475.0,Other
PIMPALGAON BASWANT(SAYKHEDA),2021-07-16,1500.0,Other
PIMPALGAON BASWANT(SAYKHEDA),2021-07-17,1525.0,Other
PIMPALGAON BASWANT(SAYKHEDA),2021-07-19,1511.0,Other
PIMPALGAON BASWANT(SAYKHEDA),2021-07-20,1500.0,Other
PIMPALGAON BASWANT(SAYKHEDA),2021-07-21,1491.0,Other
PIMPALGAON BASWANT(SAYKHEDA),2021-07-23,1561.0,Other
PIMPALGAON BASWANT(SAYKHEDA),2021-07-24,1675.0,Other
PIMPALGAON BASWANT(SAYKHEDA),2021-07-26,1691.0,Other
PIMPALGAON BASWANT(SAYKHEDA),2021-07-27,1675.0,Other
PIMPALGAON BASWANT(SAYKHEDA),2021-07-28,1641.0,Other
PIMPALGAON BASWANT(SAYKHEDA),2021-07-30,1625.0,Other
PIMPALGAON BASWANT(SAYKHEDA),2021-07-31,1550.0,Other
PIMPALGAON BASWANT(SAYKHEDA),2021-08-02,1525.0,Other
PIMPALGAON BASWANT(SAYKHEDA),2021-08-03,1551.0,Other
PIMPALGAON BASWANT(SAYKHEDA),2021-08-04,1530.0,Other
PIMPALGAON BASWANT(SAYKHEDA),2021-08-06,1601.0,Other
PIMPALGAON BASWANT(SAYKHEDA),2021-08-07,1550.0,Other
PIMPALGAON BASWANT(SAYKHEDA),2021-08-09,1561.0,Other
PIMPALGAON BASWANT(SAYKHEDA),2021-08-10,1550.0,Other
PIMPALGAON BASWANT(SAYKHEDA),2021-08-12,1600.0,Other
PIMPALGAON BASWANT(SAYKHEDA),2021-08-13,1650.0,Red
PIMPALGAON BASWANT(SAYKHEDA),2021-08-14,1650.0,Red
PIMPALGAON BASWANT(SAYKHEDA),2021-08-16,1661.0,Other
PIMPALGAON BASWANT(SAYKHEDA),2021-08-17,1641.0,Other
PIMPALGAON BASWANT(SAYKHEDA),2021-08-18,1600.0,Other
PIMPALGAON BASWANT(SAYKHEDA),2021-08-19,1611.0,Other
PIMPALGAON BASWANT(SAYKHEDA),2021-08-20,1581.0,Other
PIMPALGAON BASWANT(SAYKHEDA),2021-08-21,1530.0,Other
PIMPALGAON BASWANT(SAYKHEDA),2021-08-23,1510.0,Other
PIMPALGAON BASWANT(SAYKHEDA),2021-08-24,1525.0,Other
PIMPALGAON BASWANT(SAYKHEDA),2021-08-25,1501.0,Other
PIMPALGAON BASWANT(SAYKHEDA),2021-08-26,1400.0,Other
PIMPALGAON BASWANT(SAYKHEDA),2021-08-27,1350.0,Other
PIMPALGAON BASWANT(SAYKHEDA),2021-08-28,1300.0,Other
PIMPALGAON BASWANT(SAYKHEDA),2021-08-30,1350.0,Other
PIMPALGAON BASWANT(SAYKHEDA),2021-08-31,1450.0,Other
PIMPALGAON BASWANT(SAYKHEDA),2021-09-01,1400.0,Other
PIMPALGAON BASWANT(SAYKHEDA),2021-09-02,1411.0,Other
PIMPALGAON BASWANT(SAYKHEDA),2021-09-03,1425.0,Other
PIMPALGAON BASWANT(SAYKHEDA),2021-09-04,1341.0,Other
PIMPALGAON BASWANT(SAYKHEDA),2021-09-07,1375.0,Other
PIMPALGAON BASWANT(SAYKHEDA),2021-09-08,1375.0,Other
PIMPALGAON BASWANT(SAYKHEDA),2021-09-09,1421.0,Other
PIMPALGAON BASWANT(SAYKHEDA),2021-09-10,1400.0,Other
PIMPALGAON BASWANT(SAYKHEDA),2021-09-11,1350.0,Other
PIMPALGAON BASWANT(SAYKHEDA),2021-09-13,1350.0,Other
PIMPALGAON BASWANT(SAYKHEDA),2021-09-14,1311.0,Other
PIMPALGAON BASWANT(SAYKHEDA),2021-09-15,1281.0,Other
PIMPALGAON BASWANT(SAYKHEDA),2021-09-16,1300.0,Other
PIMPALGAON BASWANT(SAYKHEDA),2021-09-17,1250.0,Other
PIMPALGAON BASWANT(SAYKHEDA),2021-09-18,1321.0,Other
PIMPALGAON BASWANT(SAYKHEDA),2021-09-20,1575.0,Other
PIMPALGAON BASWANT(SAYKHEDA),2021-09-21,1600.0,Other
PIMPALGAON BASWANT(SAYKHEDA),2021-09-22,1800.0,Other
PIMPALGAON BASWANT(SAYKHEDA),2021-09-23,2000.0,Other
PIMPALGAON BASWANT(SAYKHEDA),2021-09-24,1975.0,Other
PIMPALGAON BASWANT(SAYKHEDA),2021-09-25,1750.0,Other
PIMPALGAON BASWANT(SAYKHEDA),2021-09-27,1775.0,Other
PIMPALGAON BASWANT(SAYKHEDA),2021-09-28,1975.0,Other
PIMPALGAON BASWANT(SAYKHEDA),2021-09-29,2100.0,Other
PIMPALGAON BASWANT(SAYKHEDA),2021-09-30,2400.0,Other
PIMPALGAON BASWANT(SAYKHEDA),2021-10-01,2250.0,Other
PIMPALGAON BASWANT(SAYKHEDA),2021-10-04,3050.0,Other
PIMPALGAON BASWANT(SAYKHEDA),2021-10-05,2900.0,Other
PIMPALGAON BASWANT(SAYKHEDA),2021-10-07,2901.0,Other
PIMPALGAON BASWANT(SAYKHEDA),2021-10-08,3000.0,Other
PIMPALGAON BASWANT(SAYKHEDA),2021-10-09,3300.0,Other
PIMPALGAON BASWANT(SAYKHEDA),2021-10-12,3411.0,Other
PIMPALGAON BASWANT(SAYKHEDA),2021-10-13,3200.0,Other
PIMPALGAON BASWANT(SAYKHEDA),2021-10-14,2900.0,Other
PIMPALGAON BASWANT(SAYKHEDA),2021-10-16,3150.0,Other
PIMPALGAON BASWANT(SAYKHEDA),2021-10-18,2951.0,Other
PIMPALGAON BASWANT(SAYKHEDA),2021-10-20,2500.0,Other
PIMPALGAON BASWANT(SAYKHEDA),2021-10-21,2400.0,Other
PIMPALGAON BASWANT(SAYKHEDA),2021-10-22,2450.0,Other
PIMPALGAON BASWANT(SAYKHEDA),2021-10-23,2571.0,Other
PIMPALGAON BASWANT(SAYKHEDA),2021-10-25,2700.0,Other
PIMPALGAON BASWANT(SAYKHEDA),2021-10-26,2500.0,Other
PIMPALGAON BASWANT(SAYKHEDA),2021-10-27,2151.0,Other
PIMPALGAON BASWANT(SAYKHEDA),2021-10-28,2251.0,Other
PIMPALGAON BASWANT(SAYKHEDA),2021-11-08,2451.0,Other
PIMPALGAON BASWANT(SAYKHEDA),2021-11-09,2700.0,Other
PIMPALGAON BASWANT(SAYKHEDA),2021-11-10,2551.0,Other
PIMPALGAON BASWANT(SAYKHEDA),2021-11-11,2150.0,Other
PIMPALGAON BASWANT(SAYKHEDA),2021-11-12,2050.0,Other
PIMPALGAON BASWANT(SAYKHEDA),2021-11-13,2075.0,Other
PIMPALGAON BASWANT(SAYKHEDA),2021-11-15,1700.0,Other
PIMPALGAON BASWANT(SAYKHEDA),2021-11-16,1750.0,Other
PIMPALGAON BASWANT(SAYKHEDA),2021-11-17,1761.0,Other
PIMPALGAON BASWANT(SAYKHEDA),2021-11-18,1651.0,Other
PIMPALGAON BASWANT(SAYKHEDA),2021-11-19,1601.0,Other
PIMPALGAON BASWANT(SAYKHEDA),2021-11-20,1700.0,Other
PIMPALGAON BASWANT(SAYKHEDA),2021-11-22,1771.0,Red
PIMPALGAON BASWANT(SAYKHEDA),2021-11-23,1900.0,Red
PIMPALGAON BASWANT(SAYKHEDA),2021-11-24,1600.0,Red
PIMPALGAON BASWANT(SAYKHEDA),2021-11-25,2100.0,Red
PIMPALGAON BASWANT(SAYKHEDA),2021-11-26,1561.0,Red
PIMPALGAON BASWANT(SAYKHEDA),2021-11-27,1600.0,Red
PIMPALGAON BASWANT(SAYKHEDA),2021-11-29,1481.0,Red
PIMPALGAON BASWANT(SAYKHEDA),2021-11-30,1300.0,Red
PIMPALGAON BASWANT(SAYKHEDA),2021-12-01,1571.0,Red
PIMPALGAON BASWANT(SAYKHEDA),2021-12-02,1501.0,Red
PIMPALGAON BASWANT(SAYKHEDA),2021-12-03,1500.0,Red
PIMPALGAON BASWANT(SAYKHEDA),2021-12-06,1100.0,Red
PIMPALGAON BASWANT(SAYKHEDA),2021-12-07,1100.0,Red
PIMPALGAON BASWANT(SAYKHEDA),2021-12-08,1550.0,Red
PIMPALGAON BASWANT(SAYKHEDA),2021-12-09,1750.0,Red
PIMPALGAON BASWANT(SAYKHEDA),2021-12-10,1675.0,Red
PIMPALGAON BASWANT(SAYKHEDA),2021-12-11,1551.0,Red
PIMPALGAON BASWANT(SAYKHEDA),2021-12-13,1950.0,Red
PIMPALGAON BASWANT(SAYKHEDA),2021-12-14,1871.0,Red
PIMPALGAON BASWANT(SAYKHEDA),2021-12-15,1500.0,Red
PIMPALGAON BASWANT(SAYKHEDA),2021-12-16,1250.0,Red
PIMPALGAON BASWANT(SAYKHEDA),2021-12-17,1421.0,Red
PIMPALGAON BASWANT(SAYKHEDA),2021-12-18,1375.0,Red
PIMPALGAON BASWANT(SAYKHEDA),2021-12-20,1600.0,Red
PIMPALGAON BASWANT(SAYKHEDA),2021-12-21,1750.0,Red
PIMPALGAON BASWANT(SAYKHEDA),2021-12-22,1650.0,Red
PIMPALGAON BASWANT(SAYKHEDA),2021-12-23,1600.0,Red
PIMPALGAON BASWANT(SAYKHEDA),2021-12-24,1551.0,Red
PIMPALGAON BASWANT(SAYKHEDA),2021-12-27,1561.0,Red
PIMPALGAON BASWANT(SAYKHEDA),2021-12-28,1575.0,Red
PIMPALGAON BASWANT(SAYKHEDA),2021-12-29,1500.0,Red
PIMPALGAON BASWANT(SAYKHEDA),2021-12-30,1475.0,Red
PIMPALGAON BASWANT(SAYKHEDA),2021-12-31,1550.0,Red
PIMPALGAON BASWANT(SAYKHEDA),2022-01-01,1551.0,Red
PIMPALGAON BASWANT(SAYKHEDA),2022-01-03,1851.0,Red
PIMPALGAON BASWANT(SAYKHEDA),2022-01-04,1900.0,Red
PIMPALGAON BASWANT(SAYKHEDA),2022-01-05,1875.0,Red
PIMPALGAON BASWANT(SAYKHEDA),2022-01-06,1825.0,Red
PIMPALGAON BASWANT(SAYKHEDA),2022-01-07,1800.0,Red
PIMPALGAON BASWANT(SAYKHEDA),2022-01-08,1775.0,Red
PIMPALGAON BASWANT(SAYKHEDA),2022-01-10,1751.0,Red
PIMPALGAON BASWANT(SAYKHEDA),2022-01-11,1671.0,Red
PIMPALGAON BASWANT(SAYKHEDA),2022-01-12,1741.0,Red
PIMPALGAON BASWANT(SAYKHEDA),2022-01-13,1500.0,Red
PIMPALGAON BASWANT(SAYKHEDA),2022-01-14,1700.0,Red
PIMPALGAON BASWANT(SAYKHEDA),2022-01-17,1675.0,Red
PIMPALGAON BASWANT(SAYKHEDA),2022-01-18,1741.0,Red
PIMPALGAON BASWANT(SAYKHEDA),2022-01-19,1850.0,Red
PIMPALGAON BASWANT(SAYKHEDA),2022-01-20,2051.0,Red
PIMPALGAON BASWANT(SAYKHEDA),2022-01-21,2075.0,Red
PIMPALGAON BASWANT(SAYKHEDA),2022-01-22,1861.0,Red
PIMPALGAON BASWANT(SAYKHEDA),2022-01-24,1961.0,Red
PIMPALGAON BASWANT(SAYKHEDA),2022-01-25,2000.0,Red
PIMPALGAON BASWANT(SAYKHEDA),2022-01-27,1800.0,Red
PIMPALGAON BASWANT(SAYKHEDA),2022-01-29,1651.0,Red
PIMPALGAON BASWANT(SAYKHEDA),2022-01-31,1671.0,Red
PIMPALGAON BASWANT(SAYKHEDA),2022-02-02,1725.0,Red
PIMPALGAON BASWANT(SAYKHEDA),2022-02-03,1771.0,Red
PIMPALGAON BASWANT(SAYKHEDA),2022-02-04,1821.0,Red
PIMPALGAON BASWANT(SAYKHEDA),2022-02-05,1751.0,Red
PIMPALGAON BASWANT(SAYKHEDA),2022-02-07,1800.0,Red
PIMPALGAON BASWANT(SAYKHEDA),2022-02-08,2000.0,Red
PIMPALGAON BASWANT(SAYKHEDA),2022-02-09,2050.0,Red
PIMPALGAON BASWANT(SAYKHEDA),2022-02-10,2200.0,Red
PIMPALGAON BASWANT(SAYKHEDA),2022-02-11,2150.0,Red
PIMPALGAON BASWANT(SAYKHEDA),2022-02-12,2200.0,Red
PIMPALGAON BASWANT(SAYKHEDA),2022-02-14,2100.0,Red
PIMPALGAON BASWANT(SAYKHEDA),2022-02-15,2000.0,Red
PIMPALGAON BASWANT(SAYKHEDA),2022-02-16,1975.0,Red
PIMPALGAON BASWANT(SAYKHEDA),2022-02-17,2050.0,Red
PIMPALGAON BASWANT(SAYKHEDA),2022-02-18,2051.0,Red
PIMPALGAON BASWANT(SAYKHEDA),2022-02-21,2100.0,Red
PIMPALGAON BASWANT(SAYKHEDA),2022-02-22,2180.0,Red
PIMPALGAON BASWANT(SAYKHEDA),2022-02-23,2011.0,Red
PIMPALGAON BASWANT(SAYKHEDA),2022-02-24,1925.0,Red
PIMPALGAON BASWANT(SAYKHEDA),2022-02-25,1900.0,Red
PIMPALGAON BASWANT(SAYKHEDA),2022-02-26,1800.0,Red
PIMPALGAON BASWANT(SAYKHEDA),2022-02-28,1661.0,Red
PIMPALGAON BASWANT(SAYKHEDA),2022-03-03,1500.0,Red
PIMPALGAON BASWANT(SAYKHEDA),2022-03-04,1451.0,Red
PIMPALGAON BASWANT(SAYKHEDA),2022-03-05,1250.0,Red
PIMPALGAON BASWANT(SAYKHEDA),2022-03-07,1151.0,Red
PIMPALGAON BASWANT(SAYKHEDA),2022-03-08,1200.0,Red
PIMPALGAON BASWANT(SAYKHEDA),2022-03-09,1230.0,Red
PIMPALGAON BASWANT(SAYKHEDA),2022-03-10,1100.0,Red
PIMPALGAON BASWANT(SAYKHEDA),2022-03-11,1140.0,Red
PIMPALGAON BASWANT(SAYKHEDA),2022-03-12,1100.0,Red
PIMPALGAON BASWANT(SAYKHEDA),2022-03-14,950.0,Red
PIMPALGAON BASWANT(SAYKHEDA),2022-03-15,825.0,Red
PIMPALGAON BASWANT(SAYKHEDA),2022-03-16,800.0,Red
PIMPALGAON BASWANT(SAYKHEDA),2022-03-17,850.0,Red
PIMPALGAON BASWANT(SAYKHEDA),2022-03-19,800.0,Red
PIMPALGAON BASWANT(SAYKHEDA),2022-03-21,650.0,Red
PIMPALGAON BASWANT(SAYKHEDA),2022-03-24,625.0,Red
PIMPALGAON BASWANT(SAYKHEDA),2022-03-25,675.0,Red
PIMPALGAON BASWANT(SAYKHEDA),2022-03-26,640.0,Red
PIMPALGAON BASWANT(SAYKHEDA),2022-03-28,700.0,Red
PIMPALGAON BASWANT(SAYKHEDA),2022-03-29,700.0,Red
PIMPALGAON BASWANT(SAYKHEDA),2022-04-04,550.0,Red
PIMPALGAON BASWANT(SAYKHEDA),2022-04-05,551.0,Red
PIMPALGAON BASWANT(SAYKHEDA),2022-04-06,600.0,Red
PIMPALGAON BASWANT(SAYKHEDA),2022-04-07,615.0,Red
PIMPALGAON BASWANT(SAYKHEDA),2022-04-08,900.0,Other
PIMPALGAON BASWANT(SAYKHEDA),2022-04-09,575.0,Red
PIMPALGAON BASWANT(SAYKHEDA),2022-04-11,850.0,Other
PIMPALGAON BASWANT(SAYKHEDA),2022-04-12,825.0,Other
PIMPALGAON BASWANT(SAYKHEDA),2022-04-13,850.0,Other
PIMPALGAON BASWANT(SAYKHEDA),2022-04-15,825.0,Other
PIMPALGAON BASWANT(SAYKHEDA),2022-04-18,921.0,Other
PIMPALGAON BASWANT(SAYKHEDA),2022-04-19,875.0,Other
PIMPALGAON BASWANT(SAYKHEDA),2022-04-20,841.0,Other
PIMPALGAON BASWANT(SAYKHEDA),2022-04-21,800.0,Other
PIMPALGAON BASWANT(SAYKHEDA),2022-04-22,780.0,Other
PIMPALGAON BASWANT(SAYKHEDA),2022-04-23,825.0,Other
PIMPALGAON BASWANT(SAYKHEDA),2022-04-25,850.0,Red
PIMPALGAON BASWANT(SAYKHEDA),2022-04-26,800.0,Other
PIMPALGAON BASWANT(SAYKHEDA),2022-04-27,770.0,Other
PIMPALGAON BASWANT(SAYKHEDA),2022-04-28,751.0,Other
PIMPALGAON BASWANT(SAYKHEDA),2022-04-29,775.0,Other
PIMPALGAON BASWANT(SAYKHEDA),2022-05-02,741.0,Other
PIMPALGAON BASWANT(SAYKHEDA),2022-05-04,750.0,Other
PIMPALGAON BASWANT(SAYKHEDA),2022-05-05,741.0,Other
PIMPALGAON BASWANT(SAYKHEDA),2022-05-06,750.0,Other
PIMPALGAON BASWANT(SAYKHEDA),2022-05-07,761.0,Other
PIMPALGAON BASWANT(SAYKHEDA),2022-05-09,700.0,Other
PIMPALGAON BASWANT(SAYKHEDA),2022-05-10,711.0,Other
PIMPALGAON BASWANT(SAYKHEDA),2022-05-11,681.0,Other
PIMPALGAON BASWANT(SAYKHEDA),2022-05-14,660.0,Other
PIMPALGAON BASWANT(SAYKHEDA),2022-05-16,700.0,Other
PIMPALGAON BASWANT(SAYKHEDA),2022-05-17,711.0,Other
PIMPALGAON BASWANT(SAYKHEDA),2022-05-18,680.0,Other
PIMPALGAON BASWANT(SAYKHEDA),2022-05-19,700.0,Other
PIMPALGAON BASWANT(SAYKHEDA),2022-05-20,671.0,Other
PIMPALGAON BASWANT(SAYKHEDA),2022-05-21,700.0,Other
PIMPALGAON BASWANT(SAYKHEDA),2022-05-23,731.0,Other
PIMPALGAON BASWANT(SAYKHEDA),2022-05-24,800.0,Other
PIMPALGAON BASWANT(SAYKHEDA),2022-05-25,881.0,Other
PIMPALGAON BASWANT(SAYKHEDA),2022-05-26,900.0,Other
PIMPALGAON BASWANT(SAYKHEDA),2022-05-27,761.0,Other
PIMPALGAON BASWANT(SAYKHEDA),2022-05-28,800.0,Other
PIMPALGAON BASWANT(SAYKHEDA),2022-05-31,925.0,Other
PIMPALGAON BASWANT(SAYKHEDA),2022-06-01,951.0,Other
PIMPALGAON BASWANT(SAYKHEDA),2022-06-02,1051.0,Other
PIMPALGAON BASWANT(SAYKHEDA),2022-06-03,1000.0,Other
PIMPALGAON BASWANT(SAYKHEDA),2022-06-04,951.0,Other
PIMPALGAON BASWANT(SAYKHEDA),2022-06-06,921.0,Other
PIMPALGAON BASWANT(SAYKHEDA),2022-06-07,941.0,Other
PIMPALGAON BASWANT(SAYKHEDA),2022-06-09,971.0,Other
PIMPALGAON BASWANT(SAYKHEDA),2022-06-10,1051.0,Other
PIMPALGAON BASWANT(SAYKHEDA),2022-06-11,1041.0,Other
PIMPALGAON BASWANT(SAYKHEDA),2022-06-13,1150.0,Other
PIMPALGAON BASWANT(SAYKHEDA),2022-06-14,1100.0,Other
PIMPALGAON BASWANT(SAYKHEDA),2022-06-15,1000.0,Other
PIMPALGAON BASWANT(SAYKHEDA),2022-06-17,1121.0,Other
PIMPALGAON BASWANT(SAYKHEDA),2022-06-18,1061.0,Other
PIMPALGAON BASWANT(SAYKHEDA),2022-06-20,1141.0,Other
PIMPALGAON BASWANT(SAYKHEDA),2022-06-21,1150.0,Other
PIMPALGAON BASWANT(SAYKHEDA),2022-06-22,1150.0,Other
PIMPALGAON BASWANT(SAYKHEDA),2022-06-23,1175.0,Other
PIMPALGAON BASWANT(SAYKHEDA),2022-06-24,1270.0,Other
PIMPALGAON BASWANT(SAYKHEDA),2022-06-25,1201.0,Other
PIMPALGAON BASWANT(SAYKHEDA),2022-06-27,1071.0,Other
PIMPALGAON BASWANT(SAYKHEDA),2022-06-29,1150.0,Other
PIMPALGAON BASWANT(SAYKHEDA),2022-06-30,1125.0,Other
PIMPALGAON BASWANT(SAYKHEDA),2022-07-02,1101.0,Other
PIMPALGAON BASWANT(SAYKHEDA),2022-07-04,1130.0,Other
PIMPALGAON BASWANT(SAYKHEDA),2022-07-05,1175.0,Other
PIMPALGAON BASWANT(SAYKHEDA),2022-07-06,1150.0,Other
PIMPALGAON BASWANT(SAYKHEDA),2022-07-07,1100.0,Other
PIMPALGAON BASWANT(SAYKHEDA),2022-07-08,1081.0,Other
PIMPALGAON BASWANT(SAYKHEDA),2022-07-09,1100.0,Other
PIMPALGAON BASWANT(SAYKHEDA),2022-07-11,1100.0,Other
PIMPALGAON BASWANT(SAYKHEDA),2022-07-12,1151.0,Other
PIMPALGAON BASWANT(SAYKHEDA),2022-07-13,1130.0,Other
PIMPALGAON BASWANT(SAYKHEDA),2022-07-14,1125.0,Other
PIMPALGAON BASWANT(SAYKHEDA),2022-07-15,1021.0,Other
PIMPALGAON BASWANT(SAYKHEDA),2022-07-16,1051.0,Other
PIMPALGAON BASWANT(SAYKHEDA),2022-07-18,1025.0,Other
PIMPALGAON BASWANT(SAYKHEDA),2022-07-19,1000.0,Other
PIMPALGAON BASWANT(SAYKHEDA),2022-07-20,971.0,Other
PIMPALGAON BASWANT(SAYKHEDA),2022-07-21,951.0,Other
PIMPALGAON BASWANT(SAYKHEDA),2022-07-22,900.0,Other
PIMPALGAON BASWANT(SAYKHEDA),2022-07-23,890.0,Other
PIMPALGAON BASWANT(SAYKHEDA),2022-07-25,851.0,Other
PIMPALGAON BASWANT(SAYKHEDA),2022-07-26,900.0,Other
PIMPALGAON BASWANT(SAYKHEDA),2022-07-27,1000.0,Other
PIMPALGAON BASWANT(SAYKHEDA),2022-07-29,961.0,Other
PIMPALGAON BASWANT(SAYKHEDA),2022-07-30,981.0,Other
PIMPALGAON BASWANT(SAYKHEDA),2022-08-01,951.0,Other
PIMPALGAON BASWANT(SAYKHEDA),2022-08-02,941.0,Other
PIMPALGAON BASWANT(SAYKHEDA),2022-08-03,975.0,Other
PIMPALGAON BASWANT(SAYKHEDA),2022-08-04,981.0,Other
PIMPALGAON BASWANT(SAYKHEDA),2022-08-05,1000.0,Other
PIMPALGAON BASWANT(SAYKHEDA),2022-08-06,971.0,Other
PIMPALGAON BASWANT(SAYKHEDA),2022-08-08,1031.0,Other
PIMPALGAON BASWANT(SAYKHEDA),2022-08-09,1000.0,Other
PIMPALGAON BASWANT(SAYKHEDA),2022-08-10,951.0,Other
PIMPALGAON BASWANT(SAYKHEDA),2022-08-12,1000.0,Other
PIMPALGAON BASWANT(SAYKHEDA),2022-08-13,981.0,Other
PIMPALGAON BASWANT(SAYKHEDA),2022-08-16,1021.0,Other
PIMPALGAON BASWANT(SAYKHEDA),2022-08-17,1050.0,Other
PIMPALGAON BASWANT(SAYKHEDA),2022-08-18,1201.0,Other
PIMPALGAON BASWANT(SAYKHEDA),2022-08-19,1050.0,Other
PIMPALGAON BASWANT(SAYKHEDA),2022-08-20,1071.0,Other
PIMPALGAON BASWANT(SAYKHEDA),2022-08-22,1000.0,Other
PIMPALGAON BASWANT(SAYKHEDA),2022-08-23,1025.0,Other
PIMPALGAON BASWANT(SAYKHEDA),2022-08-24,1000.0,Other
PIMPALGAON BASWANT(SAYKHEDA),2022-08-25,1025.0,Other
PIMPALGAON BASWANT(SAYKHEDA),2022-08-27,1025.0,Other
PIMPALGAON BASWANT(SAYKHEDA),2022-08-29,950.0,Other
PIMPALGAON BASWANT(SAYKHEDA),2022-08-30,950.0,Other
PIMPALGAON BASWANT(SAYKHEDA),2022-09-02,961.0,Other
PIMPALGAON BASWANT(SAYKHEDA),2022-09-03,1000.0,Other
PIMPALGAON BASWANT(SAYKHEDA),2022-09-05,925.0,Other
PIMPALGAON BASWANT(SAYKHEDA),2022-09-06,950.0,Other
PIMPALGAON BASWANT(SAYKHEDA),2022-09-08,1000.0,Other
PIMPALGAON BASWANT(SAYKHEDA),2022-09-10,1011.0,Other
PIMPALGAON BASWANT(SAYKHEDA),2022-09-12,1050.0,Other
PIMPALGAON BASWANT(SAYKHEDA),2022-09-15,925.0,Other
PIMPALGAON BASWANT(SAYKHEDA),2022-09-16,900.0,Other
PIMPALGAON BASWANT(SAYKHEDA),2022-09-17,875.0,Other
PIMPALGAON BASWANT(SAYKHEDA),2022-09-19,885.0,Other
PIMPALGAON BASWANT(SAYKHEDA),2022-09-20,911.0,Other
PIMPALGAON BASWANT(SAYKHEDA),2022-09-21,900.0,Other
PIMPALGAON BASWANT(SAYKHEDA),2022-09-22,875.0,Other
PIMPALGAON BASWANT(SAYKHEDA),2022-09-23,925.0,Other
PIMPALGAON BASWANT(SAYKHEDA),2022-09-24,900.0,Other
PIMPALGAON BASWANT(SAYKHEDA),2022-09-27,1050.0,Other
PIMPALGAON BASWANT(SAYKHEDA),2022-09-28,1250.0,Other
PIMPALGAON BASWANT(SAYKHEDA),2022-09-29,1255.0,Other
PIMPALGAON BASWANT(SAYKHEDA),2022-09-30,1250.0,Other
PIMPALGAON BASWANT(SAYKHEDA),2022-10-01,1225.0,Other
PIMPALGAON BASWANT(SAYKHEDA),2022-10-03,1175.0,Other
PIMPALGAON BASWANT(SAYKHEDA),2022-10-04,1275.0,Other
PIMPALGAON BASWANT(SAYKHEDA),2022-10-06,1400.0,Other
PIMPALGAON BASWANT(SAYKHEDA),2022-10-07,1600.0,Other
PIMPALGAON BASWANT(SAYKHEDA),2022-10-08,1625.0,Other
PIMPALGAON BASWANT(SAYKHEDA),2022-10-10,1700.0,Other
PIMPALGAON BASWANT(SAYKHEDA),2022-10-11,1750.0,Other
PIMPALGAON BASWANT(SAYKHEDA),2022-10-12,1725.0,Other
PIMPALGAON BASWANT(SAYKHEDA),2022-10-13,1850.0,Other
PIMPALGAON BASWANT(SAYKHEDA),2022-10-14,1825.0,Other
PIMPALGAON BASWANT(SAYKHEDA),2022-10-15,1830.0,Other
PIMPALGAON BASWANT(SAYKHEDA),2022-10-17,1670.0,Other
PIMPALGAON BASWANT(SAYKHEDA),2022-10-18,1600.0,Other
PIMPALGAON BASWANT(SAYKHEDA),2022-10-19,1650.0,Other
PIMPALGAON BASWANT(SAYKHEDA),2022-10-20,1550.0,Other
PIMPALGAON BASWANT(SAYKHEDA),2022-10-31,2300.0,Other
PIMPALGAON BASWANT(SAYKHEDA),2022-11-01,2350.0,Other
PIMPALGAON BASWANT(SAYKHEDA),2022-11-02,2325.0,Other
PIMPALGAON BASWANT(SAYKHEDA),2022-11-03,2250.0,Other
PIMPALGAON BASWANT(SAYKHEDA),2022-11-04,2350.0,Other
PIMPALGAON BASWANT(SAYKHEDA),2022-11-05,2150.0,Other
PIMPALGAON BASWANT(SAYKHEDA),2022-11-07,2050.0,Other
PIMPALGAON BASWANT(SAYKHEDA),2022-11-08,1900.0,Other
PIMPALGAON BASWANT(SAYKHEDA),2022-11-09,1800.0,Other
PIMPALGAON BASWANT(SAYKHEDA),2022-11-10,1650.0,Other
PIMPALGAON BASWANT(SAYKHEDA),2022-11-11,1650.0,Other
PIMPALGAON BASWANT(SAYKHEDA),2022-11-12,1600.0,Other
PIMPALGAON BASWANT(SAYKHEDA),2022-11-14,1400.0,Other
PIMPALGAON BASWANT(SAYKHEDA),2022-11-15,1600.0,Other
PIMPALGAON BASWANT(SAYKHEDA),2022-11-16,1150.0,Other
PIMPALGAON BASWANT(SAYKHEDA),2022-11-17,1150.0,Other
PIMPALGAON BASWANT(SAYKHEDA),2022-11-18,1100.0,Other
PIMPALGAON BASWANT(SAYKHEDA),2022-11-19,950.0,Other
PIMPALGAON BASWANT(SAYKHEDA),2022-11-21,1000.0,Other
PIMPALGAON BASWANT(SAYKHEDA),2022-11-22,930.0,Other
PIMPALGAON BASWANT(SAYKHEDA),2022-11-24,1000.0,Other
PIMPALGAON BASWANT(SAYKHEDA),2022-11-25,980.0,Other
PIMPALGAON BASWANT(SAYKHEDA),2022-11-26,800.0,Other
PIMPALGAON BASWANT(SAYKHEDA),2022-11-29,850.0,Other
PIMPALGAON BASWANT(SAYKHEDA),2022-11-30,880.0,Other
PIMPALGAON BASWANT(SAYKHEDA),2022-12-01,850.0,Other
PIMPALGAON BASWANT(SAYKHEDA),2022-12-02,775.0,Other
PIMPALGAON BASWANT(SAYKHEDA),2022-12-03,700.0,Other
PIMPALGAON BASWANT(SAYKHEDA),2022-12-05,650.0,Other
PIMPALGAON BASWANT(SAYKHEDA),2022-12-07,830.0,Other
PIMPALGAON BASWANT(SAYKHEDA),2022-12-08,875.0,Other
PIMPALGAON BASWANT(SAYKHEDA),2022-12-09,900.0,Other
PIMPALGAON BASWANT(SAYKHEDA),2022-12-10,925.0,Other
PIMPALGAON BASWANT(SAYKHEDA),2022-12-12,700.0,Other
PIMPALGAON BASWANT(SAYKHEDA),2022-12-13,800.0,Other
PIMPALGAON BASWANT(SAYKHEDA),2022-12-14,900.0,Other
PIMPALGAON BASWANT(SAYKHEDA),2022-12-15,805.0,Other
PIMPALGAON BASWANT(SAYKHEDA),2022-12-16,860.0,Other
PIMPALGAON BASWANT(SAYKHEDA),2022-12-17,1210.0,Red
PIMPALGAON BASWANT(SAYKHEDA),2022-12-19,1290.0,Red
PIMPALGAON BASWANT(SAYKHEDA),2022-12-20,1600.0,Red
PIMPALGAON BASWANT(SAYKHEDA),2022-12-21,1675.0,Red
PIMPALGAON BASWANT(SAYKHEDA),2022-12-22,1740.0,Red
PIMPALGAON BASWANT(SAYKHEDA),2022-12-24,1450.0,Red
PIMPALGAON BASWANT(SAYKHEDA),2022-12-27,1600.0,Red
PIMPALGAON BASWANT(SAYKHEDA),2022-12-28,1400.0,Red
PIMPALGAON BASWANT(SAYKHEDA),2022-12-29,1320.0,Red
PIMPALGAON BASWANT(SAYKHEDA),2022-12-30,1330.0,Red
PIMPALGAON BASWANT(SAYKHEDA),2022-12-31,1300.0,Red
PIMPALGAON BASWANT(SAYKHEDA),2023-01-02,1330.0,Red
PIMPALGAON BASWANT(SAYKHEDA),2023-01-03,1350.0,Red
PIMPALGAON BASWANT(SAYKHEDA),2023-01-04,1370.0,Red
PIMPALGAON BASWANT(SAYKHEDA),2023-01-05,1360.0,Red
PIMPALGAON BASWANT(SAYKHEDA),2023-01-07,1325.0,Red
PIMPALGAON BASWANT(SAYKHEDA),2023-01-10,1325.0,Red
PIMPALGAON BASWANT(SAYKHEDA),2023-01-11,1250.0,Red
PIMPALGAON BASWANT(SAYKHEDA),2023-01-12,1275.0,Red
PIMPALGAON BASWANT(SAYKHEDA),2023-01-13,1270.0,Red
PIMPALGAON BASWANT(SAYKHEDA),2023-01-14,1240.0,Red
PIMPALGAON BASWANT(SAYKHEDA),2023-01-17,1150.0,Red
PIMPALGAON BASWANT(SAYKHEDA),2023-01-19,1260.0,Red
PIMPALGAON BASWANT(SAYKHEDA),2023-01-20,1280.0,Red
PIMPALGAON BASWANT(SAYKHEDA),2023-01-23,1240.0,Red
PIMPALGAON BASWANT(SAYKHEDA),2023-01-24,1225.0,Red
PIMPALGAON BASWANT(SAYKHEDA),2023-01-25,1200.0,Red
PIMPALGAON BASWANT(SAYKHEDA),2023-01-27,1050.0,Red
PIMPALGAON BASWANT(SAYKHEDA),2023-01-28,1000.0,Red
PIMPALGAON BASWANT(SAYKHEDA),2023-01-30,950.0,Red
PIMPALGAON BASWANT(SAYKHEDA),2023-01-31,1000.0,Red
PIMPALGAON BASWANT(SAYKHEDA),2023-02-02,1000.0,Red
PIMPALGAON BASWANT(SAYKHEDA),2023-02-03,990.0,Red
PIMPALGAON BASWANT(SAYKHEDA),2023-02-04,930.0,Red
PIMPALGAON BASWANT(SAYKHEDA),2023-02-06,950.0,Red
PIMPALGAON BASWANT(SAYKHEDA),2023-02-07,970.0,Red
PIMPALGAON BASWANT(SAYKHEDA),2023-02-08,935.0,Red
PIMPALGAON BASWANT(SAYKHEDA),2023-02-09,840.0,Red
PIMPALGAON BASWANT(SAYKHEDA),2023-02-10,800.0,Red
PIMPALGAON BASWANT(SAYKHEDA),2023-02-11,750.0,Red
PIMPALGAON BASWANT(SAYKHEDA),2023-02-13,650.0,Red
PIMPALGAON BASWANT(SAYKHEDA),2023-02-14,660.0,Red
PIMPALGAON BASWANT(SAYKHEDA),2023-02-15,620.0,Red
PIMPALGAON BASWANT(SAYKHEDA),2023-02-16,625.0,Red
PIMPALGAON BASWANT(SAYKHEDA),2023-02-17,570.0,Red
PIMPALGAON BASWANT(SAYKHEDA),2023-02-18,525.0,Red
PIMPALGAON BASWANT(SAYKHEDA),2023-02-21,530.0,Red
PIMPALGAON BASWANT(SAYKHEDA),2023-02-22,550.0,Red
PIMPALGAON BASWANT(SAYKHEDA),2023-02-23,465.0,Red
PIMPALGAON BASWANT(SAYKHEDA),2023-02-24,475.0,Red
PIMPALGAON BASWANT(SAYKHEDA),2023-02-25,470.0,Red
PIMPALGAON BASWANT(SAYKHEDA),2023-02-27,530.0,Red
PIMPALGAON BASWANT(SAYKHEDA),2023-02-28,575.0,Red
PIMPALGAON BASWANT(SAYKHEDA),2023-03-01,650.0,Red
PIMPALGAON BASWANT(SAYKHEDA),2023-03-02,650.0,Red
PIMPALGAON BASWANT(SAYKHEDA),2023-03-03,675.0,Red
PIMPALGAON BASWANT(SAYKHEDA),2023-03-04,660.0,Red
PIMPALGAON BASWANT(SAYKHEDA),2023-03-06,680.0,Red
PIMPALGAON BASWANT(SAYKHEDA),2023-03-08,725.0,Red
PIMPALGAON BASWANT(SAYKHEDA),2023-03-09,765.0,Red
PIMPALGAON BASWANT(SAYKHEDA),2023-03-10,710.0,Red
PIMPALGAON BASWANT(SAYKHEDA),2023-03-11,700.0,Red
PIMPALGAON BASWANT(SAYKHEDA),2023-03-13,725.0,Red
PIMPALGAON BASWANT(SAYKHEDA),2023-03-14,670.0,Red
PIMPALGAON BASWANT(SAYKHEDA),2023-03-15,600.0,Red
PIMPALGAON BASWANT(SAYKHEDA),2023-03-16,725.0,Red
PIMPALGAON BASWANT(SAYKHEDA),2023-03-17,710.0,Red
PIMPALGAON BASWANT(SAYKHEDA),2023-03-18,720.0,Red
PIMPALGAON BASWANT(SAYKHEDA),2023-03-20,675.0,Red
PIMPALGAON BASWANT(SAYKHEDA),2023-03-22,670.0,Red
PIMPALGAON BASWANT(SAYKHEDA),2023-03-23,620.0,Red
PIMPALGAON BASWANT(SAYKHEDA),2023-03-24,610.0,Red
PIMPALGAON BASWANT(SAYKHEDA),2023-03-25,640.0,Red
PIMPALGAON BASWANT(SAYKHEDA),2023-03-27,600.0,Red
PIMPALGAON BASWANT(SAYKHEDA),2023-03-28,590.0,Red
PIMPALGAON BASWANT(SAYKHEDA),2023-03-31,560.0,Red
PIMPALGAON BASWANT(SAYKHEDA),2023-04-07,550.0,Red
PIMPALGAON BASWANT(SAYKHEDA),2023-04-08,450.0,Red
PIMPALGAON BASWANT(SAYKHEDA),2023-04-10,500.0,Red
PIMPALGAON BASWANT(SAYKHEDA),2023-04-11,400.0,Red
PIMPALGAON BASWANT(SAYKHEDA),2023-04-12,500.0,Red
PIMPALGAON BASWANT(SAYKHEDA),2023-04-13,675.0,Other
PIMPALGAON BASWANT(SAYKHEDA),2023-04-14,630.0,Other
PIMPALGAON BASWANT(SAYKHEDA),2023-04-15,635.0,Other
PIMPALGAON BASWANT(SAYKHEDA),2023-04-17,650.0,Other
PIMPALGAON BASWANT(SAYKHEDA),2023-04-18,610.0,Other
PIMPALGAON BASWANT(SAYKHEDA),2023-04-19,600.0,Other
PIMPALGAON BASWANT(SAYKHEDA),2023-04-21,575.0,Other
PIMPALGAON BASWANT(SAYKHEDA),2023-04-24,590.0,Other
PIMPALGAON BASWANT(SAYKHEDA),2023-04-25,580.0,Other
PIMPALGAON BASWANT(SAYKHEDA),2023-04-26,590.0,Other
PIMPALGAON BASWANT(SAYKHEDA),2023-04-27,575.0,Other
PIMPALGAON BASWANT(SAYKHEDA),2023-04-29,560.0,Other
PIMPALGAON BASWANT(SAYKHEDA),2023-05-02,600.0,Other
PIMPALGAON BASWANT(SAYKHEDA),2023-05-03,610.0,Other
PIMPALGAON BASWANT(SAYKHEDA),2023-05-04,575.0,Other
PIMPALGAON BASWANT(SAYKHEDA),2023-05-05,600.0,Other
PIMPALGAON BASWANT(SAYKHEDA),2023-05-06,590.0,Other
PIMPALGAON BASWANT(SAYKHEDA),2023-05-08,615.0,Other
PIMPALGAON BASWANT(SAYKHEDA),2023-05-09,575.0,Other
PIMPALGAON BASWANT(SAYKHEDA),2023-05-10,610.0,Other
PIMPALGAON BASWANT(SAYKHEDA),2023-05-11,485.0,Other
PIMPALGAON BASWANT(SAYKHEDA),2023-05-12,600.0,Other
PIMPALGAON BASWANT(SAYKHEDA),2023-05-13,605.0,Other
PIMPALGAON BASWANT(SAYKHEDA),2023-05-15,600.0,Other
PIMPALGAON BASWANT(SAYKHEDA),2023-05-16,575.0,Other
PIMPALGAON BASWANT(SAYKHEDA),2023-05-17,580.0,Other
PIMPALGAON BASWANT(SAYKHEDA),2023-05-18,445.0,Other
PIMPALGAON BASWANT(SAYKHEDA),2023-05-22,570.0,Other
PIMPALGAON BASWANT(SAYKHEDA),2023-05-23,600.0,Other
PIMPALGAON BASWANT(SAYKHEDA),2023-05-24,580.0,Other
PIMPALGAON BASWANT(SAYKHEDA),2023-05-25,560.0,Other
PIMPALGAON BASWANT(SAYKHEDA),2023-05-26,560.0,Other
PIMPALGAON BASWANT(SAYKHEDA),2023-05-27,520.0,Other
PIMPALGAON BASWANT(SAYKHEDA),2023-05-29,500.0,Other
PIMPALGAON BASWANT(SAYKHEDA),2023-05-30,615.0,Other
PIMPALGAON BASWANT(SAYKHEDA),2023-05-31,625.0,Other
PIMPALGAON BASWANT(SAYKHEDA),2023-06-01,520.0,Other
PIMPALGAON BASWANT(SAYKHEDA),2023-06-02,580.0,Other
PIMPALGAON BASWANT(SAYKHEDA),2023-06-03,600.0,Other
PIMPALGAON BASWANT(SAYKHEDA),2023-06-05,775.0,Other
PIMPALGAON BASWANT(SAYKHEDA),2023-06-06,750.0,Other
PIMPALGAON BASWANT(SAYKHEDA),2023-06-07,700.0,Other
PIMPALGAON BASWANT(SAYKHEDA),2023-06-08,700.0,Other
PIMPALGAON BASWANT(SAYKHEDA),2023-06-09,680.0,Other
PIMPALGAON BASWANT(SAYKHEDA),2023-06-10,740.0,Other
PIMPALGAON BASWANT(SAYKHEDA),2023-06-12,780.0,Other
PIMPALGAON BASWANT(SAYKHEDA),2023-06-13,810.0,Other
PIMPALGAON BASWANT(SAYKHEDA),2023-06-14,700.0,Other
PIMPALGAON BASWANT(SAYKHEDA),2023-06-16,680.0,Other
PIMPALGAON BASWANT(SAYKHEDA),2023-06-19,700.0,Other
PIMPALGAON BASWANT(SAYKHEDA),2023-06-20,675.0,Other
PIMPALGAON BASWANT(SAYKHEDA),2023-06-21,750.0,Other
PIMPALGAON BASWANT(SAYKHEDA),2023-06-22,760.0,Other
PIMPALGAON BASWANT(SAYKHEDA),2023-06-23,825.0,Other
PIMPALGAON BASWANT(SAYKHEDA),2023-06-24,800.0,Other
PIMPALGAON BASWANT(SAYKHEDA),2023-06-26,850.0,Other
PIMPALGAON BASWANT(SAYKHEDA),2023-06-27,875.0,Other
PIMPALGAON BASWANT(SAYKHEDA),2023-06-28,1050.0,Other
PIMPALGAON BASWANT(SAYKHEDA),2023-06-30,1100.0,Other
PIMPALGAON BASWANT(SAYKHEDA),2023-07-01,1075.0,Other
PIMPALGAON BASWANT(SAYKHEDA),2023-07-03,1125.0,Other
PIMPALGAON BASWANT(SAYKHEDA),2023-07-04,1100.0,Other
PIMPALGAON BASWANT(SAYKHEDA),2023-07-05,1125.0,Other
PIMPALGAON BASWANT(SAYKHEDA),2023-07-06,1120.0,Other
PIMPALGAON BASWANT(SAYKHEDA),2023-07-07,1130.0,Other
PIMPALGAON BASWANT(SAYKHEDA),2023-07-08,1000.0,Other
PIMPALGAON BASWANT(SAYKHEDA),2023-07-10,950.0,Other
PIMPALGAON BASWANT(SAYKHEDA),2023-07-11,1000.0,Other
PIMPALGAON BASWANT(SAYKHEDA),2023-07-12,1025.0,Other
PIMPALGAON BASWANT(SAYKHEDA),2023-07-13,1025.0,Other
PIMPALGAON BASWANT(SAYKHEDA),2023-07-14,1050.0,Other
PIMPALGAON BASWANT(SAYKHEDA),2023-07-15,1075.0,Other
PIMPALGAON BASWANT(SAYKHEDA),2023-07-18,1150.0,Other
PIMPALGAON BASWANT(SAYKHEDA),2023-07-19,1125.0,Other
PIMPALGAON BASWANT(SAYKHEDA),2023-07-20,1100.0,Other
PIMPALGAON BASWANT(SAYKHEDA),2023-07-21,1050.0,Other
PIMPALGAON BASWANT(SAYKHEDA),2023-07-22,950.0,Other
PIMPALGAON BASWANT(SAYKHEDA),2023-07-24,1025.0,Other
PIMPALGAON BASWANT(SAYKHEDA),2023-07-25,1030.0,Other
PIMPALGAON BASWANT(SAYKHEDA),2023-07-26,1100.0,Other
PIMPALGAON BASWANT(SAYKHEDA),2023-07-27,1075.0,Other
PIMPALGAON BASWANT(SAYKHEDA),2023-07-28,1050.0,Other
PIMPALGAON BASWANT(SAYKHEDA),2023-07-29,1040.0,Other
PIMPALGAON BASWANT(SAYKHEDA),2023-07-31,1030.0,Other
PIMPALGAON BASWANT(SAYKHEDA),2023-08-01,1100.0,Other
PIMPALGAON BASWANT(SAYKHEDA),2023-08-02,1250.0,Other
PIMPALGAON BASWANT(SAYKHEDA),2023-08-03,1300.0,Other
PIMPALGAON BASWANT(SAYKHEDA),2023-08-04,1425.0,Other
PIMPALGAON BASWANT(SAYKHEDA),2023-08-05,1500.0,Other
PIMPALGAON BASWANT(SAYKHEDA),2023-08-07,1650.0,Other
PIMPALGAON BASWANT(SAYKHEDA),2023-08-08,1675.0,Other
PIMPALGAON BASWANT(SAYKHEDA),2023-08-09,1675.0,Other
PIMPALGAON BASWANT(SAYKHEDA),2023-08-10,1850.0,Other
PIMPALGAON BASWANT(SAYKHEDA),2023-08-11,2100.0,Other
PIMPALGAON BASWANT(SAYKHEDA),2023-08-12,2150.0,Other
PIMPALGAON BASWANT(SAYKHEDA),2023-08-14,2100.0,Other
PIMPALGAON BASWANT(SAYKHEDA),2023-08-17,2000.0,Other
PIMPALGAON BASWANT(SAYKHEDA),2023-08-18,2010.0,Other
PIMPALGAON BASWANT(SAYKHEDA),2023-08-21,2025.0,Other
PIMPALGAON BASWANT(SAYKHEDA),2023-08-24,1950.0,Other
PIMPALGAON BASWANT(SAYKHEDA),2023-08-25,1850.0,Other
PIMPALGAON BASWANT(SAYKHEDA),2023-08-26,1875.0,Other
PIMPALGAON BASWANT(SAYKHEDA),2023-08-28,1860.0,Other
PIMPALGAON BASWANT(SAYKHEDA),2023-08-29,1830.0,Other
PIMPALGAON BASWANT(SAYKHEDA),2023-08-31,1950.0,Other
PIMPALGAON BASWANT(SAYKHEDA),2023-09-01,2050.0,Other
PIMPALGAON BASWANT(SAYKHEDA),2023-09-02,2000.0,Other
PIMPALGAON BASWANT(SAYKHEDA),2023-09-04,1881.0,Other
PIMPALGAON BASWANT(SAYKHEDA),2023-09-05,1850.0,Other
PIMPALGAON BASWANT(SAYKHEDA),2023-09-06,1800.0,Other
PIMPALGAON BASWANT(SAYKHEDA),2023-09-07,1650.0,Other
PIMPALGAON BASWANT(SAYKHEDA),2023-09-09,1700.0,Other
PIMPALGAON BASWANT(SAYKHEDA),2023-09-11,1730.0,Other
PIMPALGAON BASWANT(SAYKHEDA),2023-09-12,1700.0,Other
PIMPALGAON BASWANT(SAYKHEDA),2023-09-13,1675.0,Other
PIMPALGAON BASWANT(SAYKHEDA),2023-09-15,1700.0,Other
PIMPALGAON BASWANT(SAYKHEDA),2023-09-16,1650.0,Other
PIMPALGAON BASWANT(SAYKHEDA),2023-09-18,1740.0,Other
PIMPALGAON BASWANT(SAYKHEDA),2023-10-03,1850.0,Other
PIMPALGAON BASWANT(SAYKHEDA),2023-10-04,1950.0,Other
PIMPALGAON BASWANT(SAYKHEDA),2023-10-05,2000.0,Other
PIMPALGAON BASWANT(SAYKHEDA),2023-10-06,2100.0,Other
PIMPALGAON BASWANT(SAYKHEDA),2023-10-07,2130.0,Other
PIMPALGAON BASWANT(SAYKHEDA),2023-10-09,2300.0,Other
PIMPALGAON BASWANT(SAYKHEDA),2023-10-10,2250.0,Other
PIMPALGAON BASWANT(SAYKHEDA),2023-10-11,2150.0,Other
PIMPALGAON BASWANT(SAYKHEDA),2023-10-12,2200.0,Other
PIMPALGAON BASWANT(SAYKHEDA),2023-10-13,2250.0,Other
PIMPALGAON BASWANT(SAYKHEDA),2023-10-16,2750.0,Other
PIMPALGAON BASWANT(SAYKHEDA),2023-10-17,3150.0,Other
PIMPALGAON BASWANT(SAYKHEDA),2023-10-18,3130.0,Other
PIMPALGAON BASWANT(SAYKHEDA),2023-10-19,3050.0,Other
PIMPALGAON BASWANT(SAYKHEDA),2023-10-20,3100.0,Other
PIMPALGAON BASWANT(SAYKHEDA),2023-10-21,3150.0,Other
PIMPALGAON BASWANT(SAYKHEDA),2023-10-23,3650.0,Other
PIMPALGAON BASWANT(SAYKHEDA),2023-10-24,3900.0,Other
PIMPALGAON BASWANT(SAYKHEDA),2023-10-26,4500.0,Other
PIMPALGAON BASWANT(SAYKHEDA),2023-10-27,4700.0,Other
PIMPALGAON BASWANT(SAYKHEDA),2023-10-28,4600.0,Other
PIMPALGAON BASWANT(SAYKHEDA),2023-10-30,4400.0,Other
PIMPALGAON BASWANT(SAYKHEDA),2023-10-31,4000.0,Other
PIMPALGAON BASWANT(SAYKHEDA),2023-11-02,3600.0,Other
PIMPALGAON BASWANT(SAYKHEDA),2023-11-03,3625.0,Other
PIMPALGAON BASWANT(SAYKHEDA),2023-11-04,3150.0,Other
PIMPALGAON BASWANT(SAYKHEDA),2023-11-06,3150.0,Other
PIMPALGAON BASWANT(SAYKHEDA),2023-11-07,3150.0,Other
PIMPALGAON BASWANT(SAYKHEDA),2023-11-20,3250.0,Other
PIMPALGAON BASWANT(SAYKHEDA),2023-11-21,2925.0,Red
PIMPALGAON BASWANT(SAYKHEDA),2023-11-22,3526.0,Red
PIMPALGAON BASWANT(SAYKHEDA),2023-11-23,3330.0,Red
PIMPALGAON BASWANT(SAYKHEDA),2023-11-24,3520.0,Red
PIMPALGAON BASWANT(SAYKHEDA),2023-11-25,3531.0,Red
PIMPALGAON BASWANT(SAYKHEDA),2023-11-27,4000.0,Red
PIMPALGAON BASWANT(SAYKHEDA),2023-11-28,3300.0,Red
PIMPALGAON BASWANT(SAYKHEDA),2023-11-29,3300.0,Red
PIMPALGAON BASWANT(SAYKHEDA),2023-11-30,3100.0,Other
PIMPALGAON BASWANT(SAYKHEDA),2023-12-02,3250.0,Red
PIMPALGAON BASWANT(SAYKHEDA),2023-12-04,3250.0,Red
PIMPALGAON BASWANT(SAYKHEDA),2023-12-05,3340.0,Red
PIMPALGAON BASWANT(SAYKHEDA),2023-12-06,3450.0,Red
PIMPALGAON BASWANT(SAYKHEDA),2023-12-07,3320.0,Red
PIMPALGAON BASWANT(SAYKHEDA),2023-12-08,2150.0,Red
PIMPALGAON BASWANT(SAYKHEDA),2023-12-11,2200.0,Red
PIMPALGAON BASWANT(SAYKHEDA),2023-12-13,1700.0,Red
PIMPALGAON BASWANT(SAYKHEDA),2023-12-14,1750.0,Red
PIMPALGAON BASWANT(SAYKHEDA),2023-12-15,1800.0,Red
PIMPALGAON BASWANT(SAYKHEDA),2023-12-16,1850.0,Red
PIMPALGAON BASWANT(SAYKHEDA),2023-12-18,1840.0,Red
PIMPALGAON BASWANT(SAYKHEDA),2023-12-19,1950.0,Red
PIMPALGAON BASWANT(SAYKHEDA),2023-12-20,1750.0,Red
PIMPALGAON BASWANT(SAYKHEDA),2023-12-21,1700.0,Red
PIMPALGAON BASWANT(SAYKHEDA),2023-12-22,1625.0,Red
PIMPALGAON BASWANT(SAYKHEDA),2023-12-23,1610.0,Red
PIMPALGAON BASWANT(SAYKHEDA),2023-12-26,1400.0,Red
PIMPALGAON BASWANT(SAYKHEDA),2023-12-27,1375.0,Red
PIMPALGAON BASWANT(SAYKHEDA),2023-12-28,1400.0,Red
PIMPALGAON BASWANT(SAYKHEDA),2023-12-29,1420.0,Red
PIMPALGAON BASWANT(SAYKHEDA),2023-12-30,1600.0,Red
PIMPALGAON BASWANT(SAYKHEDA),2024-01-01,1800.0,Red
PIMPALGAON BASWANT(SAYKHEDA),2024-01-02,1825.0,Red
PIMPALGAON BASWANT(SAYKHEDA),2024-01-03,1850.0,Red
PIMPALGAON BASWANT(SAYKHEDA),2024-01-04,1625.0,Red
PIMPALGAON BASWANT(SAYKHEDA),2024-01-05,1650.0,Red
PIMPALGAON BASWANT(SAYKHEDA),2024-01-06,1630.0,Red
PIMPALGAON BASWANT(SAYKHEDA),2024-01-08,1650.0,Red
PIMPALGAON BASWANT(SAYKHEDA),2024-01-09,1750.0,Red
PIMPALGAON BASWANT(SAYKHEDA),2024-01-10,1730.0,Red
PIMPALGAON BASWANT(SAYKHEDA),2024-01-12,1650.0,Red
PIMPALGAON BASWANT(SAYKHEDA),2024-01-13,1600.0,Red
PIMPALGAON BASWANT(SAYKHEDA),2024-01-15,1500.0,Red
PIMPALGAON BASWANT(SAYKHEDA),2024-01-17,1475.0,Red
PIMPALGAON BASWANT(SAYKHEDA),2024-01-18,1250.0,Red
PIMPALGAON BASWANT(SAYKHEDA),2024-01-19,1275.0,Red
PIMPALGAON BASWANT(SAYKHEDA),2024-01-20,1200.0,Red
PIMPALGAON BASWANT(SAYKHEDA),2024-01-23,1225.0,Red
PIMPALGAON BASWANT(SAYKHEDA),2024-01-24,1100.0,Red
PIMPALGAON BASWANT(SAYKHEDA),2024-01-25,830.0,Red
PIMPALGAON BASWANT(SAYKHEDA),2024-01-27,930.0,Red
PIMPALGAON BASWANT(SAYKHEDA),2024-01-29,1000.0,Red
PIMPALGAON BASWANT(SAYKHEDA),2024-01-30,1030.0,Red
PIMPALGAON BASWANT(SAYKHEDA),2024-01-31,1150.0,Red
PIMPALGAON BASWANT(SAYKHEDA),2024-02-01,1200.0,Red
PIMPALGAON BASWANT(SAYKHEDA),2024-02-02,1230.0,Red
PIMPALGAON BASWANT(SAYKHEDA),2024-02-03,1180.0,Red
PIMPALGAON BASWANT(SAYKHEDA),2024-02-05,1050.0,Red
PIMPALGAON BASWANT(SAYKHEDA),2024-02-07,1025.0,Red
PIMPALGAON BASWANT(SAYKHEDA),2024-02-08,1000.0,Red
PIMPALGAON BASWANT(SAYKHEDA),2024-02-10,1050.0,Red
PIMPALGAON BASWANT(SAYKHEDA),2024-02-12,1075.0,Red
PIMPALGAON BASWANT(SAYKHEDA),2024-02-13,1050.0,Red
PIMPALGAON BASWANT(SAYKHEDA),2024-02-14,1130.0,Red
PIMPALGAON BASWANT(SAYKHEDA),2024-02-15,1175.0,Red
PIMPALGAON BASWANT(SAYKHEDA),2024-02-16,1200.0,Red
PIMPALGAON BASWANT(SAYKHEDA),2024-02-17,1250.0,Red
PIMPALGAON BASWANT(SAYKHEDA),2024-02-20,1600.0,Red
PIMPALGAON BASWANT(SAYKHEDA),2024-02-21,1450.0,Red
PIMPALGAON BASWANT(SAYKHEDA),2024-02-22,1200.0,Red
PIMPALGAON BASWANT(SAYKHEDA),2024-02-23,1500.0,Red
PIMPALGAON BASWANT(SAYKHEDA),2024-02-24,1600.0,Red
PIMPALGAON BASWANT(SAYKHEDA),2024-02-27,1630.0,Red
PIMPALGAON BASWANT(SAYKHEDA),2024-02-28,1625.0,Red
PIMPALGAON BASWANT(SAYKHEDA),2024-02-29,1450.0,Red
PIMPALGAON BASWANT(SAYKHEDA),2024-03-01,1375.0,Red
PIMPALGAON BASWANT(SAYKHEDA),2024-03-02,1675.0,Red
PIMPALGAON BASWANT(SAYKHEDA),2024-03-04,1700.0,Red
PIMPALGAON BASWANT(SAYKHEDA),2024-03-05,1675.0,Red
PIMPALGAON BASWANT(SAYKHEDA),2024-03-06,1730.0,Red
PIMPALGAON BASWANT(SAYKHEDA),2024-03-07,1750.0,Red
PIMPALGAON BASWANT(SAYKHEDA),2024-03-09,1720.0,Red
PIMPALGAON BASWANT(SAYKHEDA),2024-03-11,1575.0,Red
PIMPALGAON BASWANT(SAYKHEDA),2024-03-12,1500.0,Red
PIMPALGAON BASWANT(SAYKHEDA),2024-03-13,1525.0,Red
PIMPALGAON BASWANT(SAYKHEDA),2024-03-14,1300.0,Red
PIMPALGAON BASWANT(SAYKHEDA),2024-03-15,1350.0,Red
PIMPALGAON BASWANT(SAYKHEDA),2024-03-16,1150.0,Red
PIMPALGAON BASWANT(SAYKHEDA),2024-03-18,1125.0,Red
PIMPALGAON BASWANT(SAYKHEDA),2024-03-19,1250.0,Other
PIMPALGAON BASWANT(SAYKHEDA),2024-03-20,1270.0,Other
PIMPALGAON BASWANT(SAYKHEDA),2024-03-21,1250.0,Other
PIMPALGAON BASWANT(SAYKHEDA),2024-03-22,1300.0,Other
PIMPALGAON BASWANT(SAYKHEDA),2024-03-23,1325.0,Other
PIMPALGAON BASWANT(SAYKHEDA),2024-03-26,1340.0,Other
PIMPALGAON BASWANT(SAYKHEDA),2024-03-27,1450.0,Other
PIMPALGAON BASWANT(SAYKHEDA),2024-04-19,1250.0,Other
PIMPALGAON BASWANT(SAYKHEDA),2024-04-22,1250.0,Other
PIMPALGAON BASWANT(SAYKHEDA),2024-04-29,1250.0,Other
PIMPALGAON BASWANT(SAYKHEDA),2024-04-30,1275.0,Other
PIMPALGAON BASWANT(SAYKHEDA),2024-05-02,1300.0,Other
PIMPALGAON BASWANT(SAYKHEDA),2024-05-04,1700.0,Other
PIMPALGAON BASWANT(SAYKHEDA),2024-05-06,1590.0,Other
PIMPALGAON BASWANT(SAYKHEDA),2024-05-07,1400.0,Other
PIMPALGAON BASWANT(SAYKHEDA),2024-05-09,1500.0,Other
PIMPALGAON BASWANT(SAYKHEDA),2024-05-10,1650.0,Other
PIMPALGAON BASWANT(SAYKHEDA),2024-05-11,1400.0,Other
PIMPALGAON BASWANT(SAYKHEDA),2024-05-13,1525.0,Other
PIMPALGAON BASWANT(SAYKHEDA),2024-05-14,1500.0,Other
PIMPALGAON BASWANT(SAYKHEDA),2024-05-15,1480.0,Other
PIMPALGAON BASWANT(SAYKHEDA),2024-05-16,1450.0,Other
PIMPALGAON BASWANT(SAYKHEDA),2024-05-17,1525.0,Other
PIMPALGAON BASWANT(SAYKHEDA),2024-05-18,1475.0,Other
PIMPALGAON BASWANT(SAYKHEDA),2024-05-21,1470.0,Other
PIMPALGAON BASWANT(SAYKHEDA),2024-05-22,1490.0,Other
PIMPALGAON BASWANT(SAYKHEDA),2024-05-23,1575.0,Other
PIMPALGAON BASWANT(SAYKHEDA),2024-05-24,1580.0,Other
PIMPALGAON BASWANT(SAYKHEDA),2024-05-25,1650.0,Other
PIMPALGAON BASWANT(SAYKHEDA),2024-05-27,1700.0,Other
PIMPALGAON BASWANT(SAYKHEDA),2024-05-28,1750.0,Other
PIMPALGAON BASWANT(SAYKHEDA),2024-05-29,1850.0,Other
PIMPALGAON BASWANT(SAYKHEDA),2024-05-30,1875.0,Other
PIMPALGAON BASWANT(SAYKHEDA),2024-05-31,1840.0,Other
PIMPALGAON BASWANT(SAYKHEDA),2024-06-01,1825.0,Other
PIMPALGAON BASWANT(SAYKHEDA),2024-06-03,1900.0,Other
PIMPALGAON BASWANT(SAYKHEDA),2024-06-04,2050.0,Other
PIMPALGAON BASWANT(SAYKHEDA),2024-06-05,2025.0,Other
PIMPALGAON BASWANT(SAYKHEDA),2024-06-07,2375.0,Other
PIMPALGAON BASWANT(SAYKHEDA),2024-06-08,2425.0,Other
PIMPALGAON BASWANT(SAYKHEDA),2024-06-10,2275.0,Other
PIMPALGAON BASWANT(SAYKHEDA),2024-06-11,2225.0,Other
PIMPALGAON BASWANT(SAYKHEDA),2024-06-12,2325.0,Other
PIMPALGAON BASWANT(SAYKHEDA),2024-06-13,2325.0,Other
PIMPALGAON BASWANT(SAYKHEDA),2024-06-14,2500.0,Other
PIMPALGAON BASWANT(SAYKHEDA),2024-06-15,2550.0,Other
PIMPALGAON BASWANT(SAYKHEDA),2024-06-17,2600.0,Other
PIMPALGAON BASWANT(SAYKHEDA),2024-06-18,2650.0,Other
PIMPALGAON BASWANT(SAYKHEDA),2024-06-19,2875.0,Other
PIMPALGAON BASWANT(SAYKHEDA),2024-06-20,2900.0,Other
PIMPALGAON BASWANT(SAYKHEDA),2024-06-21,2900.0,Other
PIMPALGAON BASWANT(SAYKHEDA),2024-06-22,2800.0,Other
PIMPALGAON BASWANT(SAYKHEDA),2024-06-24,2950.0,Other
PIMPALGAON BASWANT(SAYKHEDA),2024-06-25,2825.0,Other
PIMPALGAON BASWANT(SAYKHEDA),2024-06-26,2700.0,Other
PIMPALGAON BASWANT(SAYKHEDA),2024-06-28,2700.0,Other
PIMPALGAON BASWANT(SAYKHEDA),2024-06-29,2840.0,Other
PIMPALGAON BASWANT(SAYKHEDA),2024-07-01,2825.0,Other
PIMPALGAON BASWANT(SAYKHEDA),2024-07-02,2900.0,Other
PIMPALGAON BASWANT(SAYKHEDA),2024-07-03,2780.0,Other
PIMPALGAON BASWANT(SAYKHEDA),2024-07-04,2801.0,Other
PIMPALGAON BASWANT(SAYKHEDA),2024-07-06,2800.0,Other
PIMPALGAON BASWANT(SAYKHEDA),2024-07-08,2840.0,Other
PIMPALGAON BASWANT(SAYKHEDA),2024-07-09,2875.0,Other
PIMPALGAON BASWANT(SAYKHEDA),2024-07-10,2850.0,Other
PIMPALGAON BASWANT(SAYKHEDA),2024-07-11,2800.0,Other
PIMPALGAON BASWANT(SAYKHEDA),2024-07-12,2800.0,Other
PIMPALGAON BASWANT(SAYKHEDA),2024-07-13,2825.0,Other
PIMPALGAON BASWANT(SAYKHEDA),2024-07-15,2775.0,Other
PIMPALGAON BASWANT(SAYKHEDA),2024-07-16,2700.0,Other
PIMPALGAON BASWANT(SAYKHEDA),2024-07-18,2700.0,Other
PIMPALGAON BASWANT(SAYKHEDA),2024-07-19,2730.0,Other
PIMPALGAON BASWANT(SAYKHEDA),2024-07-22,2720.0,Other
PIMPALGAON BASWANT(SAYKHEDA),2024-07-23,2725.0,Other
PIMPALGAON BASWANT(SAYKHEDA),2024-07-24,2740.0,Other
PIMPALGAON BASWANT(SAYKHEDA),2024-07-25,2700.0,Other
PIMPALGAON BASWANT(SAYKHEDA),2024-07-26,2710.0,Other
PIMPALGAON BASWANT(SAYKHEDA),2024-07-27,2650.0,Other
PIMPALGAON BASWANT(SAYKHEDA),2024-07-29,2650.0,Other
PIMPALGAON BASWANT(SAYKHEDA),2024-07-30,2700.0,Other
PIMPALGAON BASWANT(SAYKHEDA),2024-07-31,2650.0,Other
PIMPALGAON BASWANT(SAYKHEDA),2024-08-01,2600.0,Other
PIMPALGAON BASWANT(SAYKHEDA),2024-08-02,2700.0,Other
PIMPALGAON BASWANT(SAYKHEDA),2024-08-03,2650.0,Other
PIMPALGAON BASWANT(SAYKHEDA),2024-08-05,2850.0,Other
PIMPALGAON BASWANT(SAYKHEDA),2024-08-06,2887.5,Other
PIMPALGAON BASWANT(SAYKHEDA),2024-08-07,2950.0,Other
PIMPALGAON BASWANT(SAYKHEDA),2024-08-08,3100.0,Other
PIMPALGAON BASWANT(SAYKHEDA),2024-08-09,3200.0,Other
PIMPALGAON BASWANT(SAYKHEDA),2024-08-10,3330.0,Other
PIMPALGAON BASWANT(SAYKHEDA),2024-08-12,3450.0,Other
PIMPALGAON BASWANT(SAYKHEDA),2024-08-14,3240.0,Other
PIMPALGAON BASWANT(SAYKHEDA),2024-08-16,3240.0,Other
PIMPALGAON BASWANT(SAYKHEDA),2024-08-17,3240.0,Other
PIMPALGAON BASWANT(SAYKHEDA),2024-08-20,3400.0,Other
PIMPALGAON BASWANT(SAYKHEDA),2024-08-21,3650.0,Other
PIMPALGAON BASWANT(SAYKHEDA),2024-08-22,3625.0,Other
PIMPALGAON BASWANT(SAYKHEDA),2024-08-23,3730.0,Other
PIMPALGAON BASWANT(SAYKHEDA),2024-08-24,3750.0,Other
PIMPALGAON BASWANT(SAYKHEDA),2024-08-26,3745.0,Other
PIMPALGAON BASWANT(SAYKHEDA),2024-08-27,3720.0,Other
PIMPALGAON BASWANT(SAYKHEDA),2024-08-28,3712.5,Other
PIMPALGAON BASWANT(SAYKHEDA),2024-08-29,3400.0,Other
PIMPALGAON BASWANT(SAYKHEDA),2024-08-30,3450.0,Other
PIMPALGAON BASWANT(SAYKHEDA),2024-08-31,3435.0,Other
PIMPALGAON BASWANT(SAYKHEDA),2024-09-03,4225.0,Other
PIMPALGAON BASWANT(SAYKHEDA),2024-09-04,3900.0,Other
PIMPALGAON BASWANT(SAYKHEDA),2024-09-05,3850.0,Other
PIMPALGAON BASWANT(SAYKHEDA),2024-09-06,3830.0,Other
PIMPALGAON BASWANT(SAYKHEDA),2024-09-09,3725.0,Other
PIMPALGAON BASWANT(SAYKHEDA),2024-09-10,3750.0,Other
PIMPALGAON BASWANT(SAYKHEDA),2024-09-11,3950.0,Other
PIMPALGAON BASWANT(SAYKHEDA),2024-09-12,4000.0,Other
PIMPALGAON BASWANT(SAYKHEDA),2024-09-13,4025.0,Other
PIMPALGAON BASWANT(SAYKHEDA),2024-09-14,4450.0,Other
PIMPALGAON BASWANT(SAYKHEDA),2024-09-16,4650.0,Other
PIMPALGAON BASWANT(SAYKHEDA),2024-09-18,4400.0,Other
PIMPALGAON BASWANT(SAYKHEDA),2024-09-19,4500.0,Other
PIMPALGAON BASWANT(SAYKHEDA),2024-09-20,4600.0,Other
PIMPALGAON BASWANT(SAYKHEDA),2024-09-21,4650.0,Other
PIMPALGAON BASWANT(SAYKHEDA),2024-09-23,4687.5,Other
PIMPALGAON BASWANT(SAYKHEDA),2024-09-24,4700.0,Other
PIMPALGAON BASWANT(SAYKHEDA),2024-09-26,4400.0,Other
PIMPALGAON BASWANT(SAYKHEDA),2024-09-27,4250.0,Other
PIMPALGAON BASWANT(SAYKHEDA),2024-09-28,3900.0,Other
PIMPALGAON BASWANT(SAYKHEDA),2024-09-30,3750.0,Other
PIMPALGAON BASWANT(SAYKHEDA),2024-10-01,3800.0,Other
PIMPALGAON BASWANT(SAYKHEDA),2024-10-03,4250.0,Other
PIMPALGAON BASWANT(SAYKHEDA),2024-10-04,4450.0,Other
PIMPALGAON BASWANT(SAYKHEDA),2024-10-05,4300.0,Other
PIMPALGAON BASWANT(SAYKHEDA),2024-10-09,4150.0,Other
PIMPALGAON BASWANT(SAYKHEDA),2024-10-10,4177.5,Other
PIMPALGAON BASWANT(SAYKHEDA),2024-10-11,4225.0,Other
PIMPALGAON BASWANT(SAYKHEDA),2024-10-12,4300.0,Other
PIMPALGAON BASWANT(SAYKHEDA),2024-10-14,4125.0,Other
PIMPALGAON BASWANT(SAYKHEDA),2024-10-15,4000.0,Other
PIMPALGAON BASWANT(SAYKHEDA),2024-10-16,4100.0,Other
PIMPALGAON BASWANT(SAYKHEDA),2024-10-17,4175.0,Other
PIMPALGAON BASWANT(SAYKHEDA),2024-10-18,4202.5,Other
PIMPALGAON BASWANT(SAYKHEDA),2024-10-19,4200.0,Other
PIMPALGAON BASWANT(SAYKHEDA),2024-10-21,4275.0,Other
PIMPALGAON BASWANT(SAYKHEDA),2024-10-22,4300.0,Other
PIMPALGAON BASWANT(SAYKHEDA),2024-10-23,4500.0,Other
PIMPALGAON BASWANT(SAYKHEDA),2024-10-24,4650.0,Other
PIMPALGAON BASWANT(SAYKHEDA),2024-10-25,4500.0,Other
PIMPALGAON BASWANT(SAYKHEDA),2024-10-26,4405.0,Other
PIMPALGAON BASWANT(SAYKHEDA),2024-11-05,5000.0,Other
PIMPALGAON BASWANT(SAYKHEDA),2024-11-06,5600.0,Other
PIMPALGAON BASWANT(SAYKHEDA),2024-11-07,5750.0,Other
PIMPALGAON BASWANT(SAYKHEDA),2024-11-08,5500.0,Other
PIMPALGAON BASWANT(SAYKHEDA),2024-11-09,5450.0,Other
PIMPALGAON BASWANT(SAYKHEDA),2024-11-11,5400.0,Other
PIMPALGAON BASWANT(SAYKHEDA),2024-11-12,5400.0,Other
PIMPALGAON BASWANT(SAYKHEDA),2024-11-13,5325.0,Other
PIMPALGAON BASWANT(SAYKHEDA),2024-11-14,5000.0,Other
PIMPALGAON BASWANT(SAYKHEDA),2024-11-15,4795.0,Other
PIMPALGAON BASWANT(SAYKHEDA),2024-11-16,4700.0,Other
PIMPALGAON BASWANT(SAYKHEDA),2024-11-18,4791.0,Other
PIMPALGAON BASWANT(SAYKHEDA),2024-11-19,4825.0,Other
PIMPALGAON BASWANT(SAYKHEDA),2024-11-21,3425.5,Red
PIMPALGAON BASWANT(SAYKHEDA),2024-11-22,2665.0,Red
PIMPALGAON BASWANT(SAYKHEDA),2024-11-23,3126.0,Red
PIMPALGAON BASWANT(SAYKHEDA),2024-11-25,3151.0,Red
PIMPALGAON BASWANT(SAYKHEDA),2024-11-26,2750.0,Red
PIMPALGAON BASWANT(SAYKHEDA),2024-11-27,3150.0,Red
PIMPALGAON BASWANT(SAYKHEDA),2024-11-28,2800.0,Red
PIMPALGAON BASWANT(SAYKHEDA),2024-12-02,3300.0,Red
PIMPALGAON BASWANT(SAYKHEDA),2024-12-03,3350.0,Red
PIMPALGAON BASWANT(SAYKHEDA),2024-12-04,3200.5,Red
PIMPALGAON BASWANT(SAYKHEDA),2024-12-05,2612.5,Red
PIMPALGAON BASWANT(SAYKHEDA),2024-12-06,3100.0,Red
PIMPALGAON BASWANT(SAYKHEDA),2024-12-07,3275.0,Red
PIMPALGAON BASWANT(SAYKHEDA),2024-12-09,3275.0,Red
PIMPALGAON BASWANT(SAYKHEDA),2024-12-10,3250.0,Red
PIMPALGAON BASWANT(SAYKHEDA),2024-12-11,3300.0,Red
PIMPALGAON BASWANT(SAYKHEDA),2024-12-12,3200.0,Red
PIMPALGAON BASWANT(SAYKHEDA),2024-12-13,3137.5,Red
PIMPALGAON BASWANT(SAYKHEDA),2024-12-14,2350.0,Red
PIMPALGAON BASWANT(SAYKHEDA),2024-12-16,2000.0,Red
PIMPALGAON BASWANT(SAYKHEDA),2024-12-17,2050.0,Red
PIMPALGAON BASWANT(SAYKHEDA),2024-12-18,1500.0,Red
PIMPALGAON BASWANT(SAYKHEDA),2024-12-19,1450.0,Red
PIMPALGAON BASWANT(SAYKHEDA),2024-12-20,1600.0,Red
PIMPALGAON BASWANT(SAYKHEDA),2024-12-21,1551.0,Red
PIMPALGAON BASWANT(SAYKHEDA),2024-12-23,1450.0,Red
PIMPALGAON BASWANT(SAYKHEDA),2024-12-24,1587.5,Red
PIMPALGAON BASWANT(SAYKHEDA),2024-12-25,1650.0,Red
PIMPALGAON BASWANT(SAYKHEDA),2024-12-26,1750.0,Red
PIMPALGAON BASWANT(SAYKHEDA),2024-12-27,1900.0,Red
PIMPALGAON BASWANT(SAYKHEDA),2024-12-28,2125.0,Red
PIMPALGAON BASWANT(SAYKHEDA),2024-12-30,2275.0,Red
PIMPALGAON BASWANT(SAYKHEDA),2024-12-31,2400.0,Red
PIMPALGAON BASWANT(SAYKHEDA),2025-01-01,2150.0,Red
PIMPALGAON BASWANT(SAYKHEDA),2025-01-02,2050.0,Red
PIMPALGAON BASWANT(SAYKHEDA),2025-01-03,2000.0,Red
PIMPALGAON BASWANT(SAYKHEDA),2025-01-04,2275.0,Red
PIMPALGAON BASWANT(SAYKHEDA),2025-01-06,2300.0,Red
PIMPALGAON BASWANT(SAYKHEDA),2025-01-07,2200.0,Red
PIMPALGAON BASWANT(SAYKHEDA),2025-01-08,2100.0,Red
PIMPALGAON BASWANT(SAYKHEDA),2025-01-09,1750.0,Red
PIMPALGAON BASWANT(SAYKHEDA),2025-01-10,1700.0,Red
PIMPALGAON BASWANT(SAYKHEDA),2025-01-11,1600.0,Red
PIMPALGAON BASWANT(SAYKHEDA),2025-01-13,1587.5,Red
PIMPALGAON BASWANT(SAYKHEDA),2025-01-14,1675.0,Red
PIMPALGAON BASWANT(SAYKHEDA),2025-01-16,1700.0,Red
PIMPALGAON BASWANT(SAYKHEDA),2025-01-17,2050.0,Red
PIMPALGAON BASWANT(SAYKHEDA),2025-01-18,2012.5,Red
PIMPALGAON BASWANT(SAYKHEDA),2025-01-20,2100.0,Red
PIMPALGAON BASWANT(SAYKHEDA),2025-01-21,2150.0,Red
PIMPALGAON BASWANT(SAYKHEDA),2025-01-22,2025.0,Red
PIMPALGAON BASWANT(SAYKHEDA),2025-01-23,2050.0,Red
PIMPALGAON BASWANT(SAYKHEDA),2025-01-24,2100.0,Red
PIMPALGAON BASWANT(SAYKHEDA),2025-01-25,2050.0,Red
PIMPALGAON BASWANT(SAYKHEDA),2025-01-27,3040.0,Red
PIMPALGAON BASWANT(SAYKHEDA),2025-01-28,2075.0,Red
PIMPALGAON BASWANT(SAYKHEDA),2025-01-29,2050.0,Red
PIMPALGAON BASWANT(SAYKHEDA),2025-01-30,1950.0,Red
PIMPALGAON BASWANT(SAYKHEDA),2025-01-31,2000.0,Red
PIMPALGAON BASWANT(SAYKHEDA),2025-02-01,1875.0,Red
PIMPALGAON BASWANT(SAYKHEDA),2025-02-03,1825.0,Red
PIMPALGAON BASWANT(SAYKHEDA),2025-02-04,1975.0,Red
PIMPALGAON BASWANT(SAYKHEDA),2025-02-05,2037.5,Red
PIMPALGAON BASWANT(SAYKHEDA),2025-02-06,2100.0,Red
PIMPALGAON BASWANT(SAYKHEDA),2025-02-07,2125.0,Red
PIMPALGAON BASWANT(SAYKHEDA),2025-02-08,2150.0,Red
PIMPALGAON BASWANT(SAYKHEDA),2025-02-12,2600.0,Red
PIMPALGAON BASWANT(SAYKHEDA),2025-02-13,2800.0,Red
PIMPALGAON BASWANT(SAYKHEDA),2025-02-14,2950.0,Red
PIMPALGAON BASWANT(SAYKHEDA),2025-02-15,2900.0,Red
PIMPALGAON BASWANT(SAYKHEDA),2025-02-17,2800.0,Red
PIMPALGAON BASWANT(SAYKHEDA),2025-02-18,2500.0,Red
PIMPALGAON BASWANT(SAYKHEDA),2025-02-20,2150.0,Red
PIMPALGAON BASWANT(SAYKHEDA),2025-02-21,2050.0,Red
PIMPALGAON BASWANT(SAYKHEDA),2025-02-22,2112.5,Red
PIMPALGAON BASWANT(SAYKHEDA),2025-02-24,2200.0,Red
PIMPALGAON BASWANT(SAYKHEDA),2025-02-25,2175.0,Red
PIMPALGAON BASWANT(SAYKHEDA),2025-02-27,2100.0,Red
PIMPALGAON BASWANT(SAYKHEDA),2025-02-28,2125.0,Red
PIMPALGAON BASWANT(SAYKHEDA),2025-03-01,2000.0,Red
PIMPALGAON BASWANT(SAYKHEDA),2025-03-03,2100.0,Red
PIMPALGAON BASWANT(SAYKHEDA),2025-03-04,1987.5,Red
PIMPALGAON BASWANT(SAYKHEDA),2025-03-05,1900.0,Red
PIMPALGAON BASWANT(SAYKHEDA),2025-03-06,2000.0,Red
PIMPALGAON BASWANT(SAYKHEDA),2025-03-07,2100.0,Red
PIMPALGAON BASWANT(SAYKHEDA),2025-03-08,1800.0,Red
PIMPALGAON BASWANT(SAYKHEDA),2025-03-10,1425.0,Red
PIMPALGAON BASWANT(SAYKHEDA),2025-03-11,1325.0,Red
PIMPALGAON BASWANT(SAYKHEDA),2025-03-12,1300.0,Red
PIMPALGAON BASWANT(SAYKHEDA),2025-03-13,1410.0,Red
PIMPALGAON BASWANT(SAYKHEDA),2025-03-14,1485.0,Red
PIMPALGAON BASWANT(SAYKHEDA),2025-03-15,1350.0,Red
PIMPALGAON BASWANT(SAYKHEDA),2025-03-17,1390.0,Red
PIMPALGAON BASWANT(SAYKHEDA),2025-03-18,1410.0,Red
PIMPALGAON BASWANT(SAYKHEDA),2025-03-19,1450.0,Other
PIMPALGAON BASWANT(SAYKHEDA),2025-03-20,1350.0,Other
PIMPALGAON BASWANT(SAYKHEDA),2025-03-21,1325.0,Other
PIMPALGAON BASWANT(SAYKHEDA),2025-03-22,1275.0,Other
PIMPALGAON BASWANT(SAYKHEDA),2025-03-24,1375.5,Other
PIMPALGAON BASWANT(SAYKHEDA),2025-03-25,1475.0,Other
PIMPALGAON BASWANT(SAYKHEDA),2025-03-26,1470.0,Other
PIMPALGAON BASWANT(SAYKHEDA),2025-03-27,1450.0,Other
PIMPALGAON BASWANT(SAYKHEDA),2025-04-02,1275.0,Other
PIMPALGAON BASWANT(SAYKHEDA),2025-04-03,1270.0,Other
PIMPALGAON BASWANT(SAYKHEDA),2025-04-04,1300.0,Other
PIMPALGAON BASWANT(SAYKHEDA),2025-04-05,1325.0,Other
PIMPALGAON BASWANT(SAYKHEDA),2025-04-07,1225.0,Other
PIMPALGAON BASWANT(SAYKHEDA),2025-04-08,1230.0,Other
PIMPALGAON BASWANT(SAYKHEDA),2025-04-10,1100.0,Other
PIMPALGAON BASWANT(SAYKHEDA),2025-04-11,1037.5,Other
PIMPALGAON BASWANT(SAYKHEDA),2025-04-12,1047.5,Other
PIMPALGAON BASWANT(SAYKHEDA),2025-04-15,1050.0,Other
PIMPALGAON BASWANT(SAYKHEDA),2025-04-16,1015.0,Other
PIMPALGAON BASWANT(SAYKHEDA),2025-04-17,1000.0,Other
PIMPALGAON BASWANT(SAYKHEDA),2025-04-18,1025.0,Other
PIMPALGAON BASWANT(SAYKHEDA),2025-04-19,1050.0,Other
PIMPALGAON BASWANT(SAYKHEDA),2025-04-21,1050.0,Other
PIMPALGAON BASWANT(SAYKHEDA),2025-04-22,1050.0,Other
PIMPALGAON BASWANT(SAYKHEDA),2025-04-23,1060.0,Other
PIMPALGAON BASWANT(SAYKHEDA),2025-04-24,1030.0,Other
PIMPALGAON BASWANT(SAYKHEDA),2025-04-25,1012.5,Other
PIMPALGAON BASWANT(SAYKHEDA),2025-04-26,980.0,Other
PIMPALGAON BASWANT(SAYKHEDA),2025-04-28,950.0,Other
PIMPALGAON BASWANT(SAYKHEDA),2025-04-29,1025.0,Other
PIMPALGAON BASWANT(SAYKHEDA),2025-05-02,1000.0,Other
PIMPALGAON BASWANT(SAYKHEDA),2025-05-03,1005.0,Other
PIMPALGAON BASWANT(SAYKHEDA),2025-05-05,987.5,Other
PIMPALGAON BASWANT(SAYKHEDA),2025-05-06,1000.0,Other
PIMPALGAON BASWANT(SAYKHEDA),2025-05-07,1000.0,Other
PIMPALGAON BASWANT(SAYKHEDA),2025-05-09,1015.0,Other
PIMPALGAON BASWANT(SAYKHEDA),2025-05-10,975.0,Other
PIMPALGAON BASWANT(SAYKHEDA),2025-05-12,960.0,Other
PIMPALGAON BASWANT(SAYKHEDA),2025-05-13,930.0,Other
PIMPALGAON BASWANT(SAYKHEDA),2025-05-15,900.0,Other
PIMPALGAON BASWANT(SAYKHEDA),2025-05-16,937.5,Other
PIMPALGAON BASWANT(SAYKHEDA),2025-05-17,915.0,Other
PIMPALGAON BASWANT(SAYKHEDA),2025-05-19,925.0,Other
PIMPALGAON BASWANT(SAYKHEDA),2025-05-20,930.0,Other
PIMPALGAON BASWANT(SAYKHEDA),2025-05-21,962.5,Other
PIMPALGAON BASWANT(SAYKHEDA),2025-05-22,920.0,Other
PIMPALGAON BASWANT(SAYKHEDA),2025-05-23,950.0,Other
PIMPALGAON BASWANT(SAYKHEDA),2025-05-24,1025.0,Other
PIMPALGAON BASWANT(SAYKHEDA),2025-05-26,1050.0,Other
PIMPALGAON BASWANT(SAYKHEDA),2025-05-27,1100.0,Other
PIMPALGAON BASWANT(SAYKHEDA),2025-05-28,1125.0,Other
PIMPALGAON BASWANT(SAYKHEDA),2025-05-29,1200.0,Other
PIMPALGAON BASWANT(SAYKHEDA),2025-05-30,1150.0,Other
PIMPALGAON BASWANT(SAYKHEDA),2025-05-31,1100.0,Other
PIMPALGAON BASWANT(SAYKHEDA),2025-06-02,1090.0,Other
PIMPALGAON BASWANT(SAYKHEDA),2025-06-03,1050.0,Other
PIMPALGAON BASWANT(SAYKHEDA),2025-06-04,1225.0,Other
PIMPALGAON BASWANT(SAYKHEDA),2025-06-05,1250.0,Other
PIMPALGAON BASWANT(SAYKHEDA),2025-06-06,1300.0,Other
PIMPALGAON BASWANT(SAYKHEDA),2025-06-07,1350.0,Other
PIMPALGAON BASWANT(SAYKHEDA),2025-06-09,1370.0,Other
PIMPALGAON BASWANT(SAYKHEDA),2025-06-10,1350.0,Other
PIMPALGAON BASWANT(SAYKHEDA),2025-06-11,1340.0,Other
PIMPALGAON BASWANT(SAYKHEDA),2025-06-12,1350.0,Other
PIMPALGAON BASWANT(SAYKHEDA),2025-06-13,1370.0,Other
PIMPALGAON BASWANT(SAYKHEDA),2025-06-14,1320.0,Other
PIMPALGAON BASWANT(SAYKHEDA),2025-06-16,1265.0,Other
PIMPALGAON BASWANT(SAYKHEDA),2025-06-17,1370.0,Other
PIMPALGAON BASWANT(SAYKHEDA),2025-06-18,1320.0,Other
PIMPALGAON BASWANT(SAYKHEDA),2025-06-19,1300.0,Other
PIMPALGAON BASWANT(SAYKHEDA),2025-06-20,1340.0,Other
PIMPALGAON BASWANT(SAYKHEDA),2025-06-21,1400.0,Other
PIMPALGAON BASWANT(SAYKHEDA),2025-06-23,1425.0,Other
PIMPALGAON BASWANT(SAYKHEDA),2025-06-24,1450.0,Other
PIMPALGAON BASWANT(SAYKHEDA),2025-06-25,1430.0,Other
PIMPALGAON BASWANT(SAYKHEDA),2025-06-26,1450.0,Other
PIMPALGAON BASWANT(SAYKHEDA),2025-06-27,1470.0,Other
PIMPALGAON BASWANT(SAYKHEDA),2025-06-28,1500.0,Other
PIMPALGAON BASWANT(SAYKHEDA),2025-06-30,1437.5,Other
PIMPALGAON BASWANT(SAYKHEDA),2025-07-01,1350.0,Other
PIMPALGAON BASWANT(SAYKHEDA),2025-07-02,1300.0,Other
PIMPALGAON BASWANT(SAYKHEDA),2025-07-03,1350.0,Other
PIMPALGAON BASWANT(SAYKHEDA),2025-07-04,1440.0,Other
PIMPALGAON BASWANT(SAYKHEDA),2025-07-05,1425.0,Other
PIMPALGAON BASWANT(SAYKHEDA),2025-07-07,1250.0,Other
PIMPALGAON BASWANT(SAYKHEDA),2025-07-08,1230.0,Other
PIMPALGAON BASWANT(SAYKHEDA),2025-07-09,1200.0,Other
PIMPALGAON BASWANT(SAYKHEDA),2025-07-10,1210.0,Other
PIMPALGAON BASWANT(SAYKHEDA),2025-07-11,1300.0,Other
PIMPALGAON BASWANT(SAYKHEDA),2025-07-12,1270.0,Other
PIMPALGAON BASWANT(SAYKHEDA),2025-07-14,1250.0,Other
PIMPALGAON BASWANT(SAYKHEDA),2025-07-15,1225.0,Red
PIMPALGAON BASWANT(SAYKHEDA),2025-07-16,1240.0,Other
PIMPALGAON BASWANT(SAYKHEDA),2025-07-17,1230.0,Other
PIMPALGAON BASWANT(SAYKHEDA),2025-07-18,1260.0,Other
PIMPALGAON BASWANT(SAYKHEDA),2025-07-19,1275.0,Other
PIMPALGAON BASWANT(SAYKHEDA),2025-07-21,1212.5,Other
PIMPALGAON BASWANT(SAYKHEDA),2025-07-22,1225.0,Other
PIMPALGAON BASWANT(SAYKHEDA),2025-07-23,1200.0,Other
PIMPALGAON BASWANT(SAYKHEDA),2025-07-25,1200.0,Other
PIMPALGAON BASWANT(SAYKHEDA),2025-07-26,1125.0,Other
PIMPALGAON BASWANT(SAYKHEDA),2025-07-28,1140.0,Other
PIMPALGAON BASWANT(SAYKHEDA),2025-07-29,1175.0,Other
PIMPALGAON BASWANT(SAYKHEDA),2025-07-30,1210.0,Other
PIMPALGAON BASWANT(SAYKHEDA),2025-08-01,1175.0,Other
PIMPALGAON BASWANT(SAYKHEDA),2025-08-02,1150.0,Other
PIMPALGAON BASWANT(SAYKHEDA),2025-08-04,1125.0,Other
PIMPALGAON BASWANT(SAYKHEDA),2025-08-05,1100.0,Other
PIMPALGAON BASWANT(SAYKHEDA),2025-08-06,1175.0,Other
PIMPALGAON BASWANT(SAYKHEDA),2025-08-07,1125.0,Other
PIMPALGAON BASWANT(SAYKHEDA),2025-08-11,1200.0,Other
PIMPALGAON BASWANT(SAYKHEDA),2025-08-12,1215.0,Other
PIMPALGAON BASWANT(SAYKHEDA),2025-08-13,1500.0,Other
PIMPALGAON BASWANT(SAYKHEDA),2025-08-14,1550.0,Other
PIMPALGAON BASWANT(SAYKHEDA),2025-08-18,1540.0,Other
PIMPALGAON BASWANT(SAYKHEDA),2025-08-19,1400.0,Other
PIMPALGAON BASWANT(SAYKHEDA),2025-08-20,1425.0,Other
PIMPALGAON BASWANT(SAYKHEDA),2025-08-21,1350.0,Other
PIMPALGAON BASWANT(SAYKHEDA),2025-08-23,1325.0,Other
PIMPALGAON BASWANT(SAYKHEDA),2025-08-25,1200.0,Other
PIMPALGAON BASWANT(SAYKHEDA),2025-08-26,1200.0,Other
PIMPALGAON BASWANT(SAYKHEDA),2025-08-28,1150.0,Other
PIMPALGAON BASWANT(SAYKHEDA),2025-08-29,1100.0,Other
PIMPALGAON BASWANT(SAYKHEDA),2025-08-30,1170.0,Other
PIMPALGAON BASWANT(SAYKHEDA),2025-09-01,1150.0,Other
PIMPALGAON BASWANT(SAYKHEDA),2025-09-02,1130.0,Other
PIMPALGAON BASWANT(SAYKHEDA),2025-09-03,1100.0,Other
PIMPALGAON BASWANT(SAYKHEDA),2025-09-04,1075.0,Other
PIMPALGAON BASWANT(SAYKHEDA),2025-09-05,1050.0,Other
PIMPALGAON BASWANT(SAYKHEDA),2025-09-08,1130.0,Other
PIMPALGAON BASWANT(SAYKHEDA),2025-09-09,1125.0,Other
PIMPALGAON BASWANT(SAYKHEDA),2025-09-10,1000.0,Other
PIMPALGAON BASWANT(SAYKHEDA),2025-09-11,950.0,Other
PIMPALGAON BASWANT(SAYKHEDA),2025-09-12,987.5,Other
PIMPALGAON BASWANT(SAYKHEDA),2025-09-15,950.0,Other
PIMPALGAON BASWANT(SAYKHEDA),2025-09-16,1100.0,Other
PIMPALGAON BASWANT(SAYKHEDA),2025-09-17,1050.0,Other
PIMPALGAON BASWANT(SAYKHEDA),2025-09-18,950.0,Other
PIMPALGAON BASWANT(SAYKHEDA),2025-09-19,975.0,Other
PIMPALGAON BASWANT(SAYKHEDA),2025-09-20,960.0,Other
PIMPALGAON BASWANT(SAYKHEDA),2025-09-23,925.0,Other
PIMPALGAON BASWANT(SAYKHEDA),2025-09-24,950.0,Other
PIMPALGAON BASWANT(SAYKHEDA),2025-09-26,950.0,Other
PIMPALGAON BASWANT(SAYKHEDA),2025-09-27,900.0,Other
PIMPALGAON BASWANT(SAYKHEDA),2025-09-29,1050.0,Other
PIMPALGAON BASWANT(SAYKHEDA),2025-09-30,1000.0,Other
PIMPALGAON BASWANT(SAYKHEDA),2025-10-01,1050.0,Other
PIMPALGAON BASWANT(SAYKHEDA),2025-10-03,1050.0,Other
PIMPALGAON BASWANT(SAYKHEDA),2025-10-04,1075.0,Other
PIMPALGAON BASWANT(SAYKHEDA),2025-10-06,950.0,Other
PIMPALGAON BASWANT(SAYKHEDA),2025-10-07,975.0,Other
PIMPALGAON BASWANT(SAYKHEDA),2025-10-08,950.0,Other
PIMPALGAON BASWANT(SAYKHEDA),2025-10-09,900.0,Other
PIMPALGAON BASWANT(SAYKHEDA),2025-10-11,950.0,Other
PIMPALGAON BASWANT(SAYKHEDA),2025-10-13,900.0,Other
PIMPALGAON BASWANT(SAYKHEDA),2025-10-14,930.0,Other
PIMPALGAON BASWANT(SAYKHEDA),2025-10-15,950.0,Other
PIMPALGAON BASWANT(SAYKHEDA),2025-10-16,900.0,Other
PIMPALGAON BASWANT(SAYKHEDA),2025-10-24,1000.0,Other
PIMPALGAON BASWANT(SAYKHEDA),2025-10-25,950.0,Other
PIMPALGAON BASWANT(SAYKHEDA),2025-10-27,1175.0,Other
PIMPALGAON BASWANT(SAYKHEDA),2025-10-28,1275.0,Other
PIMPALGAON BASWANT(SAYKHEDA),2025-10-29,1300.0,Other
PIMPALGAON BASWANT(SAYKHEDA),2025-10-30,1400.0,Other
PIMPALGAON BASWANT(SAYKHEDA),2025-10-31,1397.5,Other
PIMPALGAON BASWANT(SAYKHEDA),2025-11-01,1450.0,Other
PIMPALGAON BASWANT(SAYKHEDA),2025-11-03,1470.0,Other
PIMPALGAON BASWANT(SAYKHEDA),2025-11-04,1350.0,Other
PIMPALGAON BASWANT(SAYKHEDA),2025-11-05,1430.0,Other
PIMPALGAON BASWANT(SAYKHEDA),2025-11-07,1450.0,Other
PIMPALGAON BASWANT(SAYKHEDA),2025-11-08,1425.0,Other
PIMPALGAON BASWANT(SAYKHEDA),2025-11-15,1350.0,Other
PIMPALGAON BASWANT(SAYKHEDA),2025-11-17,1375.0,Other
PIMPALGAON BASWANT(SAYKHEDA),2025-11-18,1325.0,Other
PIMPALGAON BASWANT(SAYKHEDA),2025-11-19,1150.0,Other
PIMPALGAON BASWANT(SAYKHEDA),2025-11-24,850.0,Other
PIMPALGAON BASWANT(SAYKHEDA),2025-11-25,825.0,Other
PIMPALGAON BASWANT(SAYKHEDA),2025-11-26,840.0,Other
PIMPALGAON BASWANT(SAYKHEDA),2025-11-27,775.0,Other
PIMPALGAON BASWANT(SAYKHEDA),2025-11-28,780.0,Other
PIMPALGAON BASWANT(SAYKHEDA),2025-11-29,800.0,Other
PIMPALGAON BASWANT(SAYKHEDA),2025-12-01,950.0,Other
PIMPALGAON BASWANT(SAYKHEDA),2025-12-02,925.0,Other
PIMPALGAON BASWANT(SAYKHEDA),2025-12-03,1025.0,Other
PIMPALGAON BASWANT(SAYKHEDA),2025-12-04,950.0,Other
PIMPALGAON BASWANT(SAYKHEDA),2025-12-05,1500.0,Other
PIMPALGAON BASWANT(SAYKHEDA),2025-12-06,1250.0,Other
PIMPALGAON BASWANT(SAYKHEDA),2025-12-08,1275.0,Other
PIMPALGAON BASWANT(SAYKHEDA),2025-12-09,1300.0,Other
PIMPALGAON BASWANT(SAYKHEDA),2025-12-10,1361.0,Other
PIMPALGAON BASWANT(SAYKHEDA),2025-12-11,1400.0,Other
PIMPALGAON BASWANT(SAYKHEDA),2025-12-12,1500.0,Other
PIMPALGAON BASWANT(SAYKHEDA),2025-12-13,1950.0,Other
PIMPALGAON BASWANT(SAYKHEDA),2025-12-15,2125.0,Other
PIMPALGAON BASWANT(SAYKHEDA),2025-12-16,2200.0,Other
PIMPALGAON BASWANT(SAYKHEDA),2025-12-17,1751.0,Other
PIMPALGAON BASWANT(SAYKHEDA),2025-12-18,1661.0,Other
PIMPALGAON BASWANT(SAYKHEDA),2025-12-19,1200.0,Other
PIMPALGAON BASWANT(SAYKHEDA),2025-12-22,1250.0,Red
PIMPALGAON BASWANT(SAYKHEDA),2025-12-23,1300.0,Red
PIMPALGAON BASWANT(SAYKHEDA),2025-12-24,1370.0,Red
PIMPALGAON BASWANT(SAYKHEDA),2025-12-25,1151.0,Red
PIMPALGAON BASWANT(SAYKHEDA),2025-12-26,1450.0,Red
PIMPALGAON BASWANT(SAYKHEDA),2025-12-27,1775.0,Red
PIMPALGAON BASWANT(SAYKHEDA),2025-12-29,1850.0,Red
PIMPALGAON BASWANT(SAYKHEDA),2025-12-30,1750.0,Red
PIMPALGAON BASWANT(SAYKHEDA),2025-12-31,1721.0,Red
PIMPALGAON BASWANT(SAYKHEDA),2026-01-01,1600.0,Red
PIMPALGAON BASWANT(SAYKHEDA),2026-01-02,1450.0,Red
PIMPALGAON BASWANT(SAYKHEDA),2026-01-03,1425.0,Red
PIMPALGAON BASWANT(SAYKHEDA),2026-01-05,1350.0,Red
PIMPALGAON BASWANT(SAYKHEDA),2026-01-06,1325.0,Red
PIMPALGAON BASWANT(SAYKHEDA),2026-01-07,1300.0,Red
PIMPALGAON BASWANT(SAYKHEDA),2026-01-08,1350.0,Red
PIMPALGAON BASWANT(SAYKHEDA),2026-01-09,1325.0,Red
PIMPALGAON BASWANT(SAYKHEDA),2026-01-10,1250.0,Red
PIMPALGAON BASWANT(SAYKHEDA),2026-01-12,1215.0,Red
PIMPALGAON BASWANT(SAYKHEDA),2026-01-13,1375.0,Red
PIMPALGAON BASWANT(SAYKHEDA),2026-01-14,1250.0,Red
PIMPALGAON BASWANT(SAYKHEDA),2026-01-16,1275.0,Red
PIMPALGAON BASWANT(SAYKHEDA),2026-01-17,1325.0,Red
PIMPALGAON BASWANT(SAYKHEDA),2026-01-19,1350.0,Red
PIMPALGAON BASWANT(SAYKHEDA),2026-01-20,1325.0,Red
PIMPALGAON BASWANT(SAYKHEDA),2026-01-21,1300.0,Red
PIMPALGAON BASWANT(SAYKHEDA),2026-01-22,1275.0,Red
PIMPALGAON BASWANT(SAYKHEDA),2026-01-23,1200.0,Red
PIMPALGAON BASWANT(SAYKHEDA),2026-01-24,1225.0,Red
PIMPALGAON BASWANT(SAYKHEDA),2026-01-27,1250.0,Red
PIMPALGAON BASWANT(SAYKHEDA),2026-01-28,1225.0,Red
PIMPALGAON BASWANT(SAYKHEDA),2026-01-30,1000.0,Red
PIMPALGAON BASWANT(SAYKHEDA),2026-01-31,825.0,Red
PIMPALGAON BASWANT(SAYKHEDA),2026-02-02,875.0,Red
PIMPALGAON BASWANT(SAYKHEDA),2026-02-03,1000.0,Red
PIMPALGAON BASWANT(SAYKHEDA),2026-02-04,980.0,Red
PIMPALGAON BASWANT(SAYKHEDA),2026-02-05,950.0,Red
PIMPALGAON BASWANT(SAYKHEDA),2026-02-06,952.5,Red
PIMPALGAON BASWANT(SAYKHEDA),2026-02-07,1000.0,Red
PIMPALGAON BASWANT(SAYKHEDA),2026-02-09,1100.0,Red
PIMPALGAON BASWANT(SAYKHEDA),2026-02-10,1140.0,Red
PIMPALGAON BASWANT(SAYKHEDA),2026-02-11,1050.0,Red
PIMPALGAON BASWANT(SAYKHEDA),2026-02-12,987.5,Red
PIMPALGAON BASWANT(SAYKHEDA),2026-02-13,980.0,Red
PIMPALGAON BASWANT(SAYKHEDA),2026-02-14,950.0,Red
PIMPALGAON BASWANT(SAYKHEDA),2026-02-16,975.0,Red
PIMPALGAON BASWANT(SAYKHEDA),2026-02-17,950.0,Red
PIMPALGAON BASWANT(SAYKHEDA),2026-02-18,970.0,Red
PIMPALGAON BASWANT(SAYKHEDA),2026-02-20,925.0,Red
PIMPALGAON BASWANT(SAYKHEDA),2026-02-21,940.0,Red
PIMPALGAON BASWANT(SAYKHEDA),2026-02-23,937.5,Red
PIMPALGAON BASWANT(SAYKHEDA),2026-02-24,900.0,Red
PIMPALGAON BASWANT(SAYKHEDA),2026-02-25,825.0,Red
PIMPALGAON BASWANT(SAYKHEDA),2026-02-26,800.0,Red
PIMPALGAON BASWANT(SAYKHEDA),2026-02-27,850.0,Red
PIMPALGAON BASWANT(SAYKHEDA),2026-03-02,850.0,Red
PIMPALGAON BASWANT(SAYKHEDA),2026-03-05,900.0,Red
PIMPALGAON BASWANT(SAYKHEDA),2026-03-06,950.0,Red
PIMPALGAON BASWANT(SAYKHEDA),2026-03-07,930.0,Red
PIMPALGAON BASWANT(SAYKHEDA),2026-03-09,950.0,Red
PIMPALGAON BASWANT(SAYKHEDA),2026-03-10,910.0,Red
PIMPALGAON BASWANT(SAYKHEDA),2026-03-11,900.0,Red
PIMPALGAON BASWANT(SAYKHEDA),2026-03-12,925.0,Red
PIMPALGAON BASWANT(SAYKHEDA),2026-03-13,900.0,Red
PIMPALGAON BASWANT(SAYKHEDA),2026-03-14,940.0,Red
PIMPALGAON BASWANT(SAYKHEDA),2026-03-16,900.0,Red
PIMPALGAON BASWANT(SAYKHEDA),2026-03-17,850.0,Red
PIMPALGAON BASWANT(SAYKHEDA),2026-03-18,875.0,Red
PIMPALGAON BASWANT(SAYKHEDA),2026-03-19,780.0,Red
PIMPALGAON BASWANT(SAYKHEDA),2026-03-20,745.0,Red
PIMPALGAON BASWANT(SAYKHEDA),2026-03-21,821.0,Red
PIMPALGAON BASWANT(SAYKHEDA),2026-03-23,850.0,Red
PIMPALGAON BASWANT(SAYKHEDA),2026-03-24,870.5,Red
PIMPALGAON BASWANT(SAYKHEDA),2026-03-25,770.0,Red
PIMPALGAON BASWANT(SAYKHEDA),2026-03-27,800.0,Red
PIMPALGAON BASWANT(SAYKHEDA),2026-03-28,825.0,Red
PIMPALGAON BASWANT(SAYKHEDA),2026-04-06,1000.0,Other
PIMPALGAON BASWANT(SAYKHEDA),2026-04-07,960.0,Other
PIMPALGAON BASWANT(SAYKHEDA),2026-04-08,1012.5,Other
PIMPALGAON BASWANT(SAYKHEDA),2026-04-09,980.0,Other
PIMPALGAON BASWANT(SAYKHEDA),2026-04-10,1015.0,Other
PIMPALGAON BASWANT(SAYKHEDA),2026-04-11,1000.0,Other
PIMPALGAON BASWANT(SAYKHEDA),2026-04-13,1015.0,Other
PIMPALGAON BASWANT(SAYKHEDA),2026-04-15,975.0,Other
PIMPALGAON BASWANT(SAYKHEDA),2026-04-16,795.0,Other
PIMPALGAON BASWANT(SAYKHEDA),2026-04-18,750.0,Other
PIMPALGAON BASWANT(SAYKHEDA),2026-04-20,825.5,Other
PIMPALGAON BASWANT(SAYKHEDA),2026-04-21,775.0,Other
PIMPALGAON BASWANT(SAYKHEDA),2026-04-22,850.0,Other
PIMPALGAON BASWANT(SAYKHEDA),2026-04-23,900.0,Other
PIMPALGAON BASWANT(SAYKHEDA),2026-04-24,800.0,Other
PIMPALGAON BASWANT(SAYKHEDA),2026-04-25,825.0,Other
PIMPALGAON BASWANT(SAYKHEDA),2026-04-27,850.0,Other
PIMPALGAON BASWANT(SAYKHEDA),2026-04-28,875.0,Other
PIMPALGAON BASWANT(SAYKHEDA),2026-04-29,881.0,Other
PIMPALGAON BASWANT(SAYKHEDA),2026-04-30,850.0,Other
PIMPALGAON BASWANT(SAYKHEDA),2026-05-02,900.0,Other
PIMPALGAON BASWANT(SAYKHEDA),2026-05-04,975.0,Other
PIMPALGAON BASWANT(SAYKHEDA),2026-05-05,980.0,Other
RAHATA,2020-01-03,2900.0,Red
RAHATA,2020-01-07,3700.0,Red
RAHATA,2020-01-10,2900.0,Red
RAHATA,2020-01-14,2900.0,Red
RAHATA,2020-01-17,3400.0,Red
RAHATA,2020-01-21,3400.0,Red
RAHATA,2020-01-24,2900.0,Red
RAHATA,2020-01-28,2000.0,Red
RAHATA,2020-02-04,1700.0,Red
RAHATA,2020-02-11,1600.0,Other
RAHATA,2020-02-18,1700.0,Red
RAHATA,2020-02-21,1600.0,Red
RAHATA,2020-02-25,1600.0,Red
RAHATA,2020-02-28,1600.0,Red
RAHATA,2020-03-03,1200.0,Red
RAHATA,2020-03-06,1500.0,Red
RAHATA,2020-03-10,1500.0,Other
RAHATA,2020-03-13,1400.0,Other
RAHATA,2020-03-17,1200.0,Other
RAHATA,2020-03-24,1200.0,Other
RAHATA,2020-05-08,550.0,Other
RAHATA,2020-05-15,550.0,Other
RAHATA,2020-05-19,550.0,Other
RAHATA,2020-05-22,550.0,Other
RAHATA,2020-05-26,550.0,Other
RAHATA,2020-05-29,500.0,Other
RAHATA,2020-06-08,600.0,Other
RAHATA,2020-06-09,600.0,Other
RAHATA,2020-06-10,600.0,Other
RAHATA,2020-06-11,600.0,Other
RAHATA,2020-06-12,600.0,Other
RAHATA,2020-06-15,650.0,Other
RAHATA,2020-06-16,600.0,Other
RAHATA,2020-06-17,745.0,Other
RAHATA,2020-06-18,600.0,Other
RAHATA,2020-06-19,900.0,Other
RAHATA,2020-06-22,600.0,Other
RAHATA,2020-06-23,650.0,Other
RAHATA,2020-06-24,650.0,Other
RAHATA,2020-06-25,600.0,Other
RAHATA,2020-06-26,600.0,Other
RAHATA,2020-06-29,600.0,Other
RAHATA,2020-06-30,600.0,Other
RAHATA,2020-07-01,750.0,Other
RAHATA,2020-07-02,750.0,Other
RAHATA,2020-07-03,700.0,Other
RAHATA,2020-07-06,700.0,Other
RAHATA,2020-07-07,700.0,Other
RAHATA,2020-07-08,650.0,Other
RAHATA,2020-07-09,650.0,Other
RAHATA,2020-07-10,650.0,Other
RAHATA,2020-07-13,650.0,Other
RAHATA,2020-07-14,650.0,Other
RAHATA,2020-07-20,650.0,Other
RAHATA,2020-07-21,750.0,Other
RAHATA,2020-07-22,650.0,Other
RAHATA,2020-07-23,650.0,Other
RAHATA,2020-07-24,650.0,Other
RAHATA,2020-07-27,650.0,Other
RAHATA,2020-07-28,650.0,Other
RAHATA,2020-07-29,700.0,Other
RAHATA,2020-07-30,650.0,Other
RAHATA,2020-07-31,550.0,Other
RAHATA,2020-08-04,550.0,Other
RAHATA,2020-08-05,550.0,Other
RAHATA,2020-08-06,600.0,Other
RAHATA,2020-08-07,650.0,Other
RAHATA,2020-08-10,650.0,Other
RAHATA,2020-08-11,750.0,Other
RAHATA,2020-08-12,850.0,Other
RAHATA,2020-08-13,950.0,Other
RAHATA,2020-08-14,1150.0,Other
RAHATA,2020-08-17,1150.0,Other
RAHATA,2020-08-18,1250.0,Other
RAHATA,2020-08-19,1750.0,Other
RAHATA,2020-08-20,1450.0,Other
RAHATA,2020-08-21,1450.0,Other
RAHATA,2020-08-24,1150.0,Other
RAHATA,2020-08-25,1150.0,Other
RAHATA,2020-08-27,1650.0,Other
RAHATA,2020-08-28,1650.0,Other
RAHATA,2020-08-31,1550.0,Other
RAHATA,2020-09-01,1550.0,Other
RAHATA,2020-09-02,1650.0,Other
RAHATA,2020-09-03,1850.0,Other
RAHATA,2020-09-04,1950.0,Other
RAHATA,2020-09-07,1650.0,Other
RAHATA,2020-09-08,1650.0,Other
RAHATA,2020-09-09,2150.0,Other
RAHATA,2020-09-10,2150.0,Other
RAHATA,2020-09-11,1950.0,Other
RAHATA,2020-09-14,2650.0,Other
RAHATA,2020-09-15,2150.0,Other
RAHATA,2020-09-16,2150.0,Other
RAHATA,2020-09-17,1950.0,Other
RAHATA,2020-09-18,2150.0,Other
RAHATA,2020-09-21,3750.0,Other
RAHATA,2020-09-22,3450.0,Other
RAHATA,2020-09-23,3450.0,Other
RAHATA,2020-09-24,3050.0,Other
RAHATA,2020-09-25,3250.0,Other
RAHATA,2020-09-28,3250.0,Other
RAHATA,2020-09-29,3250.0,Other
RAHATA,2020-09-30,3250.0,Other
RAHATA,2020-10-01,3150.0,Other
RAHATA,2020-10-05,2650.0,Other
RAHATA,2020-10-06,2750.0,Other
RAHATA,2020-10-07,2950.0,Other
RAHATA,2020-10-08,3050.0,Other
RAHATA,2020-10-09,3250.0,Other
RAHATA,2020-10-12,3850.0,Other
RAHATA,2020-10-13,4750.0,Other
RAHATA,2020-10-14,4650.0,Other
RAHATA,2020-10-15,4950.0,Other
RAHATA,2020-10-28,3950.0,Other
RAHATA,2020-10-29,4150.0,Other
RAHATA,2020-10-30,4250.0,Other
RAHATA,2020-11-02,4950.0,Other
RAHATA,2020-11-03,4350.0,Other
RAHATA,2020-11-04,3950.0,Other
RAHATA,2020-11-05,3750.0,Other
RAHATA,2020-11-06,2950.0,Other
RAHATA,2020-11-10,4250.0,Other
RAHATA,2020-11-11,3950.0,Other
RAHATA,2020-11-13,3450.0,Other
RAHATA,2020-11-16,3750.0,Other
RAHATA,2020-11-17,3750.0,Other
RAHATA,2020-11-18,3950.0,Other
RAHATA,2020-11-19,3750.0,Other
RAHATA,2020-11-20,4150.0,Other
RAHATA,2020-11-23,3350.0,Other
RAHATA,2020-11-24,3450.0,Other
RAHATA,2020-11-25,3450.0,Other
RAHATA,2020-11-26,3550.0,Other
RAHATA,2020-11-27,3550.0,Other
RAHATA,2020-11-30,2950.0,Other
RAHATA,2020-12-01,3350.0,Other
RAHATA,2020-12-02,2900.0,Other
RAHATA,2020-12-03,2350.0,Other
RAHATA,2020-12-04,2150.0,Other
RAHATA,2020-12-09,2450.0,Other
RAHATA,2020-12-10,2450.0,Other
RAHATA,2020-12-14,2950.0,Other
RAHATA,2020-12-15,2750.0,Other
RAHATA,2020-12-16,2450.0,Other
RAHATA,2020-12-17,2150.0,Other
RAHATA,2020-12-18,1550.0,Other
RAHATA,2020-12-21,1650.0,Red
RAHATA,2020-12-22,1750.0,Red
RAHATA,2020-12-23,1750.0,Red
RAHATA,2020-12-24,1750.0,Red
RAHATA,2020-12-25,2150.0,Red
RAHATA,2020-12-29,2150.0,Red
RAHATA,2020-12-30,2150.0,Red
RAHATA,2020-12-31,2250.0,Red
RAHATA,2021-01-01,2250.0,Red
RAHATA,2021-01-04,2250.0,Red
RAHATA,2021-01-05,2350.0,Red
RAHATA,2021-01-06,2250.0,Red
RAHATA,2021-01-14,2350.0,Red
RAHATA,2021-01-15,2100.0,Red
RAHATA,2021-01-18,2450.0,Red
RAHATA,2021-01-20,2450.0,Red
RAHATA,2021-01-21,2450.0,Red
RAHATA,2021-01-22,2350.0,Red
RAHATA,2021-01-25,1750.0,Red
RAHATA,2021-01-27,1750.0,Red
RAHATA,2021-01-28,1950.0,Red
RAHATA,2021-01-29,2250.0,Red
RAHATA,2021-02-01,2950.0,Red
RAHATA,2021-02-02,2850.0,Red
RAHATA,2021-02-03,2850.0,Red
RAHATA,2021-02-04,2550.0,Red
RAHATA,2021-02-10,2950.0,Red
RAHATA,2021-02-11,3150.0,Red
RAHATA,2021-02-12,2950.0,Red
RAHATA,2021-02-15,3050.0,Red
RAHATA,2021-02-16,3150.0,Red
RAHATA,2021-02-17,3150.0,Red
RAHATA,2021-02-18,3250.0,Red
RAHATA,2021-02-19,3350.0,Red
RAHATA,2021-02-22,3350.0,Red
RAHATA,2021-02-23,3050.0,Red
RAHATA,2021-02-24,2950.0,Red
RAHATA,2021-02-25,2550.0,Red
RAHATA,2021-02-26,2150.0,Red
RAHATA,2021-03-01,2050.0,Red
RAHATA,2021-03-02,2250.0,Red
RAHATA,2021-03-03,2150.0,Red
RAHATA,2021-03-04,2150.0,Red
RAHATA,2021-03-05,1950.0,Red
RAHATA,2021-03-08,1300.0,Red
RAHATA,2021-03-09,1150.0,Red
RAHATA,2021-03-10,1150.0,Other
RAHATA,2021-03-12,1050.0,Red
RAHATA,2021-03-16,1150.0,Red
RAHATA,2021-03-22,800.0,Red
RAHATA,2021-03-23,800.0,Red
RAHATA,2021-03-24,900.0,Other
RAHATA,2021-03-26,950.0,Other
RAHATA,2021-03-29,850.0,Other
RAHATA,2021-03-31,850.0,Other
RAHATA,2021-04-02,850.0,Other
RAHATA,2021-04-05,800.0,Other
RAHATA,2021-04-06,750.0,Other
RAHATA,2021-04-07,650.0,Red
RAHATA,2021-04-08,750.0,Other
RAHATA,2021-04-09,700.0,Other
RAHATA,2021-04-12,700.0,Other
RAHATA,2021-04-15,850.0,Other
RAHATA,2021-04-16,750.0,Other
RAHATA,2021-04-19,850.0,Other
RAHATA,2021-04-20,850.0,Other
RAHATA,2021-04-22,950.0,Red
RAHATA,2021-04-23,950.0,Other
RAHATA,2021-04-26,850.0,Other
RAHATA,2021-04-27,850.0,Other
RAHATA,2021-04-28,850.0,Other
RAHATA,2021-04-29,850.0,Other
RAHATA,2021-04-30,950.0,Other
RAHATA,2021-05-03,950.0,Other
RAHATA,2021-05-04,1000.0,Other
RAHATA,2021-05-05,950.0,Other
RAHATA,2021-05-06,950.0,Other
RAHATA,2021-05-07,950.0,Other
RAHATA,2021-05-10,950.0,Other
RAHATA,2021-05-11,950.0,Other
RAHATA,2021-05-12,950.0,Other
RAHATA,2021-05-13,950.0,Other
RAHATA,2021-05-17,950.0,Other
RAHATA,2021-05-18,950.0,Other
RAHATA,2021-06-02,1550.0,Other
RAHATA,2021-06-03,1650.0,Other
RAHATA,2021-06-04,1750.0,Other
RAHATA,2021-06-08,1550.0,Other
RAHATA,2021-06-09,1550.0,Other
RAHATA,2021-06-10,1750.0,Other
RAHATA,2021-06-11,1750.0,Other
RAHATA,2021-06-14,1750.0,Other
RAHATA,2021-06-15,1650.0,Other
RAHATA,2021-06-16,1750.0,Other
RAHATA,2021-06-17,1750.0,Other
RAHATA,2021-06-18,1850.0,Other
RAHATA,2021-06-21,1850.0,Other
RAHATA,2021-06-22,1850.0,Other
RAHATA,2021-06-23,1850.0,Other
RAHATA,2021-06-24,1850.0,Other
RAHATA,2021-06-25,1850.0,Other
RAHATA,2021-06-28,1550.0,Other
RAHATA,2021-06-29,1750.0,Other
RAHATA,2021-06-30,1550.0,Other
RAHATA,2021-07-02,1550.0,Other
RAHATA,2021-07-05,1550.0,Other
RAHATA,2021-07-06,1550.0,Other
RAHATA,2021-07-07,1550.0,Other
RAHATA,2021-07-08,1550.0,Other
RAHATA,2021-07-09,1550.0,Other
RAHATA,2021-07-12,1550.0,Other
RAHATA,2021-07-13,1450.0,Other
RAHATA,2021-07-14,1450.0,Other
RAHATA,2021-07-15,1450.0,Other
RAHATA,2021-07-16,1450.0,Other
RAHATA,2021-07-19,1450.0,Other
RAHATA,2021-07-20,1450.0,Other
RAHATA,2021-07-21,1550.0,Other
RAHATA,2021-07-22,1550.0,Other
RAHATA,2021-07-23,1550.0,Other
RAHATA,2021-07-26,1650.0,Other
RAHATA,2021-07-27,1850.0,Other
RAHATA,2021-07-28,1550.0,Other
RAHATA,2021-07-29,1650.0,Other
RAHATA,2021-07-30,1550.0,Other
RAHATA,2021-08-02,1650.0,Other
RAHATA,2021-08-03,1450.0,Other
RAHATA,2021-08-04,1450.0,Other
RAHATA,2021-08-06,1450.0,Other
RAHATA,2021-08-09,1400.0,Other
RAHATA,2021-08-10,1350.0,Other
RAHATA,2021-08-11,1400.0,Other
RAHATA,2021-08-12,1400.0,Other
RAHATA,2021-08-13,1450.0,Other
RAHATA,2021-08-17,1550.0,Other
RAHATA,2021-08-18,1550.0,Other
RAHATA,2021-08-19,1550.0,Other
RAHATA,2021-08-20,1550.0,Other
RAHATA,2021-08-23,1450.0,Other
RAHATA,2021-08-24,1450.0,Other
RAHATA,2021-08-25,1450.0,Other
RAHATA,2021-08-26,1350.0,Other
RAHATA,2021-08-27,1350.0,Other
RAHATA,2021-08-30,1200.0,Other
RAHATA,2021-08-31,1250.0,Other
RAHATA,2021-09-01,1250.0,Other
RAHATA,2021-09-02,1250.0,Other
RAHATA,2021-09-03,1250.0,Other
RAHATA,2021-09-06,1350.0,Other
RAHATA,2021-09-07,1250.0,Other
RAHATA,2021-09-08,1350.0,Other
RAHATA,2021-09-09,1350.0,Other
RAHATA,2021-09-10,1400.0,Other
RAHATA,2021-09-13,1250.0,Other
RAHATA,2021-09-14,1250.0,Other
RAHATA,2021-09-15,1350.0,Red
RAHATA,2021-09-16,1350.0,Other
RAHATA,2021-09-17,1250.0,Other
RAHATA,2021-09-20,1350.0,Other
RAHATA,2021-09-21,1500.0,Other
RAHATA,2021-09-22,1650.0,Other
RAHATA,2021-09-23,1850.0,Other
RAHATA,2021-09-24,2050.0,Other
RAHATA,2021-09-27,1800.0,Other
RAHATA,2021-09-28,1850.0,Other
RAHATA,2021-09-29,1850.0,Other
RAHATA,2021-09-30,2250.0,Other
RAHATA,2021-10-01,2650.0,Other
RAHATA,2021-10-04,3450.0,Other
RAHATA,2021-10-05,3450.0,Other
RAHATA,2021-10-06,3550.0,Red
RAHATA,2021-10-07,3150.0,Other
RAHATA,2021-10-08,3150.0,Other
RAHATA,2021-10-11,3550.0,Other
RAHATA,2021-10-12,3850.0,Other
RAHATA,2021-10-13,3650.0,Other
RAHATA,2021-10-14,3150.0,Other
RAHATA,2021-10-15,3050.0,Other
RAHATA,2021-10-19,3150.0,Other
RAHATA,2021-10-20,3150.0,Other
RAHATA,2021-10-22,2700.0,Other
RAHATA,2021-10-25,2550.0,Other
RAHATA,2021-10-26,2650.0,Other
RAHATA,2021-10-27,2650.0,Other
RAHATA,2021-10-29,2350.0,Other
RAHATA,2021-11-01,2550.0,Other
RAHATA,2021-11-08,3050.0,Other
RAHATA,2021-11-09,3050.0,Other
RAHATA,2021-11-10,3150.0,Other
RAHATA,2021-11-11,2850.0,Other
RAHATA,2021-11-12,2250.0,Red
RAHATA,2021-11-15,2150.0,Red
RAHATA,2021-11-16,1850.0,Red
RAHATA,2021-11-17,2150.0,Red
RAHATA,2021-11-18,2250.0,Red
RAHATA,2021-11-19,1950.0,Red
RAHATA,2021-11-22,2250.0,Red
RAHATA,2021-11-23,2550.0,Red
RAHATA,2021-11-24,2250.0,Red
RAHATA,2021-11-25,2250.0,Red
RAHATA,2021-11-26,2200.0,Red
RAHATA,2021-11-29,1750.0,Red
RAHATA,2021-11-30,1550.0,Red
RAHATA,2021-12-01,1700.0,Red
RAHATA,2021-12-02,1550.0,Red
RAHATA,2021-12-03,1650.0,Red
RAHATA,2021-12-06,2650.0,Red
RAHATA,2021-12-07,2350.0,Red
RAHATA,2021-12-08,1750.0,Red
RAHATA,2021-12-09,2550.0,Red
RAHATA,2021-12-10,2450.0,Red
RAHATA,2021-12-13,2650.0,Red
RAHATA,2021-12-14,2750.0,Red
RAHATA,2021-12-15,2450.0,Red
RAHATA,2021-12-16,2450.0,Red
RAHATA,2021-12-17,2650.0,Red
RAHATA,2021-12-20,2650.0,Red
RAHATA,2021-12-21,2750.0,Red
RAHATA,2021-12-22,2650.0,Red
RAHATA,2021-12-23,2650.0,Red
RAHATA,2021-12-24,2950.0,Red
RAHATA,2021-12-27,3150.0,Red
RAHATA,2021-12-28,2650.0,Red
RAHATA,2021-12-29,2550.0,Red
RAHATA,2021-12-30,2650.0,Red
RAHATA,2021-12-31,2550.0,Red
RAHATA,2022-01-03,2950.0,Red
RAHATA,2022-01-04,2950.0,Red
RAHATA,2022-01-05,2750.0,Red
RAHATA,2022-01-07,2700.0,Red
RAHATA,2022-01-10,2550.0,Red
RAHATA,2022-01-11,2400.0,Red
RAHATA,2022-01-12,2250.0,Red
RAHATA,2022-01-17,2300.0,Red
RAHATA,2022-01-18,2550.0,Red
RAHATA,2022-01-19,2600.0,Other
RAHATA,2022-01-20,2650.0,Red
RAHATA,2022-01-21,2650.0,Red
RAHATA,2022-01-24,2450.0,Red
RAHATA,2022-01-25,2250.0,Red
RAHATA,2022-01-27,2350.0,Red
RAHATA,2022-01-28,2150.0,Red
RAHATA,2022-02-01,2050.0,Red
RAHATA,2022-02-02,2050.0,Red
RAHATA,2022-02-03,2350.0,Red
RAHATA,2022-02-04,2250.0,Red
RAHATA,2022-02-07,2350.0,Red
RAHATA,2022-02-08,2350.0,Red
RAHATA,2022-02-09,2400.0,Red
RAHATA,2022-02-10,2650.0,Red
RAHATA,2022-02-11,2650.0,Red
RAHATA,2022-02-14,2450.0,Red
RAHATA,2022-02-15,2250.0,Red
RAHATA,2022-02-16,2350.0,Red
RAHATA,2022-02-17,2250.0,Red
RAHATA,2022-02-18,2350.0,Red
RAHATA,2022-02-21,2350.0,Red
RAHATA,2022-02-22,2350.0,Red
RAHATA,2022-02-23,2250.0,Red
RAHATA,2022-02-24,2250.0,Red
RAHATA,2022-02-25,2350.0,Red
RAHATA,2022-02-28,2050.0,Red
RAHATA,2022-03-01,1750.0,Red
RAHATA,2022-03-02,1750.0,Red
RAHATA,2022-03-03,1550.0,Other
RAHATA,2022-03-04,1550.0,Other
RAHATA,2022-03-07,1450.0,Other
RAHATA,2022-03-08,1350.0,Other
RAHATA,2022-03-09,1250.0,Other
RAHATA,2022-03-10,1350.0,Other
RAHATA,2022-03-11,1350.0,Other
RAHATA,2022-03-14,1000.0,Other
RAHATA,2022-03-15,1050.0,Other
RAHATA,2022-03-16,950.0,Other
RAHATA,2022-03-17,950.0,Other
RAHATA,2022-03-21,850.0,Other
RAHATA,2022-03-22,850.0,Other
RAHATA,2022-03-23,850.0,Other
RAHATA,2022-03-24,850.0,Other
RAHATA,2022-03-25,900.0,Other
RAHATA,2022-04-04,900.0,Other
RAHATA,2022-04-05,950.0,Other
RAHATA,2022-04-06,900.0,Other
RAHATA,2022-04-07,850.0,Other
RAHATA,2022-04-08,950.0,Other
RAHATA,2022-04-11,750.0,Other
RAHATA,2022-04-12,750.0,Other
RAHATA,2022-04-13,750.0,Other
RAHATA,2022-04-14,750.0,Other
RAHATA,2022-04-18,750.0,Other
RAHATA,2022-04-19,850.0,Other
RAHATA,2022-04-20,900.0,Other
RAHATA,2022-04-21,900.0,Other
RAHATA,2022-04-22,950.0,Other
RAHATA,2022-04-25,850.0,Other
RAHATA,2022-04-27,850.0,Other
RAHATA,2022-04-28,850.0,Other
RAHATA,2022-04-29,850.0,Other
RAHATA,2022-05-02,850.0,Other
RAHATA,2022-05-03,850.0,Other
RAHATA,2022-05-04,900.0,Other
RAHATA,2022-05-05,900.0,Other
RAHATA,2022-05-06,850.0,Other
RAHATA,2022-05-09,850.0,Other
RAHATA,2022-05-10,750.0,Other
RAHATA,2022-05-11,850.0,Other
RAHATA,2022-05-16,750.0,Other
RAHATA,2022-05-17,750.0,Other
RAHATA,2022-05-18,750.0,Other
RAHATA,2022-05-19,750.0,Other
RAHATA,2022-05-20,750.0,Other
RAHATA,2022-05-24,850.0,Other
RAHATA,2022-05-25,900.0,Other
RAHATA,2022-05-27,1050.0,Other
RAHATA,2022-05-31,1050.0,Other
RAHATA,2022-06-07,1150.0,Other
RAHATA,2022-06-10,1350.0,Other
RAHATA,2022-06-14,1450.0,Other
RAHATA,2022-06-16,800.0,Other
RAHATA,2022-06-17,1050.0,Other
RAHATA,2022-06-20,850.0,Other
RAHATA,2022-06-23,1000.0,Other
RAHATA,2022-06-24,1450.0,Other
RAHATA,2022-06-27,900.0,Other
RAHATA,2022-06-28,1350.0,Other
RAHATA,2022-07-05,1150.0,Other
RAHATA,2022-07-07,1000.0,Other
RAHATA,2022-07-08,1350.0,Other
RAHATA,2022-07-11,1100.0,Other
RAHATA,2022-07-12,1350.0,Other
RAHATA,2022-07-14,1050.0,Other
RAHATA,2022-07-15,1350.0,Other
RAHATA,2022-07-18,900.0,Other
RAHATA,2022-07-19,1150.0,Other
RAHATA,2022-07-21,900.0,Other
RAHATA,2022-07-22,1050.0,Other
RAHATA,2022-07-25,900.0,Other
RAHATA,2022-07-26,1100.0,Other
RAHATA,2022-07-28,950.0,Other
RAHATA,2022-07-29,1150.0,Other
RAHATA,2022-08-02,1150.0,Other
RAHATA,2022-08-04,1000.0,Other
RAHATA,2022-08-05,1150.0,Other
RAHATA,2022-08-08,990.0,Other
RAHATA,2022-08-09,1350.0,Other
RAHATA,2022-08-11,990.0,Other
RAHATA,2022-08-12,1350.0,Other
RAHATA,2022-08-15,950.0,Other
RAHATA,2022-08-16,1250.0,Other
RAHATA,2022-08-18,1100.0,Other
RAHATA,2022-08-19,1350.0,Other
RAHATA,2022-08-23,1350.0,Other
RAHATA,2022-08-25,950.0,Other
RAHATA,2022-08-26,1150.0,Other
RAHATA,2022-08-30,1050.0,Other
RAHATA,2022-09-09,1150.0,Other
RAHATA,2022-09-15,950.0,Other
RAHATA,2022-09-23,1250.0,Other
RAHATA,2022-09-29,1175.0,Other
RAHATA,2022-09-30,1950.0,Other
RAHATA,2022-10-04,1450.0,Other
RAHATA,2022-10-06,1005.0,Other
RAHATA,2022-10-07,1650.0,Other
RAHATA,2022-10-10,1496.0,Other
RAHATA,2022-10-14,1950.0,Other
RAHATA,2022-10-17,1451.0,Other
RAHATA,2022-10-21,1950.0,Other
RAHATA,2022-10-28,2250.0,Other
RAHATA,2022-11-01,2850.0,Other
RAHATA,2022-11-08,2450.0,Other
RAHATA,2022-11-11,2350.0,Other
RAHATA,2022-11-17,1250.0,Other
RAHATA,2022-11-29,1450.0,Other
RAHATA,2022-12-02,1350.0,Other
RAHATA,2022-12-09,1950.0,Red
RAHATA,2022-12-13,1450.0,Red
RAHATA,2022-12-20,1350.0,Other
RAHATA,2022-12-23,1450.0,Other
RAHATA,2023-01-03,1650.0,Other
RAHATA,2023-01-10,1450.0,Other
RAHATA,2023-01-17,1350.0,Other
RAHATA,2023-01-20,1250.0,Other
RAHATA,2023-01-21,1300.0,Other
RAHATA,2023-01-24,1150.0,Other
RAHATA,2023-01-27,950.0,Red
RAHATA,2023-02-03,900.0,Other
RAHATA,2023-02-07,850.0,Other
RAHATA,2023-02-14,750.0,Other
RAHATA,2023-02-17,800.0,Red
RAHATA,2023-02-21,600.0,Other
RAHATA,2023-02-24,550.0,Other
RAHATA,2023-02-28,500.0,Other
RAHATA,2023-03-03,750.0,Other
RAHATA,2023-03-10,900.0,Other
RAHATA,2023-03-14,850.0,Other
RAHATA,2023-03-17,750.0,Other
RAHATA,2023-03-21,750.0,Other
RAHATA,2023-03-24,800.0,Other
RAHATA,2023-03-28,600.0,Other
RAHATA,2023-03-31,650.0,Other
RAHATA,2023-04-08,700.0,Other
RAHATA,2023-04-11,750.0,Other
RAHATA,2023-04-14,750.0,Other
RAHATA,2023-04-18,650.0,Other
RAHATA,2023-04-24,450.0,Other
RAHATA,2023-04-25,650.0,Other
RAHATA,2023-04-27,560.0,Other
RAHATA,2023-04-28,750.0,Other
RAHATA,2023-05-02,650.0,Other
RAHATA,2023-05-04,528.0,Other
RAHATA,2023-05-05,750.0,Other
RAHATA,2023-05-08,550.0,Other
RAHATA,2023-05-11,550.0,Other
RAHATA,2023-05-16,750.0,Other
RAHATA,2023-05-18,450.0,Other
RAHATA,2023-05-25,500.0,Other
RAHATA,2023-05-26,750.0,Other
RAHATA,2023-05-29,375.0,Other
RAHATA,2023-05-30,600.0,Other
RAHATA,2023-06-01,550.0,Other
RAHATA,2023-06-06,950.0,Other
RAHATA,2023-06-08,750.0,Other
RAHATA,2023-06-09,1000.0,Other
RAHATA,2023-06-13,850.0,Other
RAHATA,2023-06-16,900.0,Other
RAHATA,2023-06-19,775.0,Other
RAHATA,2023-06-20,950.0,Other
RAHATA,2023-06-23,950.0,Other
RAHATA,2023-06-26,725.0,Other
RAHATA,2023-06-27,1050.0,Other
RAHATA,2023-06-30,1650.0,Other
RAHATA,2023-07-03,1050.0,Other
RAHATA,2023-07-04,1450.0,Other
RAHATA,2023-07-07,1450.0,Other
RAHATA,2023-07-10,950.0,Other
RAHATA,2023-07-28,1550.0,Other
RAHATA,2023-07-31,800.0,Other
RAHATA,2023-08-01,1700.0,Other
RAHATA,2023-08-04,1850.0,Other
RAHATA,2023-08-08,1600.0,Other
RAHATA,2023-08-11,2000.0,Other
RAHATA,2023-08-15,2350.0,Other
RAHATA,2023-08-18,2150.0,Other
RAHATA,2023-08-22,1900.0,Other
RAHATA,2023-08-25,1750.0,Other
RAHATA,2023-08-29,1750.0,Other
RAHATA,2023-09-05,1900.0,Other
RAHATA,2023-09-12,1850.0,Other
RAHATA,2023-09-15,1750.0,Other
RAHATA,2023-09-19,1900.0,Other
RAHATA,2023-09-22,2050.0,Other
RAHATA,2023-09-26,2250.0,Other
RAHATA,2023-10-03,2150.0,Other
RAHATA,2023-10-06,2150.0,Other
RAHATA,2023-10-10,2550.0,Other
RAHATA,2023-10-13,2200.0,Other
RAHATA,2023-10-17,3350.0,Other
RAHATA,2023-10-24,4050.0,Other
RAHATA,2023-10-27,4950.0,Other
RAHATA,2023-11-03,3500.0,Other
RAHATA,2023-11-07,3200.0,Other
RAHATA,2023-11-17,3000.0,Other
RAHATA,2023-11-24,3300.0,Other
RAHATA,2023-11-28,3700.0,Red
RAHATA,2023-12-05,3500.0,Other
RAHATA,2023-12-08,2950.0,Other
RAHATA,2023-12-12,2550.0,Other
RAHATA,2023-12-15,1950.0,Red
RAHATA,2023-12-19,2000.0,Red
RAHATA,2023-12-22,1750.0,Red
RAHATA,2023-12-26,1400.0,Red
RAHATA,2023-12-29,1650.0,Red
RAHATA,2024-01-02,1900.0,Red
RAHATA,2024-01-05,1750.0,Red
RAHATA,2024-01-09,1750.0,Red
RAHATA,2024-01-12,1500.0,Red
RAHATA,2024-01-16,1550.0,Red
RAHATA,2024-01-23,1050.0,Red
RAHATA,2024-01-30,1050.0,Red
RAHATA,2024-02-06,1150.0,Other
RAHATA,2024-02-09,1050.0,Other
RAHATA,2024-02-13,1050.0,Other
RAHATA,2024-02-16,1000.0,Other
RAHATA,2024-02-20,1300.0,Other
RAHATA,2024-02-23,1250.0,Red
RAHATA,2024-02-27,1700.0,Other
RAHATA,2024-03-01,1600.0,Other
RAHATA,2024-03-05,1500.0,Other
RAHATA,2024-03-08,1550.0,Other
RAHATA,2024-03-12,1550.0,Other
RAHATA,2024-03-15,1200.0,Other
RAHATA,2024-03-19,1200.0,Other
RAHATA,2024-03-22,1100.0,Other
RAHATA,2024-03-26,1300.0,Other
RAHATA,2024-04-02,1200.0,Other
RAHATA,2024-04-05,1150.0,Other
RAHATA,2024-04-09,1300.0,Other
RAHATA,2024-04-19,1100.0,Other
RAHATA,2024-04-26,1200.0,Other
RAHATA,2024-04-30,1200.0,Other
RAHATA,2024-05-03,1200.0,Other
RAHATA,2024-05-07,1650.0,Other
RAHATA,2024-05-10,1450.0,Other
RAHATA,2024-05-14,1550.0,Other
RAHATA,2024-05-17,1500.0,Other
RAHATA,2024-05-21,1500.0,Other
RAHATA,2024-05-24,1500.0,Other
RAHATA,2024-05-28,1700.0,Other
RAHATA,2024-05-31,1800.0,Other
RAHATA,2024-06-04,1900.0,Other
RAHATA,2024-06-07,2200.0,Other
RAHATA,2024-06-14,2500.0,Other
RAHATA,2024-06-18,2400.0,Other
RAHATA,2024-06-21,2550.0,Other
RAHATA,2024-06-25,2450.0,Other
RAHATA,2024-06-28,2450.0,Other
RAHATA,2024-07-02,2650.0,Other
RAHATA,2024-07-05,2700.0,Other
RAHATA,2024-07-09,2600.0,Other
RAHATA,2024-07-12,2650.0,Other
RAHATA,2024-07-16,2700.0,Other
RAHATA,2024-07-19,2350.0,Other
RAHATA,2024-07-23,2450.0,Other
RAHATA,2024-07-26,2400.0,Other
RAHATA,2024-07-30,2400.0,Other
RAHATA,2024-08-02,2450.0,Other
RAHATA,2024-08-06,2600.0,Other
RAHATA,2024-08-09,2900.0,Other
RAHATA,2024-08-13,3050.0,Other
RAHATA,2024-08-16,3000.0,Other
RAHATA,2024-08-20,3000.0,Other
RAHATA,2024-08-23,4000.0,Other
RAHATA,2024-08-27,3500.0,Other
RAHATA,2024-08-30,3250.0,Other
RAHATA,2024-09-03,4250.0,Other
RAHATA,2024-09-06,3700.0,Other
RAHATA,2024-09-10,3700.0,Other
RAHATA,2024-09-13,3700.0,Other
RAHATA,2024-09-17,3850.0,Other
RAHATA,2024-09-20,3825.0,Other
RAHATA,2024-09-24,4350.0,Other
RAHATA,2024-09-27,4150.0,Other
RAHATA,2024-10-01,3450.0,Other
RAHATA,2024-10-04,3950.0,Other
RAHATA,2024-10-11,3550.0,Other
RAHATA,2024-10-15,2950.0,Other
RAHATA,2024-10-18,3700.0,Other
RAHATA,2024-10-22,4200.0,Other
RAHATA,2024-10-25,4300.0,Other
RAHATA,2024-10-29,4250.0,Other
RAHATA,2024-11-12,5400.0,Other
RAHATA,2024-11-19,4500.0,Other
RAHATA,2024-11-22,4750.0,Other
RAHATA,2024-12-06,4750.0,Other
RAHATA,2024-12-10,4250.0,Red
RAHATA,2024-12-13,3350.0,Other
RAHATA,2024-12-20,1850.0,Red
RAHATA,2024-12-27,1850.0,Red
RAHATA,2025-01-07,2250.0,Red
RAHATA,2025-01-10,1750.0,Red
RAHATA,2025-01-17,1850.0,Red
RAHATA,2025-01-21,2200.0,Red
RAHATA,2025-01-24,2300.0,Red
RAHATA,2025-01-28,2100.0,Red
RAHATA,2025-01-31,2100.0,Red
RAHATA,2025-02-04,1900.0,Red
RAHATA,2025-02-07,2300.0,Other
RAHATA,2025-02-14,2350.0,Other
RAHATA,2025-02-18,2400.0,Other
RAHATA,2025-02-21,2200.0,Other
RAHATA,2025-02-25,2150.0,Other
RAHATA,2025-02-28,2100.0,Other
RAHATA,2025-03-04,2050.0,Other
RAHATA,2025-03-07,1900.0,Other
RAHATA,2025-03-11,1050.0,Other
RAHATA,2025-03-14,1350.0,Other
RAHATA,2025-03-18,1350.0,Other
RAHATA,2025-03-21,1300.0,Other
RAHATA,2025-03-25,1350.0,Other
RAHATA,2025-03-28,1250.0,Other
RAHATA,2025-04-04,1150.0,Other
RAHATA,2025-04-08,1175.0,Other
RAHATA,2025-04-11,1050.0,Other
RAHATA,2025-04-15,950.0,Other
RAHATA,2025-04-22,1050.0,Other
RAHATA,2025-04-25,1050.0,Other
RAHATA,2025-04-29,950.0,Other
RAHATA,2025-05-02,1050.0,Other
RAHATA,2025-05-09,1150.0,Other
RAHATA,2025-05-16,1150.0,Other
RAHATA,2025-05-20,1050.0,Other
RAHATA,2025-05-23,900.0,Other
RAHATA,2025-05-27,1250.0,Other
RAHATA,2025-05-30,1350.0,Other
RAHATA,2025-06-03,1250.0,Other
RAHATA,2025-06-06,1350.0,Other
RAHATA,2025-06-10,1450.0,Other
RAHATA,2025-06-13,1550.0,Other
RAHATA,2025-06-17,1450.0,Other
RAHATA,2025-06-20,1650.0,Other
RAHATA,2025-06-24,1500.0,Other
RAHATA,2025-06-27,1400.0,Other
RAHATA,2025-07-01,1325.0,Other
RAHATA,2025-07-04,1450.0,Other
RAHATA,2025-07-08,1300.0,Other
RAHATA,2025-07-15,1200.0,Other
RAHATA,2025-07-18,1300.0,Other
RAHATA,2025-07-22,1300.0,Other
RAHATA,2025-07-25,1100.0,Other
RAHATA,2025-08-01,1300.0,Other
RAHATA,2025-08-05,1250.0,Other
RAHATA,2025-08-08,1300.0,Other
RAHATA,2025-08-12,1300.0,Other
RAHATA,2025-08-15,1750.0,Other
RAHATA,2025-08-19,1650.0,Other
RAHATA,2025-08-22,1650.0,Other
RAHATA,2025-08-26,1100.0,Other
RAHATA,2025-08-29,1150.0,Other
RAHATA,2025-09-02,1150.0,Other
RAHATA,2025-09-05,1225.0,Other
RAHATA,2025-09-09,1200.0,Other
RAHATA,2025-09-12,1050.0,Other
RAHATA,2025-09-16,1150.0,Other
RAHATA,2025-09-19,1150.0,Other
RAHATA,2025-10-03,900.0,Other
RAHATA,2025-10-06,900.0,Other
RAHATA,2025-10-07,950.0,Other
RAHATA,2025-10-13,800.0,Other
RAHATA,2025-10-16,700.0,Other
RAHATA,2025-10-17,1000.0,Other
RAHATA,2025-10-27,800.0,Other
RAHATA,2025-10-28,1300.0,Other
RAHATA,2025-10-31,1400.0,Other
RAHATA,2025-11-04,1500.0,Other
RAHATA,2025-12-09,1850.0,Other
RAHATA,2025-12-12,1850.0,Other
RAHATA,2026-01-13,1350.0,Red
RAHATA,2026-01-20,1500.0,Other
RAHATA,2026-01-23,1550.0,Red
RAHATA,2026-01-27,1350.0,Red
RAHATA,2026-01-30,1350.0,Red
RAHATA,2026-02-03,1050.0,Red
RAHATA,2026-02-06,1050.0,Red
RAHATA,2026-02-10,1250.0,Red
RAHATA,2026-02-13,1200.0,Other
RAHATA,2026-02-17,1150.0,Red
RAHATA,2026-02-20,1150.0,Red
RAHATA,2026-02-27,900.0,Other
RAHATA,2026-03-06,900.0,Other
RAHATA,2026-03-20,900.0,Other
RAHATA,2026-03-24,1000.0,Other
RAHATA,2026-04-03,950.0,Other
RAHATA,2026-04-10,1050.0,Other
RAHATA,2026-04-14,1000.0,Other
RAHATA,2026-04-24,800.0,Other
RAHATA,2026-05-15,600.0,Other
RAHATA,2026-06-05,1300.0,Other
RAHATA,2026-06-11,800.0,Other
RAHATA,2026-06-12,1300.0,Other
RAHATA,2026-06-23,1400.0,Other
RAHATA,2026-06-26,2450.0,Other
RAHATA,2026-06-30,1800.0,Other
RAHATA,2026-07-03,1800.0,Other
RAHATA,2026-07-07,2450.0,Other
RAHATA,2026-07-10,2250.0,Other
RAHATA,2026-07-14,1800.0,Other
RAHATA,2026-07-17,1800.0,Other
SANGAMNER,2020-01-02,3600.0,Red
SANGAMNER,2020-01-07,3250.0,Red
SANGAMNER,2020-01-09,3105.0,Red
SANGAMNER,2020-01-14,3250.0,Red
SANGAMNER,2020-01-16,2750.0,Red
SANGAMNER,2020-01-21,2850.0,Red
SANGAMNER,2020-01-23,2525.0,Red
SANGAMNER,2020-01-28,2100.0,Red
SANGAMNER,2020-01-30,2255.0,Red
SANGAMNER,2020-02-04,1505.0,Red
SANGAMNER,2020-02-06,1356.0,Red
SANGAMNER,2020-02-11,1850.0,Red
SANGAMNER,2020-02-13,1850.0,Red
SANGAMNER,2020-02-18,1600.0,Red
SANGAMNER,2020-02-20,1610.0,Red
SANGAMNER,2020-02-25,1400.0,Red
SANGAMNER,2020-02-27,1855.0,Red
SANGAMNER,2020-03-05,1310.0,Red
SANGAMNER,2020-03-10,1400.0,Red
SANGAMNER,2020-03-12,1400.0,Red
SANGAMNER,2020-03-17,1105.0,Other
SANGAMNER,2020-03-19,1100.0,Other
SANGAMNER,2020-05-07,675.0,Other
SANGAMNER,2020-05-19,450.0,Other
SANGAMNER,2020-05-21,525.0,Other
SANGAMNER,2020-05-26,520.0,Other
SANGAMNER,2020-05-28,550.0,Other
SANGAMNER,2020-06-02,600.0,Other
SANGAMNER,2020-06-04,605.0,Other
SANGAMNER,2020-06-09,662.0,Other
SANGAMNER,2020-06-11,625.0,Other
SANGAMNER,2020-06-16,600.0,Other
SANGAMNER,2020-06-18,625.0,Other
SANGAMNER,2020-06-23,600.0,Other
SANGAMNER,2020-06-25,580.0,Other
SANGAMNER,2020-06-30,650.0,Other
SANGAMNER,2020-07-02,675.0,Other
SANGAMNER,2020-07-07,600.0,Other
SANGAMNER,2020-07-09,575.0,Other
SANGAMNER,2020-07-23,425.0,Other
SANGAMNER,2020-07-24,450.0,Other
SANGAMNER,2020-07-27,400.0,Other
SANGAMNER,2020-07-28,400.0,Other
SANGAMNER,2020-07-29,375.0,Other
SANGAMNER,2020-07-30,425.0,Other
SANGAMNER,2020-07-31,355.0,Other
SANGAMNER,2020-08-03,360.0,Other
SANGAMNER,2020-08-04,425.0,Other
SANGAMNER,2020-08-05,400.0,Other
SANGAMNER,2020-08-06,400.0,Other
SANGAMNER,2020-08-07,525.0,Other
SANGAMNER,2020-08-10,550.0,Other
SANGAMNER,2020-08-11,625.0,Other
SANGAMNER,2020-08-12,655.0,Other
SANGAMNER,2020-08-13,700.0,Other
SANGAMNER,2020-08-14,800.0,Other
SANGAMNER,2020-08-17,900.0,Other
SANGAMNER,2020-08-18,1005.0,Other
SANGAMNER,2020-08-19,1355.0,Other
SANGAMNER,2020-08-20,1055.0,Other
SANGAMNER,2020-08-21,1000.0,Other
SANGAMNER,2020-08-24,875.0,Other
SANGAMNER,2020-08-25,905.0,Other
SANGAMNER,2020-08-26,955.0,Other
SANGAMNER,2020-08-27,1050.0,Other
SANGAMNER,2020-08-28,1100.0,Other
SANGAMNER,2020-08-31,1050.0,Other
SANGAMNER,2020-09-02,1125.0,Other
SANGAMNER,2020-09-03,1400.0,Other
SANGAMNER,2020-09-04,1362.0,Other
SANGAMNER,2020-09-07,1255.0,Other
SANGAMNER,2020-09-08,1350.0,Other
SANGAMNER,2020-09-09,1455.0,Other
SANGAMNER,2020-09-10,1550.0,Other
SANGAMNER,2020-09-11,1550.0,Other
SANGAMNER,2020-09-14,1700.0,Other
SANGAMNER,2020-09-15,1500.0,Other
SANGAMNER,2020-09-16,1475.0,Other
SANGAMNER,2020-09-17,1500.0,Other
SANGAMNER,2020-09-18,1556.0,Other
SANGAMNER,2020-09-21,2850.0,Other
SANGAMNER,2020-09-22,2355.0,Other
SANGAMNER,2020-09-23,2450.0,Other
SANGAMNER,2020-09-24,2350.0,Other
SANGAMNER,2020-09-25,2300.0,Other
SANGAMNER,2020-09-28,2200.0,Other
SANGAMNER,2020-09-29,2100.0,Other
SANGAMNER,2020-09-30,2062.0,Other
SANGAMNER,2020-10-01,2100.0,Other
SANGAMNER,2020-10-05,2075.0,Other
SANGAMNER,2020-10-06,1855.0,Other
SANGAMNER,2020-10-07,1955.0,Other
SANGAMNER,2020-10-08,2000.0,Other
SANGAMNER,2020-10-12,2600.0,Other
SANGAMNER,2020-10-27,3300.0,Other
SANGAMNER,2020-10-28,3300.0,Other
SANGAMNER,2020-10-29,2500.0,Red
SANGAMNER,2020-10-30,2500.0,Red
SANGAMNER,2020-11-02,2500.0,Red
SANGAMNER,2020-11-03,2500.0,Red
SANGAMNER,2020-11-04,2000.0,Red
SANGAMNER,2020-11-05,2250.0,Red
SANGAMNER,2020-11-06,2250.0,Red
SANGAMNER,2020-11-09,2300.0,Red
SANGAMNER,2020-11-10,2250.0,Red
SANGAMNER,2020-11-11,2300.0,Red
SANGAMNER,2020-11-12,2500.0,Red
SANGAMNER,2020-11-18,2500.0,Red
SANGAMNER,2020-11-19,2750.0,Red
SANGAMNER,2020-11-20,2500.0,Red
SANGAMNER,2020-11-23,2750.0,Red
SANGAMNER,2020-11-24,2750.0,Red
SANGAMNER,2020-11-25,2800.0,Red
SANGAMNER,2020-11-26,2800.0,Red
SANGAMNER,2020-11-27,2305.0,Red
SANGAMNER,2020-11-30,2450.0,Red
SANGAMNER,2020-12-01,2256.0,Red
SANGAMNER,2020-12-02,2150.0,Red
SANGAMNER,2020-12-03,2200.0,Red
SANGAMNER,2020-12-04,2000.0,Red
SANGAMNER,2020-12-07,1505.0,Red
SANGAMNER,2020-12-09,2255.0,Red
SANGAMNER,2020-12-10,2250.0,Red
SANGAMNER,2020-12-11,2105.0,Red
SANGAMNER,2020-12-15,2100.0,Red
SANGAMNER,2020-12-16,2000.0,Red
SANGAMNER,2020-12-17,1550.0,Red
SANGAMNER,2020-12-18,1501.0,Red
SANGAMNER,2020-12-21,1550.0,Red
SANGAMNER,2020-12-22,1750.0,Red
SANGAMNER,2020-12-23,1675.0,Red
SANGAMNER,2020-12-24,1650.0,Red
SANGAMNER,2020-12-25,1650.0,Red
SANGAMNER,2020-12-29,1750.0,Red
SANGAMNER,2020-12-30,1600.0,Red
SANGAMNER,2020-12-31,1705.0,Red
SANGAMNER,2021-01-01,1815.0,Red
SANGAMNER,2021-01-04,1750.0,Red
SANGAMNER,2021-01-05,1766.0,Red
SANGAMNER,2021-01-14,2000.0,Red
SANGAMNER,2021-01-15,2100.0,Red
SANGAMNER,2021-01-18,1875.0,Red
SANGAMNER,2021-01-19,2000.0,Red
SANGAMNER,2021-01-20,2000.0,Red
SANGAMNER,2021-01-22,1855.0,Red
SANGAMNER,2021-01-25,1655.0,Red
SANGAMNER,2021-01-26,1600.0,Red
SANGAMNER,2021-01-27,1690.0,Red
SANGAMNER,2021-01-28,1755.0,Red
SANGAMNER,2021-01-29,1825.0,Red
SANGAMNER,2021-02-01,2150.0,Red
SANGAMNER,2021-02-03,2251.0,Red
SANGAMNER,2021-02-04,2200.0,Red
SANGAMNER,2021-02-05,2105.0,Red
SANGAMNER,2021-02-09,2305.0,Red
SANGAMNER,2021-02-10,2400.0,Red
SANGAMNER,2021-02-11,2450.0,Red
SANGAMNER,2021-02-12,2277.0,Red
SANGAMNER,2021-02-15,2355.0,Red
SANGAMNER,2021-02-16,2460.0,Red
SANGAMNER,2021-02-17,2505.0,Red
SANGAMNER,2021-02-18,2450.0,Red
SANGAMNER,2021-02-19,2350.0,Red
SANGAMNER,2021-02-22,2500.0,Red
SANGAMNER,2021-02-23,2300.0,Red
SANGAMNER,2021-02-24,2200.0,Red
SANGAMNER,2021-02-25,1850.0,Red
SANGAMNER,2021-02-26,1700.0,Red
SANGAMNER,2021-03-01,1750.0,Red
SANGAMNER,2021-03-02,1825.0,Red
SANGAMNER,2021-03-03,1750.0,Red
SANGAMNER,2021-03-04,1500.0,Red
SANGAMNER,2021-03-05,1250.0,Red
SANGAMNER,2021-03-08,1000.0,Red
SANGAMNER,2021-03-10,850.0,Red
SANGAMNER,2021-03-11,900.0,Red
SANGAMNER,2021-03-12,900.0,Red
SANGAMNER,2021-03-15,1175.0,Other
SANGAMNER,2021-03-22,950.0,Other
SANGAMNER,2021-03-23,975.0,Other
SANGAMNER,2021-03-24,951.0,Other
SANGAMNER,2021-03-25,950.0,Other
SANGAMNER,2021-03-26,955.0,Other
SANGAMNER,2021-03-29,950.0,Other
SANGAMNER,2021-03-30,925.0,Other
SANGAMNER,2021-03-31,912.0,Other
SANGAMNER,2021-04-01,900.0,Other
SANGAMNER,2021-04-02,900.0,Other
SANGAMNER,2021-04-05,855.0,Other
SANGAMNER,2021-04-06,812.0,Other
SANGAMNER,2021-04-07,655.0,Other
SANGAMNER,2021-04-09,625.0,Other
SANGAMNER,2021-04-12,650.0,Other
SANGAMNER,2021-04-13,700.0,Other
SANGAMNER,2021-04-14,680.0,Other
SANGAMNER,2021-04-15,705.0,Other
SANGAMNER,2021-04-16,725.0,Other
SANGAMNER,2021-04-19,700.0,Other
SANGAMNER,2021-04-20,700.0,Other
SANGAMNER,2021-04-22,750.0,Other
SANGAMNER,2021-04-23,750.0,Other
SANGAMNER,2021-04-26,850.0,Other
SANGAMNER,2021-04-27,825.0,Other
SANGAMNER,2021-04-28,900.0,Other
SANGAMNER,2021-04-29,900.0,Other
SANGAMNER,2021-04-30,875.0,Other
SANGAMNER,2021-05-03,855.0,Other
SANGAMNER,2021-05-04,865.0,Other
SANGAMNER,2021-05-05,850.0,Other
SANGAMNER,2021-05-06,850.0,Other
SANGAMNER,2021-05-07,850.0,Other
SANGAMNER,2021-05-10,832.0,Other
SANGAMNER,2021-05-11,893.0,Other
SANGAMNER,2021-06-01,1312.0,Other
SANGAMNER,2021-06-02,1306.0,Other
SANGAMNER,2021-06-03,1505.0,Other
SANGAMNER,2021-06-04,1273.0,Other
SANGAMNER,2021-06-08,1350.0,Other
SANGAMNER,2021-06-09,1355.0,Other
SANGAMNER,2021-06-10,1355.0,Other
SANGAMNER,2021-06-11,1425.0,Other
SANGAMNER,2021-06-14,1400.0,Other
SANGAMNER,2021-06-15,1150.0,Other
SANGAMNER,2021-06-16,1350.0,Other
SANGAMNER,2021-06-17,1350.0,Other
SANGAMNER,2021-06-18,1375.0,Other
SANGAMNER,2021-06-21,1450.0,Other
SANGAMNER,2021-06-22,1450.0,Other
SANGAMNER,2021-06-23,1450.0,Other
SANGAMNER,2021-06-24,1375.0,Other
SANGAMNER,2021-06-25,1350.0,Other
SANGAMNER,2021-06-28,1300.0,Other
SANGAMNER,2021-06-29,1300.0,Other
SANGAMNER,2021-06-30,1300.0,Other
SANGAMNER,2021-07-02,1325.0,Other
SANGAMNER,2021-07-05,1325.0,Other
SANGAMNER,2021-07-06,1310.0,Other
SANGAMNER,2021-07-07,1300.0,Other
SANGAMNER,2021-07-08,1300.0,Other
SANGAMNER,2021-07-09,1300.0,Other
SANGAMNER,2021-07-12,1300.0,Other
SANGAMNER,2021-07-13,1250.0,Other
SANGAMNER,2021-07-14,1185.0,Other
SANGAMNER,2021-07-15,1250.0,Other
SANGAMNER,2021-07-16,1200.0,Other
SANGAMNER,2021-07-19,1250.0,Other
SANGAMNER,2021-07-20,1205.0,Other
SANGAMNER,2021-07-21,1250.0,Other
SANGAMNER,2021-07-22,1250.0,Other
SANGAMNER,2021-07-23,1250.0,Other
SANGAMNER,2021-07-26,1275.0,Other
SANGAMNER,2021-07-27,1325.0,Other
SANGAMNER,2021-07-28,1362.0,Other
SANGAMNER,2021-07-29,1287.0,Other
SANGAMNER,2021-07-30,1260.0,Other
SANGAMNER,2021-08-02,1255.0,Other
SANGAMNER,2021-08-03,1250.0,Other
SANGAMNER,2021-08-04,1250.0,Other
SANGAMNER,2021-08-06,1350.0,Other
SANGAMNER,2021-08-09,1200.0,Other
SANGAMNER,2021-08-10,1150.0,Other
SANGAMNER,2021-08-11,1175.0,Other
SANGAMNER,2021-08-12,1250.0,Other
SANGAMNER,2021-08-13,1200.0,Other
SANGAMNER,2021-08-16,1250.0,Other
SANGAMNER,2021-08-17,1300.0,Other
SANGAMNER,2021-08-18,1300.0,Other
SANGAMNER,2021-08-20,1300.0,Other
SANGAMNER,2021-08-23,1205.0,Other
SANGAMNER,2021-08-24,1200.0,Other
SANGAMNER,2021-08-25,1200.0,Other
SANGAMNER,2021-08-26,1150.0,Other
SANGAMNER,2021-08-27,1175.0,Other
SANGAMNER,2021-08-30,1115.0,Other
SANGAMNER,2021-08-31,1125.0,Other
SANGAMNER,2021-09-01,1155.0,Other
SANGAMNER,2021-09-02,1150.0,Other
SANGAMNER,2021-09-03,1255.0,Other
SANGAMNER,2021-09-06,1137.0,Other
SANGAMNER,2021-09-07,1162.0,Other
SANGAMNER,2021-09-08,1150.0,Other
SANGAMNER,2021-09-09,1150.0,Other
SANGAMNER,2021-09-10,1165.0,Other
SANGAMNER,2021-09-13,1155.0,Other
SANGAMNER,2021-09-14,1155.0,Other
SANGAMNER,2021-09-15,1150.0,Other
SANGAMNER,2021-09-16,1127.0,Other
SANGAMNER,2021-09-17,1135.0,Other
SANGAMNER,2021-09-20,1250.0,Other
SANGAMNER,2021-09-21,1250.0,Other
SANGAMNER,2021-09-22,1325.0,Other
SANGAMNER,2021-09-23,1400.0,Other
SANGAMNER,2021-09-24,1450.0,Other
SANGAMNER,2021-09-28,1400.0,Other
SANGAMNER,2021-09-29,1500.0,Other
SANGAMNER,2021-09-30,1850.0,Other
SANGAMNER,2021-10-01,1775.0,Other
SANGAMNER,2021-10-04,2250.0,Other
SANGAMNER,2021-10-05,2250.0,Other
SANGAMNER,2021-10-06,2250.0,Other
SANGAMNER,2021-10-07,2075.0,Other
SANGAMNER,2021-10-08,2100.0,Other
SANGAMNER,2021-10-12,2500.0,Other
SANGAMNER,2021-10-13,2300.0,Other
SANGAMNER,2021-10-14,2055.0,Other
SANGAMNER,2021-10-15,2000.0,Other
SANGAMNER,2021-10-18,2100.0,Other
SANGAMNER,2021-10-19,2000.0,Other
SANGAMNER,2021-10-20,2000.0,Other
SANGAMNER,2021-10-21,1900.0,Other
SANGAMNER,2021-10-22,1800.0,Other
SANGAMNER,2021-10-25,1750.0,Other
SANGAMNER,2021-10-26,1750.0,Other
SANGAMNER,2021-10-27,1700.0,Other
SANGAMNER,2021-10-28,1750.0,Other
SANGAMNER,2021-10-29,1650.0,Other
SANGAMNER,2021-11-01,1755.0,Other
SANGAMNER,2021-11-08,2005.0,Other
SANGAMNER,2021-11-09,2250.0,Other
SANGAMNER,2021-11-10,2100.0,Other
SANGAMNER,2021-11-11,2100.0,Other
SANGAMNER,2021-11-12,2000.0,Other
SANGAMNER,2021-11-15,1750.0,Other
SANGAMNER,2021-11-16,1750.0,Red
SANGAMNER,2021-11-17,1625.0,Other
SANGAMNER,2021-11-18,1655.0,Red
SANGAMNER,2021-11-19,1650.0,Red
SANGAMNER,2021-11-22,1800.0,Red
SANGAMNER,2021-11-23,1750.0,Red
SANGAMNER,2021-11-24,1650.0,Red
SANGAMNER,2021-11-25,1750.0,Red
SANGAMNER,2021-11-26,1605.0,Red
SANGAMNER,2021-11-29,1500.0,Red
SANGAMNER,2021-11-30,1400.0,Red
SANGAMNER,2021-12-01,1300.0,Red
SANGAMNER,2021-12-02,1576.0,Red
SANGAMNER,2021-12-03,1100.0,Red
SANGAMNER,2021-12-06,1500.0,Red
SANGAMNER,2021-12-07,1350.0,Red
SANGAMNER,2021-12-08,1505.0,Red
SANGAMNER,2021-12-09,1500.0,Red
SANGAMNER,2021-12-10,1500.0,Red
SANGAMNER,2021-12-13,1801.0,Red
SANGAMNER,2021-12-14,1800.0,Red
SANGAMNER,2021-12-15,1800.0,Red
SANGAMNER,2021-12-16,1750.0,Red
SANGAMNER,2021-12-17,1606.0,Red
SANGAMNER,2021-12-20,1750.0,Red
SANGAMNER,2021-12-21,1800.0,Red
SANGAMNER,2021-12-22,1750.0,Red
SANGAMNER,2021-12-23,1755.0,Red
SANGAMNER,2021-12-24,1805.0,Red
SANGAMNER,2021-12-27,1815.0,Red
SANGAMNER,2021-12-28,1755.0,Red
SANGAMNER,2021-12-29,1800.0,Red
SANGAMNER,2021-12-30,1655.0,Red
SANGAMNER,2021-12-31,1655.0,Red
SANGAMNER,2022-01-03,1750.0,Red
SANGAMNER,2022-01-04,1798.0,Red
SANGAMNER,2022-01-05,1900.0,Red
SANGAMNER,2022-01-06,2050.0,Red
SANGAMNER,2022-01-07,1900.0,Red
SANGAMNER,2022-01-10,1755.0,Red
SANGAMNER,2022-01-11,1655.0,Red
SANGAMNER,2022-01-12,1650.0,Red
SANGAMNER,2022-01-14,1575.0,Red
SANGAMNER,2022-01-17,1650.0,Red
SANGAMNER,2022-01-18,1650.0,Red
SANGAMNER,2022-01-19,1805.0,Red
SANGAMNER,2022-01-20,1755.0,Red
SANGAMNER,2022-01-21,1750.0,Red
SANGAMNER,2022-01-24,1705.0,Red
SANGAMNER,2022-01-25,1650.0,Red
SANGAMNER,2022-01-27,1628.0,Red
SANGAMNER,2022-01-28,1625.0,Red
SANGAMNER,2022-01-31,1625.0,Red
SANGAMNER,2022-02-01,1650.0,Red
SANGAMNER,2022-02-02,1655.0,Red
SANGAMNER,2022-02-03,1600.0,Red
SANGAMNER,2022-02-04,1600.0,Red
SANGAMNER,2022-02-07,1661.0,Red
SANGAMNER,2022-02-08,1755.0,Red
SANGAMNER,2022-02-09,1755.0,Red
SANGAMNER,2022-02-10,1925.0,Red
SANGAMNER,2022-02-11,1825.0,Red
SANGAMNER,2022-02-14,1700.0,Red
SANGAMNER,2022-02-15,1750.0,Red
SANGAMNER,2022-02-16,1700.0,Red
SANGAMNER,2022-02-17,1700.0,Red
SANGAMNER,2022-02-18,1805.0,Red
SANGAMNER,2022-02-21,1800.0,Red
SANGAMNER,2022-02-22,1793.0,Red
SANGAMNER,2022-02-23,1825.0,Red
SANGAMNER,2022-02-24,1805.0,Red
SANGAMNER,2022-02-25,1750.0,Red
SANGAMNER,2022-03-01,1440.0,Red
SANGAMNER,2022-03-02,1455.0,Red
SANGAMNER,2022-03-03,1305.0,Red
SANGAMNER,2022-03-04,1300.0,Red
SANGAMNER,2022-03-07,1250.0,Other
SANGAMNER,2022-03-08,1250.0,Other
SANGAMNER,2022-03-09,1162.0,Other
SANGAMNER,2022-03-10,1055.0,Other
SANGAMNER,2022-03-11,1025.0,Other
SANGAMNER,2022-03-14,900.0,Other
SANGAMNER,2022-03-15,850.0,Other
SANGAMNER,2022-03-16,851.0,Other
SANGAMNER,2022-03-17,825.0,Other
SANGAMNER,2022-03-18,850.0,Other
SANGAMNER,2022-03-21,787.0,Other
SANGAMNER,2022-03-22,765.0,Other
SANGAMNER,2022-03-23,762.0,Other
SANGAMNER,2022-03-24,770.0,Other
SANGAMNER,2022-03-25,755.0,Other
SANGAMNER,2022-03-28,775.0,Other
SANGAMNER,2022-03-29,780.0,Other
SANGAMNER,2022-03-30,825.0,Other
SANGAMNER,2022-03-31,800.0,Other
SANGAMNER,2022-04-01,755.0,Other
SANGAMNER,2022-04-04,750.0,Other
SANGAMNER,2022-04-05,750.0,Other
SANGAMNER,2022-04-06,750.0,Other
SANGAMNER,2022-04-07,775.0,Other
SANGAMNER,2022-04-11,700.0,Other
SANGAMNER,2022-04-12,710.0,Other
SANGAMNER,2022-04-13,725.0,Other
SANGAMNER,2022-04-14,675.0,Other
SANGAMNER,2022-04-15,676.0,Other
SANGAMNER,2022-04-18,775.0,Other
SANGAMNER,2022-04-19,775.0,Other
SANGAMNER,2022-04-20,850.0,Other
SANGAMNER,2022-04-21,800.0,Other
SANGAMNER,2022-04-22,755.0,Other
SANGAMNER,2022-04-25,688.0,Other
SANGAMNER,2022-04-26,700.0,Other
SANGAMNER,2022-04-27,677.0,Other
SANGAMNER,2022-04-28,700.0,Other
SANGAMNER,2022-05-02,693.0,Other
SANGAMNER,2022-05-03,665.0,Other
SANGAMNER,2022-05-04,850.0,Other
SANGAMNER,2022-05-05,850.0,Other
SANGAMNER,2022-05-09,900.0,Other
SANGAMNER,2022-05-10,862.0,Other
SANGAMNER,2022-05-11,855.0,Other
SANGAMNER,2022-05-16,1050.0,Other
SANGAMNER,2022-05-17,901.0,Other
SANGAMNER,2022-05-18,900.0,Other
SANGAMNER,2022-05-19,955.0,Other
SANGAMNER,2022-05-23,500.0,Other
SANGAMNER,2022-05-24,575.0,Other
SANGAMNER,2022-05-25,575.0,Other
SANGAMNER,2022-05-26,550.0,Other
SANGAMNER,2022-05-27,525.0,Other
SANGAMNER,2022-05-30,650.0,Other
SANGAMNER,2022-05-31,650.0,Other
SANGAMNER,2022-06-01,600.0,Other
SANGAMNER,2022-06-07,700.0,Other
SANGAMNER,2022-06-08,650.0,Other
SANGAMNER,2022-06-09,750.0,Other
SANGAMNER,2022-06-10,700.0,Other
SANGAMNER,2022-06-13,775.0,Other
SANGAMNER,2022-06-14,750.0,Other
SANGAMNER,2022-06-17,750.0,Other
SANGAMNER,2022-06-20,750.0,Other
SANGAMNER,2022-06-21,750.0,Other
SANGAMNER,2022-06-22,750.0,Other
SANGAMNER,2022-06-23,850.0,Other
SANGAMNER,2022-06-27,750.0,Other
SANGAMNER,2022-06-28,750.0,Other
SANGAMNER,2022-06-30,750.0,Other
SANGAMNER,2022-07-04,750.0,Other
SANGAMNER,2022-07-05,750.0,Other
SANGAMNER,2022-07-06,750.0,Other
SANGAMNER,2022-07-07,800.0,Other
SANGAMNER,2022-07-08,750.0,Other
SANGAMNER,2022-07-11,750.0,Other
SANGAMNER,2022-07-12,750.0,Other
SANGAMNER,2022-07-13,750.0,Other
SANGAMNER,2022-07-14,750.0,Other
SANGAMNER,2022-07-15,750.0,Other
SANGAMNER,2022-07-18,750.0,Other
SANGAMNER,2022-07-19,750.0,Other
SANGAMNER,2022-07-20,750.0,Other
SANGAMNER,2022-07-21,750.0,Other
SANGAMNER,2022-07-22,700.0,Other
SANGAMNER,2022-07-25,700.0,Other
SANGAMNER,2022-07-26,700.0,Other
SANGAMNER,2022-07-27,750.0,Other
SANGAMNER,2022-07-28,750.0,Other
SANGAMNER,2022-08-01,750.0,Other
SANGAMNER,2022-08-02,700.0,Other
SANGAMNER,2022-08-03,700.0,Other
SANGAMNER,2022-08-04,650.0,Other
SANGAMNER,2022-08-05,750.0,Other
SANGAMNER,2022-08-09,1075.0,Other
SANGAMNER,2022-08-10,750.0,Other
SANGAMNER,2022-08-11,750.0,Other
SANGAMNER,2022-08-12,750.0,Other
SANGAMNER,2022-08-16,750.0,Other
SANGAMNER,2022-08-17,750.0,Other
SANGAMNER,2022-08-18,750.0,Other
SANGAMNER,2022-08-22,750.0,Other
SANGAMNER,2022-08-23,750.0,Other
SANGAMNER,2022-08-24,750.0,Other
SANGAMNER,2022-08-25,750.0,Other
SANGAMNER,2022-08-26,750.0,Other
SANGAMNER,2022-08-30,750.0,Other
SANGAMNER,2022-09-02,750.0,Other
SANGAMNER,2022-09-06,750.0,Other
SANGAMNER,2022-09-07,750.0,Other
SANGAMNER,2022-09-08,750.0,Other
SANGAMNER,2022-09-14,750.0,Other
SANGAMNER,2022-09-15,750.0,Other
SANGAMNER,2022-09-21,750.0,Other
SANGAMNER,2022-09-23,750.0,Other
SANGAMNER,2022-09-27,750.0,Other
SANGAMNER,2022-09-28,750.0,Other
SANGAMNER,2022-09-29,850.0,Other
SANGAMNER,2022-09-30,750.0,Other
SANGAMNER,2022-10-04,750.0,Other
SANGAMNER,2022-10-05,750.0,Other
SANGAMNER,2022-10-06,750.0,Other
SANGAMNER,2022-10-10,750.0,Other
SANGAMNER,2022-10-12,750.0,Other
SANGAMNER,2022-10-13,750.0,Other
SANGAMNER,2022-10-14,750.0,Other
SANGAMNER,2022-10-17,750.0,Other
SANGAMNER,2022-10-18,750.0,Other
SANGAMNER,2022-10-19,750.0,Other
SANGAMNER,2022-10-20,750.0,Other
SANGAMNER,2022-10-21,750.0,Other
SANGAMNER,2022-10-28,2750.0,Red
SANGAMNER,2022-10-31,2750.0,Red
SANGAMNER,2022-11-01,1000.0,Other
SANGAMNER,2022-11-02,1000.0,Other
SANGAMNER,2022-11-03,1000.0,Other
SANGAMNER,2022-11-04,1000.0,Other
SANGAMNER,2022-11-07,1000.0,Other
SANGAMNER,2022-11-08,750.0,Other
SANGAMNER,2022-11-09,750.0,Other
SANGAMNER,2022-11-10,2000.0,Red
SANGAMNER,2022-11-11,1775.0,Red
SANGAMNER,2022-11-15,1805.0,Red
SANGAMNER,2022-11-16,1750.0,Red
SANGAMNER,2022-11-17,1605.0,Red
SANGAMNER,2022-11-18,1500.0,Red
SANGAMNER,2022-11-22,1775.0,Red
SANGAMNER,2022-11-23,1650.0,Red
SANGAMNER,2022-11-29,1505.0,Red
SANGAMNER,2022-11-30,1575.0,Red
SANGAMNER,2022-12-02,1525.0,Red
SANGAMNER,2022-12-08,1350.0,Red
SANGAMNER,2022-12-09,1350.0,Red
SANGAMNER,2022-12-12,1201.0,Red
SANGAMNER,2022-12-13,1205.0,Red
SANGAMNER,2022-12-14,1250.0,Red
SANGAMNER,2022-12-15,1250.0,Red
SANGAMNER,2022-12-16,1263.0,Red
SANGAMNER,2022-12-19,1361.0,Red
SANGAMNER,2022-12-20,1400.0,Red
SANGAMNER,2022-12-21,1475.0,Red
SANGAMNER,2022-12-22,1480.0,Red
SANGAMNER,2022-12-23,1455.0,Red
SANGAMNER,2022-12-27,1400.0,Red
SANGAMNER,2022-12-28,1325.0,Red
SANGAMNER,2022-12-29,1400.0,Red
SANGAMNER,2022-12-30,1255.0,Red
SANGAMNER,2023-01-04,1305.0,Red
SANGAMNER,2023-01-11,1200.0,Red
SANGAMNER,2023-01-12,1250.0,Red
SANGAMNER,2023-01-17,1350.0,Red
SANGAMNER,2023-01-23,1175.0,Red
SANGAMNER,2023-01-24,1155.0,Red
SANGAMNER,2023-01-25,1156.0,Red
SANGAMNER,2023-01-26,1032.0,Red
SANGAMNER,2023-01-27,1050.0,Red
SANGAMNER,2023-01-30,1025.0,Red
SANGAMNER,2023-01-31,975.0,Red
SANGAMNER,2023-02-01,950.0,Red
SANGAMNER,2023-02-02,955.0,Red
SANGAMNER,2023-02-03,1050.0,Red
SANGAMNER,2023-02-06,1026.0,Red
SANGAMNER,2023-02-07,1025.0,Red
SANGAMNER,2023-02-08,1025.0,Red
SANGAMNER,2023-02-09,937.0,Red
SANGAMNER,2023-02-10,937.0,Red
SANGAMNER,2023-02-13,950.0,Red
SANGAMNER,2023-02-14,843.0,Red
SANGAMNER,2023-02-15,875.0,Red
SANGAMNER,2023-02-16,805.0,Red
SANGAMNER,2023-02-17,750.0,Red
SANGAMNER,2023-02-20,805.0,Red
SANGAMNER,2023-02-21,800.0,Red
SANGAMNER,2023-02-22,806.0,Red
SANGAMNER,2023-02-23,800.0,Red
SANGAMNER,2023-02-24,825.0,Red
SANGAMNER,2023-02-27,762.0,Red
SANGAMNER,2023-03-01,826.0,Red
SANGAMNER,2023-03-02,850.0,Red
SANGAMNER,2023-03-03,756.0,Red
SANGAMNER,2023-03-06,905.0,Red
SANGAMNER,2023-03-07,1025.0,Red
SANGAMNER,2023-03-08,975.0,Red
SANGAMNER,2023-03-09,855.0,Red
SANGAMNER,2023-03-10,860.0,Red
SANGAMNER,2023-03-14,830.0,Red
SANGAMNER,2023-03-15,763.0,Red
SANGAMNER,2023-03-16,925.0,Red
SANGAMNER,2023-03-17,775.0,Red
SANGAMNER,2023-03-20,750.0,Red
SANGAMNER,2023-03-21,750.0,Red
SANGAMNER,2023-03-22,725.0,Red
SANGAMNER,2023-03-23,751.0,Red
SANGAMNER,2023-03-24,705.0,Red
SANGAMNER,2023-03-27,700.0,Red
SANGAMNER,2023-03-28,675.0,Red
SANGAMNER,2023-03-29,650.0,Other
SANGAMNER,2023-03-30,750.0,Other
SANGAMNER,2023-03-31,700.0,Other
SANGAMNER,2023-04-06,700.0,Other
SANGAMNER,2023-04-07,675.0,Other
SANGAMNER,2023-04-10,650.0,Other
SANGAMNER,2023-04-11,650.0,Other
SANGAMNER,2023-04-12,650.0,Other
SANGAMNER,2023-04-13,606.0,Other
SANGAMNER,2023-04-14,651.0,Other
SANGAMNER,2023-04-17,662.0,Other
SANGAMNER,2023-04-18,600.0,Other
SANGAMNER,2023-04-19,600.0,Other
SANGAMNER,2023-04-20,600.0,Other
SANGAMNER,2023-04-21,625.0,Other
SANGAMNER,2023-04-24,600.0,Other
SANGAMNER,2023-04-25,600.0,Other
SANGAMNER,2023-04-26,600.0,Other
SANGAMNER,2023-04-27,605.0,Other
SANGAMNER,2023-05-02,587.0,Other
SANGAMNER,2023-05-03,600.0,Other
SANGAMNER,2023-05-04,650.0,Other
SANGAMNER,2023-05-05,650.0,Other
SANGAMNER,2023-05-08,650.0,Other
SANGAMNER,2023-05-09,700.0,Other
SANGAMNER,2023-05-10,625.0,Other
SANGAMNER,2023-05-11,600.0,Other
SANGAMNER,2023-05-12,575.0,Other
SANGAMNER,2023-05-15,550.0,Other
SANGAMNER,2023-05-16,575.0,Other
SANGAMNER,2023-05-17,605.0,Other
SANGAMNER,2023-05-18,575.0,Other
SANGAMNER,2023-05-19,575.0,Other
SANGAMNER,2023-05-22,600.0,Other
SANGAMNER,2023-05-23,725.0,Other
SANGAMNER,2023-05-24,775.0,Other
SANGAMNER,2023-05-25,725.0,Other
SANGAMNER,2023-05-26,701.0,Other
SANGAMNER,2023-05-29,712.0,Other
SANGAMNER,2023-05-31,700.0,Other
SANGAMNER,2023-06-01,775.0,Other
SANGAMNER,2023-06-02,782.0,Other
SANGAMNER,2023-06-05,800.0,Other
SANGAMNER,2023-06-06,725.0,Other
SANGAMNER,2023-06-07,850.0,Other
SANGAMNER,2023-06-08,805.0,Other
SANGAMNER,2023-06-09,887.0,Other
SANGAMNER,2023-06-12,850.0,Other
SANGAMNER,2023-06-13,900.0,Other
SANGAMNER,2023-06-14,800.0,Other
SANGAMNER,2023-06-15,800.0,Other
SANGAMNER,2023-06-16,825.0,Other
SANGAMNER,2023-06-19,850.0,Other
SANGAMNER,2023-06-20,1000.0,Other
SANGAMNER,2023-06-21,950.0,Other
SANGAMNER,2023-06-22,788.0,Other
SANGAMNER,2023-06-23,837.0,Other
SANGAMNER,2023-06-26,875.0,Other
SANGAMNER,2023-06-27,1050.0,Other
SANGAMNER,2023-06-28,1100.0,Other
SANGAMNER,2023-06-29,1350.0,Other
SANGAMNER,2023-06-30,1400.0,Other
SANGAMNER,2023-07-03,1500.0,Other
SANGAMNER,2023-07-04,1600.0,Other
SANGAMNER,2023-07-05,1225.0,Other
SANGAMNER,2023-07-06,1450.0,Other
SANGAMNER,2023-07-07,1400.0,Other
SANGAMNER,2023-07-10,975.0,Other
SANGAMNER,2023-07-11,976.0,Other
SANGAMNER,2023-07-12,900.0,Other
SANGAMNER,2023-07-13,881.0,Other
SANGAMNER,2023-07-14,1105.0,Other
SANGAMNER,2023-07-17,1200.0,Other
SANGAMNER,2023-07-18,1025.0,Other
SANGAMNER,2023-07-19,1000.0,Other
SANGAMNER,2023-07-20,1105.0,Other
SANGAMNER,2023-07-21,975.0,Other
SANGAMNER,2023-07-24,976.0,Other
SANGAMNER,2023-07-25,1000.0,Other
SANGAMNER,2023-07-26,955.0,Other
SANGAMNER,2023-07-27,912.0,Other
SANGAMNER,2023-07-28,1150.0,Other
SANGAMNER,2023-07-31,1250.0,Other
SANGAMNER,2023-08-01,1000.0,Other
SANGAMNER,2023-08-02,1000.0,Other
SANGAMNER,2023-08-03,1000.0,Other
SANGAMNER,2023-08-04,1175.0,Other
SANGAMNER,2023-08-07,1400.0,Other
SANGAMNER,2023-08-08,1400.0,Other
SANGAMNER,2023-08-09,1250.0,Other
SANGAMNER,2023-08-10,800.0,Other
SANGAMNER,2023-08-11,1500.0,Other
SANGAMNER,2023-08-14,1700.0,Other
SANGAMNER,2023-08-16,1500.0,Other
SANGAMNER,2023-08-17,1632.0,Other
SANGAMNER,2023-08-18,1405.0,Other
SANGAMNER,2023-08-21,1405.0,Other
SANGAMNER,2023-08-22,1400.0,Other
SANGAMNER,2023-08-23,1600.0,Other
SANGAMNER,2023-08-24,1400.0,Other
SANGAMNER,2023-08-25,1400.0,Other
SANGAMNER,2023-08-28,1355.0,Other
SANGAMNER,2023-08-29,1400.0,Other
SANGAMNER,2023-08-31,1355.0,Other
SANGAMNER,2023-09-01,1675.0,Other
SANGAMNER,2023-09-04,2325.0,Other
SANGAMNER,2023-09-05,1400.0,Other
SANGAMNER,2023-09-06,1365.0,Other
SANGAMNER,2023-09-11,1350.0,Other
SANGAMNER,2023-09-12,1325.0,Other
SANGAMNER,2023-09-13,1305.0,Other
SANGAMNER,2023-09-14,1275.0,Other
SANGAMNER,2023-09-15,1275.0,Other
SANGAMNER,2023-09-18,1265.0,Other
SANGAMNER,2023-09-19,1300.0,Other
SANGAMNER,2023-09-20,1362.0,Other
SANGAMNER,2023-09-21,1355.0,Other
SANGAMNER,2023-09-22,1375.0,Other
SANGAMNER,2023-09-26,1425.0,Other
SANGAMNER,2023-09-27,1450.0,Other
SANGAMNER,2023-09-29,1405.0,Other
SANGAMNER,2023-10-04,1305.0,Other
SANGAMNER,2023-10-05,1400.0,Other
SANGAMNER,2023-10-06,1405.0,Other
SANGAMNER,2023-10-09,1450.0,Other
SANGAMNER,2023-10-10,1450.0,Other
SANGAMNER,2023-10-11,1600.0,Other
SANGAMNER,2023-10-12,1600.0,Other
SANGAMNER,2023-10-16,2005.0,Other
SANGAMNER,2023-10-17,2255.0,Other
SANGAMNER,2023-10-18,2200.0,Other
SANGAMNER,2023-10-19,2155.0,Other
SANGAMNER,2023-10-20,2100.0,Other
SANGAMNER,2023-10-23,2440.0,Other
SANGAMNER,2023-10-25,3000.0,Other
SANGAMNER,2023-10-26,3255.0,Other
SANGAMNER,2023-10-27,3300.0,Other
SANGAMNER,2023-10-30,2905.0,Other
SANGAMNER,2023-10-31,2650.0,Other
SANGAMNER,2023-11-01,2655.0,Other
SANGAMNER,2023-11-03,2650.0,Other
SANGAMNER,2023-11-06,2425.0,Other
SANGAMNER,2023-11-07,2525.0,Other
SANGAMNER,2023-11-08,2475.0,Other
SANGAMNER,2023-11-09,2750.0,Other
SANGAMNER,2023-11-20,2625.0,Red
SANGAMNER,2023-11-21,2655.0,Red
SANGAMNER,2023-11-22,2450.0,Red
SANGAMNER,2023-11-23,2455.0,Red
SANGAMNER,2023-11-24,1900.0,Red
SANGAMNER,2023-11-27,3306.0,Red
SANGAMNER,2023-11-28,2655.0,Red
SANGAMNER,2023-11-29,2550.0,Red
SANGAMNER,2023-11-30,2550.0,Red
SANGAMNER,2023-12-04,2550.0,Red
SANGAMNER,2023-12-05,2600.0,Red
SANGAMNER,2023-12-06,2500.0,Red
SANGAMNER,2023-12-07,3875.0,Red
SANGAMNER,2023-12-08,1930.0,Red
SANGAMNER,2023-12-12,1750.0,Red
SANGAMNER,2023-12-13,1750.0,Red
SANGAMNER,2023-12-15,1705.0,Red
SANGAMNER,2023-12-18,1625.0,Red
SANGAMNER,2023-12-19,1650.0,Red
SANGAMNER,2023-12-20,1650.0,Red
SANGAMNER,2023-12-21,1400.0,Red
SANGAMNER,2023-12-22,1405.0,Red
SANGAMNER,2023-12-25,1275.0,Red
SANGAMNER,2023-12-26,1205.0,Red
SANGAMNER,2023-12-27,1255.0,Red
SANGAMNER,2023-12-28,1261.0,Red
SANGAMNER,2023-12-29,1205.0,Red
SANGAMNER,2024-01-01,1400.0,Red
SANGAMNER,2024-01-02,1412.0,Red
SANGAMNER,2024-01-03,1450.0,Red
SANGAMNER,2024-01-04,1350.0,Red
SANGAMNER,2024-01-05,1300.0,Red
SANGAMNER,2024-01-08,1300.0,Red
SANGAMNER,2024-01-09,1300.0,Red
SANGAMNER,2024-01-10,1250.0,Red
SANGAMNER,2024-01-11,1350.0,Red
SANGAMNER,2024-01-12,1250.0,Red
SANGAMNER,2024-01-15,1160.0,Red
SANGAMNER,2024-01-16,1100.0,Red
SANGAMNER,2024-01-17,1100.0,Red
SANGAMNER,2024-01-18,1000.0,Red
SANGAMNER,2024-01-19,1026.0,Red
SANGAMNER,2024-01-23,950.0,Red
SANGAMNER,2024-01-24,1000.0,Red
SANGAMNER,2024-01-25,801.0,Red
SANGAMNER,2024-01-29,856.0,Red
SANGAMNER,2024-01-30,850.0,Red
SANGAMNER,2024-01-31,1050.0,Red
SANGAMNER,2024-02-01,1050.0,Red
SANGAMNER,2024-02-02,980.0,Red
SANGAMNER,2024-02-05,975.0,Red
SANGAMNER,2024-02-06,925.0,Red
SANGAMNER,2024-02-07,830.0,Red
SANGAMNER,2024-02-08,851.0,Red
SANGAMNER,2024-02-09,825.0,Red
SANGAMNER,2024-02-12,875.0,Red
SANGAMNER,2024-02-13,992.0,Red
SANGAMNER,2024-02-14,981.0,Red
SANGAMNER,2024-02-15,1075.0,Red
SANGAMNER,2024-02-16,1005.0,Red
SANGAMNER,2024-02-19,1305.0,Red
SANGAMNER,2024-02-20,1350.0,Red
SANGAMNER,2024-02-21,1050.0,Red
SANGAMNER,2024-02-22,1125.0,Red
SANGAMNER,2024-02-23,1325.0,Red
SANGAMNER,2024-02-26,1325.0,Red
SANGAMNER,2024-02-27,1225.0,Red
SANGAMNER,2024-02-28,1275.0,Red
SANGAMNER,2024-02-29,1175.0,Red
SANGAMNER,2024-03-01,1125.0,Red
SANGAMNER,2024-03-04,1200.0,Red
SANGAMNER,2024-03-05,1125.0,Red
SANGAMNER,2024-03-06,1150.0,Red
SANGAMNER,2024-03-07,1100.0,Red
SANGAMNER,2024-03-08,1100.0,Red
SANGAMNER,2024-03-11,1025.0,Red
SANGAMNER,2024-03-12,1100.0,Red
SANGAMNER,2024-03-13,875.0,Red
SANGAMNER,2024-03-14,800.0,Red
SANGAMNER,2024-03-15,800.0,Red
SANGAMNER,2024-03-18,750.0,Red
SANGAMNER,2024-03-19,650.0,Red
SANGAMNER,2024-03-20,650.0,Red
SANGAMNER,2024-03-21,825.0,Other
SANGAMNER,2024-03-22,775.0,Other
SANGAMNER,2024-03-25,855.0,Other
SANGAMNER,2024-03-26,931.0,Other
SANGAMNER,2024-03-27,975.0,Other
SANGAMNER,2024-03-28,950.0,Other
SANGAMNER,2024-03-29,925.0,Other
SANGAMNER,2024-04-01,925.0,Other
SANGAMNER,2024-04-02,925.0,Other
SANGAMNER,2024-04-03,930.0,Other
SANGAMNER,2024-04-05,975.0,Other
SANGAMNER,2024-04-08,850.0,Other
SANGAMNER,2024-04-15,843.0,Other
SANGAMNER,2024-04-19,975.0,Other
SANGAMNER,2024-04-22,900.0,Other
SANGAMNER,2024-04-23,1100.0,Other
SANGAMNER,2024-04-24,875.0,Other
SANGAMNER,2024-04-25,900.0,Other
SANGAMNER,2024-04-26,925.0,Other
SANGAMNER,2024-04-29,900.0,Other
SANGAMNER,2024-04-30,937.0,Other
SANGAMNER,2024-05-02,950.0,Other
SANGAMNER,2024-05-03,1100.0,Other
SANGAMNER,2024-05-04,1961.0,Other
SANGAMNER,2024-05-06,1300.0,Other
SANGAMNER,2024-05-07,1150.0,Other
SANGAMNER,2024-05-08,1100.0,Other
SANGAMNER,2024-05-09,1000.0,Other
SANGAMNER,2024-05-10,1050.0,Other
SANGAMNER,2024-05-14,1075.0,Other
SANGAMNER,2024-05-15,1150.0,Other
SANGAMNER,2024-05-16,1100.0,Other
SANGAMNER,2024-05-17,1225.0,Other
SANGAMNER,2024-05-20,1150.0,Other
SANGAMNER,2024-05-21,1150.0,Other
SANGAMNER,2024-05-22,1200.0,Other
SANGAMNER,2024-05-23,1150.0,Other
SANGAMNER,2024-05-24,1105.0,Other
SANGAMNER,2024-05-27,1555.0,Other
SANGAMNER,2024-05-28,1575.0,Other
SANGAMNER,2024-05-29,1605.0,Other
SANGAMNER,2024-05-30,1555.0,Other
SANGAMNER,2024-05-31,1650.0,Other
SANGAMNER,2024-06-03,1400.0,Other
SANGAMNER,2024-06-04,1400.0,Other
SANGAMNER,2024-06-05,1512.0,Other
SANGAMNER,2024-06-06,1655.0,Other
SANGAMNER,2024-06-07,1625.0,Other
SANGAMNER,2024-06-10,1950.0,Other
SANGAMNER,2024-06-11,1800.0,Other
SANGAMNER,2024-06-12,1850.0,Other
SANGAMNER,2024-06-13,1600.0,Other
SANGAMNER,2024-06-14,1600.0,Other
SANGAMNER,2024-06-17,1816.0,Other
SANGAMNER,2024-06-18,1900.0,Other
SANGAMNER,2024-06-19,2055.0,Other
SANGAMNER,2024-06-20,2000.0,Other
SANGAMNER,2024-06-21,1925.0,Other
SANGAMNER,2024-06-24,1917.0,Other
SANGAMNER,2024-06-25,1806.0,Other
SANGAMNER,2024-06-26,1806.0,Other
SANGAMNER,2024-06-27,1811.0,Other
SANGAMNER,2024-06-28,1900.0,Other
SANGAMNER,2024-07-01,1900.0,Other
SANGAMNER,2024-07-02,2056.0,Other
SANGAMNER,2024-07-03,2000.0,Other
SANGAMNER,2024-07-04,1850.0,Other
SANGAMNER,2024-07-05,1867.0,Other
SANGAMNER,2024-07-08,1800.0,Other
SANGAMNER,2024-07-09,1905.0,Other
SANGAMNER,2024-07-10,1650.0,Other
SANGAMNER,2024-07-11,1800.0,Other
SANGAMNER,2024-07-12,1816.0,Other
SANGAMNER,2024-07-15,1763.0,Other
SANGAMNER,2024-07-16,1826.0,Other
SANGAMNER,2024-07-17,1875.0,Other
SANGAMNER,2024-07-18,1755.0,Other
SANGAMNER,2024-07-19,1700.0,Other
SANGAMNER,2024-07-22,1700.0,Other
SANGAMNER,2024-07-23,1650.0,Other
SANGAMNER,2024-07-24,1750.0,Other
SANGAMNER,2024-07-25,1650.0,Other
SANGAMNER,2024-07-26,1800.0,Other
SANGAMNER,2024-07-29,1975.0,Other
SANGAMNER,2024-07-30,1678.0,Other
SANGAMNER,2024-07-31,1750.0,Other
SANGAMNER,2024-08-01,1750.0,Other
SANGAMNER,2024-08-02,1750.0,Other
SANGAMNER,2024-08-05,1775.0,Other
SANGAMNER,2024-08-06,1815.0,Other
SANGAMNER,2024-08-07,1866.0,Other
SANGAMNER,2024-08-08,2155.0,Other
SANGAMNER,2024-08-09,2300.0,Other
SANGAMNER,2024-08-10,2000.0,Other
SANGAMNER,2024-08-12,2750.0,Other
SANGAMNER,2024-08-13,2650.0,Other
SANGAMNER,2024-08-14,2750.0,Other
SANGAMNER,2024-08-16,2900.0,Other
SANGAMNER,2024-08-19,2650.0,Other
SANGAMNER,2024-08-21,3155.0,Other
SANGAMNER,2024-08-22,3250.0,Other
SANGAMNER,2024-08-23,3005.0,Other
SANGAMNER,2024-08-26,2500.0,Other
SANGAMNER,2024-08-27,2800.0,Other
SANGAMNER,2024-08-28,2725.0,Other
SANGAMNER,2024-08-29,2850.0,Other
SANGAMNER,2024-09-02,3050.0,Other
SANGAMNER,2024-09-04,3500.0,Other
SANGAMNER,2024-09-09,3000.0,Other
SANGAMNER,2024-09-10,2950.0,Other
SANGAMNER,2024-09-11,3000.0,Other
SANGAMNER,2024-09-12,2950.0,Other
SANGAMNER,2024-09-13,3105.0,Other
SANGAMNER,2024-09-16,3405.0,Other
SANGAMNER,2024-09-18,3250.0,Other
SANGAMNER,2024-09-19,3200.0,Other
SANGAMNER,2024-09-20,2855.0,Red
SANGAMNER,2024-09-23,3150.0,Red
SANGAMNER,2024-09-24,2750.0,Red
SANGAMNER,2024-09-26,2700.0,Red
SANGAMNER,2024-09-27,2650.0,Red
SANGAMNER,2024-09-30,2600.0,Red
SANGAMNER,2024-10-01,2625.0,Red
SANGAMNER,2024-10-02,2700.0,Red
SANGAMNER,2024-10-03,3055.0,Red
SANGAMNER,2024-10-04,2750.0,Red
SANGAMNER,2024-10-07,2750.0,Red
SANGAMNER,2024-10-09,2700.0,Red
SANGAMNER,2024-10-10,3350.0,Red
SANGAMNER,2024-10-11,2750.0,Red
SANGAMNER,2024-10-14,2800.0,Red
SANGAMNER,2024-10-15,2755.0,Red
SANGAMNER,2024-10-16,3155.0,Red
SANGAMNER,2024-10-17,3250.0,Red
SANGAMNER,2024-10-18,2825.0,Red
SANGAMNER,2024-10-21,2875.0,Red
SANGAMNER,2024-10-22,3301.0,Red
SANGAMNER,2024-10-23,2782.0,Red
SANGAMNER,2024-10-24,2855.0,Red
SANGAMNER,2024-10-25,2955.0,Red
SANGAMNER,2024-10-28,2425.0,Red
SANGAMNER,2024-10-29,2805.0,Red
SANGAMNER,2024-10-30,2625.0,Red
SANGAMNER,2024-10-31,2900.0,Red
SANGAMNER,2024-11-07,3750.0,Red
SANGAMNER,2024-11-08,3650.0,Red
SANGAMNER,2024-11-11,3225.0,Red
SANGAMNER,2024-11-12,3620.0,Red
SANGAMNER,2024-11-13,3350.0,Red
SANGAMNER,2024-11-14,3351.0,Red
SANGAMNER,2024-11-15,3500.0,Red
SANGAMNER,2024-11-18,1225.0,Red
SANGAMNER,2024-11-19,3500.0,Red
SANGAMNER,2024-11-21,3476.0,Red
SANGAMNER,2024-11-22,3405.0,Red
SANGAMNER,2024-11-25,3600.0,Red
SANGAMNER,2024-11-26,3500.0,Red
SANGAMNER,2024-11-27,3550.0,Red
SANGAMNER,2024-11-28,3600.0,Red
SANGAMNER,2024-12-02,3405.0,Red
SANGAMNER,2024-12-03,3550.0,Red
SANGAMNER,2024-12-04,3500.0,Red
SANGAMNER,2024-12-05,3750.0,Red
SANGAMNER,2024-12-06,3700.0,Red
SANGAMNER,2024-12-09,3550.0,Red
SANGAMNER,2024-12-10,3850.0,Red
SANGAMNER,2024-12-11,3500.0,Red
SANGAMNER,2024-12-12,3350.0,Red
SANGAMNER,2024-12-13,3025.0,Red
SANGAMNER,2024-12-16,2000.0,Red
SANGAMNER,2024-12-17,1750.0,Red
SANGAMNER,2024-12-18,1650.0,Red
SANGAMNER,2024-12-19,1655.0,Red
SANGAMNER,2024-12-20,1625.0,Red
SANGAMNER,2024-12-23,1650.0,Red
SANGAMNER,2024-12-24,1800.0,Red
SANGAMNER,2024-12-25,1855.0,Red
SANGAMNER,2024-12-26,1876.0,Red
SANGAMNER,2024-12-27,1850.0,Red
SANGAMNER,2024-12-30,2013.0,Red
SANGAMNER,2024-12-31,2125.0,Red
SANGAMNER,2025-01-01,2076.0,Red
SANGAMNER,2025-01-02,2150.0,Red
SANGAMNER,2025-01-03,2006.0,Red
SANGAMNER,2025-01-06,2000.0,Red
SANGAMNER,2025-01-07,2006.0,Red
SANGAMNER,2025-01-08,2005.0,Red
SANGAMNER,2025-01-09,2005.0,Red
SANGAMNER,2025-01-10,1450.0,Red
SANGAMNER,2025-01-13,1506.0,Red
SANGAMNER,2025-01-14,1562.0,Red
SANGAMNER,2025-01-15,1600.0,Red
SANGAMNER,2025-01-16,1750.0,Red
SANGAMNER,2025-01-17,1755.0,Red
SANGAMNER,2025-01-20,1950.0,Red
SANGAMNER,2025-01-21,1925.0,Red
SANGAMNER,2025-01-22,1977.0,Red
SANGAMNER,2025-01-23,1900.0,Red
SANGAMNER,2025-01-24,2005.0,Red
SANGAMNER,2025-01-27,1650.0,Red
SANGAMNER,2025-01-28,1650.0,Red
SANGAMNER,2025-01-29,1750.0,Red
SANGAMNER,2025-01-30,1650.0,Red
SANGAMNER,2025-01-31,1750.0,Red
SANGAMNER,2025-02-03,1506.0,Red
SANGAMNER,2025-02-04,1650.0,Red
SANGAMNER,2025-02-05,1650.0,Red
SANGAMNER,2025-02-06,1750.0,Red
SANGAMNER,2025-02-07,1756.0,Red
SANGAMNER,2025-02-13,2000.0,Red
SANGAMNER,2025-02-14,2006.0,Red
SANGAMNER,2025-02-17,1875.0,Red
SANGAMNER,2025-02-18,1825.0,Red
SANGAMNER,2025-02-19,1750.0,Red
SANGAMNER,2025-02-20,1600.0,Red
SANGAMNER,2025-02-21,1700.0,Red
SANGAMNER,2025-02-24,1555.0,Red
SANGAMNER,2025-02-25,1605.0,Red
SANGAMNER,2025-02-26,1605.0,Red
SANGAMNER,2025-02-27,1600.0,Red
SANGAMNER,2025-02-28,1600.0,Red
SANGAMNER,2025-03-03,1625.0,Red
SANGAMNER,2025-03-04,1725.0,Other
SANGAMNER,2025-03-05,1600.0,Other
SANGAMNER,2025-03-06,1475.0,Other
SANGAMNER,2025-03-07,1425.0,Other
SANGAMNER,2025-03-10,950.0,Other
SANGAMNER,2025-03-12,1000.0,Other
SANGAMNER,2025-03-13,1100.0,Other
SANGAMNER,2025-03-14,1100.0,Other
SANGAMNER,2025-03-17,1093.0,Other
SANGAMNER,2025-03-18,1076.0,Other
SANGAMNER,2025-03-19,1076.0,Other
SANGAMNER,2025-03-20,1050.0,Other
SANGAMNER,2025-03-21,1026.0,Other
SANGAMNER,2025-03-22,938.0,Other
SANGAMNER,2025-03-24,1200.0,Other
SANGAMNER,2025-03-25,1050.0,Other
SANGAMNER,2025-03-26,1000.0,Other
SANGAMNER,2025-03-27,638.0,Other
SANGAMNER,2025-03-28,976.0,Other
SANGAMNER,2025-04-01,825.0,Other
SANGAMNER,2025-04-02,886.0,Other
SANGAMNER,2025-04-03,900.0,Other
SANGAMNER,2025-04-04,925.0,Other
SANGAMNER,2025-04-07,876.0,Other
SANGAMNER,2025-04-08,875.0,Other
SANGAMNER,2025-04-09,831.0,Other
SANGAMNER,2025-04-10,776.0,Other
SANGAMNER,2025-04-11,725.0,Other
SANGAMNER,2025-04-14,725.0,Other
SANGAMNER,2025-04-15,720.0,Other
SANGAMNER,2025-04-16,751.0,Other
SANGAMNER,2025-04-17,751.0,Other
SANGAMNER,2025-04-18,803.0,Other
SANGAMNER,2025-04-21,781.0,Other
SANGAMNER,2025-04-22,776.0,Other
SANGAMNER,2025-04-23,776.0,Other
SANGAMNER,2025-04-24,788.0,Other
SANGAMNER,2025-04-25,750.0,Other
SANGAMNER,2025-04-28,750.0,Other
SANGAMNER,2025-04-29,756.0,Other
SANGAMNER,2025-04-30,725.0,Other
SANGAMNER,2025-05-02,775.0,Other
SANGAMNER,2025-05-05,800.0,Other
SANGAMNER,2025-05-06,788.0,Other
SANGAMNER,2025-05-07,807.0,Other
SANGAMNER,2025-05-08,926.0,Other
SANGAMNER,2025-05-09,876.0,Other
SANGAMNER,2025-05-12,828.0,Red
SANGAMNER,2025-05-13,850.0,Other
SANGAMNER,2025-05-15,850.0,Other
SANGAMNER,2025-05-16,850.0,Other
SANGAMNER,2025-05-17,725.0,Other
SANGAMNER,2025-05-19,788.0,Other
SANGAMNER,2025-05-20,738.0,Other
SANGAMNER,2025-05-21,801.0,Other
SANGAMNER,2025-05-22,793.0,Other
SANGAMNER,2025-05-23,903.0,Other
SANGAMNER,2025-05-26,1002.0,Other
SANGAMNER,2025-05-27,1025.0,Other
SANGAMNER,2025-05-28,1006.0,Other
SANGAMNER,2025-05-29,1000.0,Other
SANGAMNER,2025-05-30,950.0,Other
SANGAMNER,2025-06-02,881.0,Other
SANGAMNER,2025-06-03,1025.0,Other
SANGAMNER,2025-06-04,975.0,Other
SANGAMNER,2025-06-05,1125.0,Other
SANGAMNER,2025-06-06,1150.0,Other
SANGAMNER,2025-06-09,1101.0,Other
SANGAMNER,2025-06-10,1175.0,Other
SANGAMNER,2025-06-11,1237.0,Other
SANGAMNER,2025-06-12,1275.0,Other
SANGAMNER,2025-06-13,1305.0,Other
SANGAMNER,2025-06-16,1150.0,Other
SANGAMNER,2025-06-17,1175.0,Other
SANGAMNER,2025-06-18,1250.0,Other
SANGAMNER,2025-06-19,1181.0,Other
SANGAMNER,2025-06-20,1175.0,Other
SANGAMNER,2025-06-23,1150.0,Other
SANGAMNER,2025-06-24,1105.0,Other
SANGAMNER,2025-06-25,1100.0,Other
SANGAMNER,2025-06-26,1125.0,Other
SANGAMNER,2025-06-27,1125.0,Other
SANGAMNER,2025-06-30,1055.0,Other
SANGAMNER,2025-07-01,1050.0,Other
SANGAMNER,2025-07-02,1100.0,Other
SANGAMNER,2025-07-03,1075.0,Other
SANGAMNER,2025-07-04,1100.0,Other
SANGAMNER,2025-07-07,1075.0,Other
SANGAMNER,2025-07-08,1055.0,Other
SANGAMNER,2025-07-09,1025.0,Other
SANGAMNER,2025-07-10,1000.0,Other
SANGAMNER,2025-07-11,1100.0,Other
SANGAMNER,2025-07-14,976.0,Other
SANGAMNER,2025-07-15,950.0,Other
SANGAMNER,2025-07-16,975.0,Other
SANGAMNER,2025-07-17,956.0,Other
SANGAMNER,2025-07-21,1100.0,Other
SANGAMNER,2025-07-22,975.0,Other
SANGAMNER,2025-07-23,983.0,Other
SANGAMNER,2025-07-24,1000.0,Other
SANGAMNER,2025-07-28,955.0,Other
SANGAMNER,2025-07-29,950.0,Other
SANGAMNER,2025-07-30,950.0,Other
SANGAMNER,2025-07-31,975.0,Other
SANGAMNER,2025-08-01,925.0,Other
SANGAMNER,2025-08-04,1000.0,Other
SANGAMNER,2025-08-05,950.0,Other
SANGAMNER,2025-08-06,895.0,Other
SANGAMNER,2025-08-07,855.0,Other
SANGAMNER,2025-08-08,975.0,Other
SANGAMNER,2025-08-11,1049.0,Other
SANGAMNER,2025-08-12,1030.0,Other
SANGAMNER,2025-08-13,1100.0,Other
SANGAMNER,2025-08-14,1200.0,Other
SANGAMNER,2025-08-18,1150.0,Other
SANGAMNER,2025-08-19,1100.0,Other
SANGAMNER,2025-08-20,1000.0,Other
SANGAMNER,2025-08-26,1050.0,Other
SANGAMNER,2025-08-27,1000.0,Other
SANGAMNER,2025-08-28,1025.0,Other
SANGAMNER,2025-08-29,962.0,Other
SANGAMNER,2025-09-01,881.0,Other
SANGAMNER,2025-09-03,950.0,Other
SANGAMNER,2025-09-04,1005.0,Other
SANGAMNER,2025-09-05,950.0,Other
SANGAMNER,2025-09-08,931.0,Other
SANGAMNER,2025-09-09,1000.0,Other
SANGAMNER,2025-09-10,1000.0,Other
SANGAMNER,2025-09-11,881.0,Other
SANGAMNER,2025-09-12,851.0,Other
SANGAMNER,2025-09-15,875.0,Other
SANGAMNER,2025-09-16,900.0,Other
SANGAMNER,2025-09-17,950.0,Other
SANGAMNER,2025-09-18,950.0,Other
SANGAMNER,2025-09-19,950.0,Other
SANGAMNER,2025-09-22,851.0,Other
SANGAMNER,2025-09-23,925.0,Other
SANGAMNER,2025-09-24,950.0,Other
SANGAMNER,2025-09-26,975.0,Other
SANGAMNER,2025-09-29,925.0,Other
SANGAMNER,2025-09-30,900.0,Other
SANGAMNER,2025-10-01,1100.0,Other
SANGAMNER,2025-10-02,950.0,Other
SANGAMNER,2025-10-03,950.0,Other
SANGAMNER,2025-10-06,1000.0,Other
SANGAMNER,2025-10-07,980.0,Other
SANGAMNER,2025-10-08,962.0,Other
SANGAMNER,2025-10-09,950.0,Other
SANGAMNER,2025-10-13,900.0,Other
SANGAMNER,2025-10-14,905.0,Other
SANGAMNER,2025-10-15,900.0,Other
SANGAMNER,2025-10-16,1000.0,Other
SANGAMNER,2025-10-17,1000.0,Other
SANGAMNER,2025-10-27,1100.0,Other
SANGAMNER,2025-10-28,1150.0,Other
SANGAMNER,2025-10-29,1100.0,Other
SANGAMNER,2025-10-30,1100.0,Other
SANGAMNER,2025-10-31,1100.0,Other
SANGAMNER,2025-11-03,950.0,Red
SANGAMNER,2025-11-05,1125.0,Other
SANGAMNER,2025-11-07,1005.0,Red
SANGAMNER,2025-11-10,1050.0,Other
SANGAMNER,2025-11-11,875.0,Red
SANGAMNER,2025-11-12,855.0,Red
SANGAMNER,2025-11-13,975.0,Red
SANGAMNER,2025-11-14,1000.0,Red
SANGAMNER,2025-11-17,1100.0,Red
SANGAMNER,2025-11-18,1100.0,Red
SANGAMNER,2025-11-19,1210.0,Red
SANGAMNER,2025-11-20,1275.0,Red
SANGAMNER,2025-11-21,1275.0,Red
SANGAMNER,2025-11-25,1405.0,Red
SANGAMNER,2025-11-26,1405.0,Red
SANGAMNER,2025-11-27,1425.0,Red
SANGAMNER,2025-11-28,1375.0,Red
SANGAMNER,2025-12-01,1355.0,Red
SANGAMNER,2025-12-03,1400.0,Red
SANGAMNER,2025-12-04,1455.0,Red
SANGAMNER,2025-12-05,1655.0,Red
SANGAMNER,2025-12-08,1705.0,Red
SANGAMNER,2025-12-09,1605.0,Red
SANGAMNER,2025-12-10,1650.0,Red
SANGAMNER,2025-12-11,1705.0,Red
SANGAMNER,2025-12-12,1705.0,Red
SANGAMNER,2025-12-15,1800.0,Red
SANGAMNER,2025-12-16,1805.0,Red
SANGAMNER,2025-12-17,1750.0,Red
SANGAMNER,2025-12-18,1650.0,Red
SANGAMNER,2025-12-19,1576.0,Red
SANGAMNER,2025-12-22,1405.0,Red
SANGAMNER,2025-12-23,1525.0,Red
SANGAMNER,2025-12-24,1400.0,Red
SANGAMNER,2025-12-25,1425.0,Red
SANGAMNER,2025-12-26,1405.0,Red
SANGAMNER,2025-12-29,1450.0,Red
SANGAMNER,2025-12-30,1355.0,Red
SANGAMNER,2025-12-31,1376.0,Red
SANGAMNER,2026-01-01,1500.0,Red
SANGAMNER,2026-01-02,1305.0,Red
SANGAMNER,2026-01-05,1150.0,Red
SANGAMNER,2026-01-06,1126.0,Red
SANGAMNER,2026-01-07,1006.0,Red
SANGAMNER,2026-01-08,1100.0,Red
SANGAMNER,2026-01-12,1050.0,Red
SANGAMNER,2026-01-13,1113.0,Red
SANGAMNER,2026-01-14,1012.0,Red
SANGAMNER,2026-01-15,1114.0,Red
SANGAMNER,2026-01-16,1125.0,Red
SANGAMNER,2026-01-19,1150.0,Other
SANGAMNER,2026-01-20,1125.0,Red
SANGAMNER,2026-01-21,1125.0,Red
SANGAMNER,2026-01-22,1105.0,Red
SANGAMNER,2026-01-23,1050.0,Red
SANGAMNER,2026-01-27,1000.0,Red
SANGAMNER,2026-01-28,1025.0,Red
SANGAMNER,2026-01-29,950.0,Red
SANGAMNER,2026-01-30,876.0,Red
SANGAMNER,2026-02-02,851.0,Red
SANGAMNER,2026-02-03,825.0,Red
SANGAMNER,2026-02-04,801.0,Red
SANGAMNER,2026-02-05,900.0,Red
SANGAMNER,2026-02-06,751.0,Red
SANGAMNER,2026-02-09,901.0,Red
SANGAMNER,2026-02-10,926.0,Red
SANGAMNER,2026-02-11,931.0,Red
SANGAMNER,2026-02-12,1005.0,Red
SANGAMNER,2026-02-13,1025.0,Red
SANGAMNER,2026-02-16,838.0,Red
SANGAMNER,2026-02-17,851.0,Red
SANGAMNER,2026-02-18,825.0,Red
SANGAMNER,2026-02-19,831.0,Red
SANGAMNER,2026-02-20,851.0,Red
SANGAMNER,2026-02-23,851.0,Other
SANGAMNER,2026-02-24,826.0,Red
SANGAMNER,2026-02-25,775.0,Red
SANGAMNER,2026-02-26,675.0,Red
SANGAMNER,2026-02-27,651.0,Red
SANGAMNER,2026-03-02,650.0,Red
SANGAMNER,2026-03-03,801.0,Other
SANGAMNER,2026-03-04,776.0,Other
SANGAMNER,2026-03-05,801.0,Other
SANGAMNER,2026-03-06,825.0,Other
SANGAMNER,2026-03-09,831.0,Other
SANGAMNER,2026-03-10,876.0,Other
SANGAMNER,2026-03-11,868.0,Other
SANGAMNER,2026-03-12,876.0,Other
SANGAMNER,2026-03-13,826.0,Other
SANGAMNER,2026-03-16,751.0,Other
SANGAMNER,2026-03-17,751.0,Other
SANGAMNER,2026-03-18,751.0,Other
SANGAMNER,2026-03-19,775.0,Other
SANGAMNER,2026-03-20,775.0,Other
SANGAMNER,2026-03-23,776.0,Other
SANGAMNER,2026-03-24,800.0,Other
SANGAMNER,2026-03-25,751.0,Other
SANGAMNER,2026-03-30,1025.0,Other
SANGAMNER,2026-03-31,776.0,Other
SANGAMNER,2026-04-01,801.0,Other
SANGAMNER,2026-04-02,726.0,Other
SANGAMNER,2026-04-03,750.0,Other
SANGAMNER,2026-04-04,800.0,Other
SANGAMNER,2026-04-06,776.0,Other
SANGAMNER,2026-04-07,775.0,Other
SANGAMNER,2026-04-08,768.0,Other
SANGAMNER,2026-04-09,775.0,Other
SANGAMNER,2026-04-10,776.0,Other
SANGAMNER,2026-04-13,800.0,Other
SANGAMNER,2026-04-14,778.0,Other
SANGAMNER,2026-04-15,766.0,Other
SANGAMNER,2026-04-16,750.0,Other
SANGAMNER,2026-04-17,725.0,Other
SANGAMNER,2026-04-20,726.0,Other
SANGAMNER,2026-04-21,725.0,Other
SANGAMNER,2026-04-22,726.0,Other
SANGAMNER,2026-04-23,740.0,Other
SANGAMNER,2026-04-24,731.0,Other
SANGAMNER,2026-04-27,788.0,Other
SANGAMNER,2026-04-28,805.0,Other
SANGAMNER,2026-04-29,830.0,Other
SANGAMNER,2026-04-30,855.0,Other
SANGAMNER,2026-05-02,800.0,Other
SANGAMNER,2026-05-04,900.0,Other
SANGAMNER,2026-05-05,838.0,Other
VAIJAPUR,2020-01-01,3050.0,Red
VAIJAPUR,2020-01-02,2350.0,Red
VAIJAPUR,2020-01-04,2750.0,Red
VAIJAPUR,2020-01-06,3380.0,Red
VAIJAPUR,2020-01-07,3305.0,Red
VAIJAPUR,2020-01-08,3350.0,Red
VAIJAPUR,2020-01-09,3100.0,Red
VAIJAPUR,2020-01-10,2000.0,Red
VAIJAPUR,2020-01-11,2200.0,Red
VAIJAPUR,2020-01-14,2050.0,Red
VAIJAPUR,2020-01-15,2877.0,Red
VAIJAPUR,2020-01-16,3100.0,Red
VAIJAPUR,2020-01-17,2960.0,Red
VAIJAPUR,2020-01-18,3050.0,Red
VAIJAPUR,2020-01-20,3550.0,Red
VAIJAPUR,2020-01-21,3055.0,Red
VAIJAPUR,2020-01-22,3030.0,Red
VAIJAPUR,2020-01-23,2850.0,Red
VAIJAPUR,2020-01-25,2200.0,Red
VAIJAPUR,2020-01-27,2100.0,Red
VAIJAPUR,2020-01-28,2170.0,Red
VAIJAPUR,2020-01-29,2250.0,Red
VAIJAPUR,2020-01-31,2100.0,Red
VAIJAPUR,2020-02-01,2000.0,Red
VAIJAPUR,2020-02-03,1800.0,Red
VAIJAPUR,2020-02-04,1285.0,Red
VAIJAPUR,2020-02-05,1237.0,Red
VAIJAPUR,2020-02-06,1300.0,Red
VAIJAPUR,2020-02-08,1400.0,Red
VAIJAPUR,2020-02-10,1500.0,Red
VAIJAPUR,2020-02-11,1500.0,Red
VAIJAPUR,2020-02-13,1500.0,Red
VAIJAPUR,2020-02-14,1385.0,Red
VAIJAPUR,2020-02-15,1400.0,Red
VAIJAPUR,2020-02-17,1400.0,Red
VAIJAPUR,2020-02-20,1590.0,Red
VAIJAPUR,2020-02-22,1465.0,Red
VAIJAPUR,2020-02-27,1520.0,Red
VAIJAPUR,2020-02-29,1326.0,Red
VAIJAPUR,2020-03-02,1200.0,Red
VAIJAPUR,2020-03-05,1310.0,Red
VAIJAPUR,2020-03-07,1325.0,Red
VAIJAPUR,2020-03-09,1415.0,Red
VAIJAPUR,2020-03-16,1180.0,Red
VAIJAPUR,2020-03-17,1005.0,Red
VAIJAPUR,2020-03-18,750.0,Other
VAIJAPUR,2020-03-19,950.0,Other
VAIJAPUR,2020-03-20,850.0,Other
VAIJAPUR,2020-03-25,1000.0,Other
VAIJAPUR,2020-03-26,1000.0,Other
VAIJAPUR,2020-03-27,1000.0,Other
VAIJAPUR,2020-03-28,1200.0,Other
VAIJAPUR,2020-03-30,1100.0,Other
VAIJAPUR,2020-04-01,900.0,Other
VAIJAPUR,2020-04-07,1000.0,Other
VAIJAPUR,2020-04-17,700.0,Other
VAIJAPUR,2020-04-18,800.0,Other
VAIJAPUR,2020-05-05,500.0,Other
VAIJAPUR,2020-05-06,450.0,Other
VAIJAPUR,2020-05-08,450.0,Other
VAIJAPUR,2020-05-11,500.0,Other
VAIJAPUR,2020-05-14,450.0,Other
VAIJAPUR,2020-05-15,450.0,Other
VAIJAPUR,2020-05-18,450.0,Other
VAIJAPUR,2020-05-19,450.0,Other
VAIJAPUR,2020-05-20,425.0,Other
VAIJAPUR,2020-05-21,450.0,Other
VAIJAPUR,2020-05-22,450.0,Other
VAIJAPUR,2020-05-23,450.0,Other
VAIJAPUR,2020-05-26,425.0,Other
VAIJAPUR,2020-05-27,500.0,Other
VAIJAPUR,2020-05-28,500.0,Other
VAIJAPUR,2020-05-29,450.0,Other
VAIJAPUR,2020-05-30,450.0,Other
VAIJAPUR,2020-06-01,500.0,Other
VAIJAPUR,2020-06-02,500.0,Other
VAIJAPUR,2020-06-03,500.0,Other
VAIJAPUR,2020-06-04,550.0,Other
VAIJAPUR,2020-06-05,600.0,Other
VAIJAPUR,2020-06-06,650.0,Other
VAIJAPUR,2020-06-08,700.0,Other
VAIJAPUR,2020-06-09,550.0,Other
VAIJAPUR,2020-06-10,500.0,Other
VAIJAPUR,2020-06-11,700.0,Other
VAIJAPUR,2020-06-12,600.0,Other
VAIJAPUR,2020-06-13,700.0,Other
VAIJAPUR,2020-06-15,700.0,Other
VAIJAPUR,2020-06-16,600.0,Other
VAIJAPUR,2020-06-17,600.0,Other
VAIJAPUR,2020-06-18,700.0,Other
VAIJAPUR,2020-06-19,650.0,Other
VAIJAPUR,2020-06-20,675.0,Other
VAIJAPUR,2020-06-22,700.0,Other
VAIJAPUR,2020-06-23,600.0,Other
VAIJAPUR,2020-06-24,550.0,Other
VAIJAPUR,2020-06-25,680.0,Other
VAIJAPUR,2020-06-26,600.0,Other
VAIJAPUR,2020-06-27,700.0,Other
VAIJAPUR,2020-06-29,700.0,Other
VAIJAPUR,2020-07-09,725.0,Other
VAIJAPUR,2020-07-10,675.0,Other
VAIJAPUR,2020-07-11,675.0,Other
VAIJAPUR,2020-07-13,650.0,Other
VAIJAPUR,2020-07-14,550.0,Other
VAIJAPUR,2020-07-15,600.0,Other
VAIJAPUR,2020-07-16,600.0,Other
VAIJAPUR,2020-07-17,600.0,Other
VAIJAPUR,2020-07-18,650.0,Other
VAIJAPUR,2020-07-20,650.0,Other
VAIJAPUR,2020-07-21,550.0,Other
VAIJAPUR,2020-07-22,600.0,Other
VAIJAPUR,2020-07-23,650.0,Other
VAIJAPUR,2020-07-29,600.0,Other
VAIJAPUR,2020-07-30,650.0,Other
VAIJAPUR,2020-07-31,600.0,Other
VAIJAPUR,2020-08-03,500.0,Other
VAIJAPUR,2020-08-04,550.0,Other
VAIJAPUR,2020-08-05,500.0,Other
VAIJAPUR,2020-08-06,550.0,Other
VAIJAPUR,2020-08-07,550.0,Other
VAIJAPUR,2020-08-08,600.0,Other
VAIJAPUR,2020-08-10,650.0,Other
VAIJAPUR,2020-08-11,700.0,Other
VAIJAPUR,2020-08-12,950.0,Other
VAIJAPUR,2020-08-13,950.0,Other
VAIJAPUR,2020-08-14,1000.0,Other
VAIJAPUR,2020-08-17,1200.0,Other
VAIJAPUR,2020-08-18,1400.0,Other
VAIJAPUR,2020-08-20,1500.0,Other
VAIJAPUR,2020-08-22,1000.0,Other
VAIJAPUR,2020-08-24,1100.0,Other
VAIJAPUR,2020-08-26,1300.0,Other
VAIJAPUR,2020-08-27,1500.0,Other
VAIJAPUR,2020-08-28,1400.0,Other
VAIJAPUR,2020-08-29,1450.0,Other
VAIJAPUR,2020-08-31,1400.0,Other
VAIJAPUR,2020-09-02,1400.0,Other
VAIJAPUR,2020-09-03,1550.0,Other
VAIJAPUR,2020-09-05,1550.0,Other
VAIJAPUR,2020-09-07,1600.0,Other
VAIJAPUR,2020-09-08,1600.0,Other
VAIJAPUR,2020-09-09,2000.0,Other
VAIJAPUR,2020-09-10,2200.0,Other
VAIJAPUR,2020-09-11,1800.0,Other
VAIJAPUR,2020-09-12,2000.0,Other
VAIJAPUR,2020-09-14,2500.0,Other
VAIJAPUR,2020-09-16,2000.0,Other
VAIJAPUR,2020-09-18,2100.0,Other
VAIJAPUR,2020-09-19,2500.0,Other
VAIJAPUR,2020-09-21,3500.0,Other
VAIJAPUR,2020-09-22,2500.0,Other
VAIJAPUR,2020-09-23,2500.0,Other
VAIJAPUR,2020-09-24,2800.0,Other
VAIJAPUR,2020-09-25,2100.0,Other
VAIJAPUR,2020-09-26,3000.0,Other
VAIJAPUR,2020-09-28,3100.0,Other
VAIJAPUR,2020-09-29,2800.0,Other
VAIJAPUR,2020-09-30,2500.0,Other
VAIJAPUR,2020-10-01,3000.0,Other
VAIJAPUR,2020-10-03,2800.0,Other
VAIJAPUR,2020-10-05,2700.0,Other
VAIJAPUR,2020-10-06,2700.0,Other
VAIJAPUR,2020-10-08,3000.0,Other
VAIJAPUR,2020-10-10,3200.0,Other
VAIJAPUR,2020-10-12,4000.0,Other
VAIJAPUR,2020-10-13,3500.0,Other
VAIJAPUR,2020-10-14,4000.0,Other
VAIJAPUR,2020-10-27,4000.0,Other
VAIJAPUR,2020-10-29,3500.0,Other
VAIJAPUR,2020-10-31,5000.0,Other
VAIJAPUR,2020-11-02,4500.0,Other
VAIJAPUR,2020-11-03,4000.0,Other
VAIJAPUR,2020-11-04,3500.0,Other
VAIJAPUR,2020-11-05,3500.0,Other
VAIJAPUR,2020-11-06,3000.0,Other
VAIJAPUR,2020-11-07,3500.0,Other
VAIJAPUR,2020-11-09,4000.0,Other
VAIJAPUR,2020-11-10,4000.0,Other
VAIJAPUR,2020-11-16,4000.0,Other
VAIJAPUR,2020-11-18,3700.0,Other
VAIJAPUR,2020-11-19,4000.0,Other
VAIJAPUR,2020-11-21,4000.0,Other
VAIJAPUR,2020-11-23,3500.0,Other
VAIJAPUR,2020-11-24,3200.0,Other
VAIJAPUR,2020-11-25,3200.0,Other
VAIJAPUR,2020-11-26,3300.0,Other
VAIJAPUR,2020-11-27,2500.0,Other
VAIJAPUR,2020-12-01,3200.0,Other
VAIJAPUR,2020-12-02,3000.0,Other
VAIJAPUR,2020-12-03,2500.0,Other
VAIJAPUR,2020-12-05,1200.0,Red
VAIJAPUR,2020-12-07,1300.0,Red
VAIJAPUR,2020-12-08,1250.0,Red
VAIJAPUR,2020-12-09,2550.0,Other
VAIJAPUR,2020-12-10,2600.0,Other
VAIJAPUR,2020-12-11,2700.0,Other
VAIJAPUR,2020-12-12,2600.0,Red
VAIJAPUR,2020-12-14,2950.0,Other
VAIJAPUR,2020-12-15,2500.0,Other
VAIJAPUR,2020-12-16,2200.0,Other
VAIJAPUR,2020-12-17,1800.0,Other
VAIJAPUR,2020-12-19,1650.0,Red
VAIJAPUR,2020-12-21,1700.0,Red
VAIJAPUR,2020-12-22,2000.0,Red
VAIJAPUR,2020-12-23,2300.0,Red
VAIJAPUR,2020-12-24,2050.0,Red
VAIJAPUR,2020-12-26,2200.0,Red
VAIJAPUR,2020-12-29,1700.0,Red
VAIJAPUR,2020-12-30,2300.0,Red
VAIJAPUR,2021-01-01,2500.0,Red
VAIJAPUR,2021-01-02,2100.0,Red
VAIJAPUR,2021-01-04,2400.0,Red
VAIJAPUR,2021-01-05,2500.0,Red
VAIJAPUR,2021-01-13,2400.0,Red
VAIJAPUR,2021-01-14,2300.0,Red
VAIJAPUR,2021-01-16,2300.0,Red
VAIJAPUR,2021-01-18,2300.0,Red
VAIJAPUR,2021-01-19,2600.0,Red
VAIJAPUR,2021-01-20,2650.0,Red
VAIJAPUR,2021-01-21,2400.0,Red
VAIJAPUR,2021-01-22,2400.0,Red
VAIJAPUR,2021-01-25,2400.0,Red
VAIJAPUR,2021-01-27,2300.0,Red
VAIJAPUR,2021-01-28,2300.0,Red
VAIJAPUR,2021-01-29,2500.0,Red
VAIJAPUR,2021-01-30,2400.0,Red
VAIJAPUR,2021-02-01,2950.0,Red
VAIJAPUR,2021-02-02,3400.0,Red
VAIJAPUR,2021-02-03,3300.0,Red
VAIJAPUR,2021-02-04,2600.0,Red
VAIJAPUR,2021-02-05,2550.0,Red
VAIJAPUR,2021-02-06,2154.0,Red
VAIJAPUR,2021-02-08,2700.0,Red
VAIJAPUR,2021-02-09,3550.0,Red
VAIJAPUR,2021-02-10,3700.0,Red
VAIJAPUR,2021-02-11,3300.0,Red
VAIJAPUR,2021-02-12,3600.0,Red
VAIJAPUR,2021-02-13,3200.0,Red
VAIJAPUR,2021-02-15,3100.0,Red
VAIJAPUR,2021-02-16,3700.0,Red
VAIJAPUR,2021-02-17,3900.0,Red
VAIJAPUR,2021-02-18,3500.0,Red
VAIJAPUR,2021-02-20,3600.0,Red
VAIJAPUR,2021-02-22,3600.0,Red
VAIJAPUR,2021-02-23,3400.0,Red
VAIJAPUR,2021-02-24,3200.0,Red
VAIJAPUR,2021-02-25,2500.0,Red
VAIJAPUR,2021-02-26,1750.0,Red
VAIJAPUR,2021-02-27,1800.0,Red
VAIJAPUR,2021-03-01,2200.0,Red
VAIJAPUR,2021-03-02,2600.0,Red
VAIJAPUR,2021-03-04,2300.0,Red
VAIJAPUR,2021-03-05,1600.0,Red
VAIJAPUR,2021-03-06,1700.0,Red
VAIJAPUR,2021-03-08,1300.0,Red
VAIJAPUR,2021-03-09,1100.0,Red
VAIJAPUR,2021-03-10,950.0,Red
VAIJAPUR,2021-03-12,1200.0,Red
VAIJAPUR,2021-03-13,1100.0,Red
VAIJAPUR,2021-03-15,1200.0,Red
VAIJAPUR,2021-03-22,1000.0,Red
VAIJAPUR,2021-03-23,1000.0,Red
VAIJAPUR,2021-03-24,950.0,Red
VAIJAPUR,2021-03-25,900.0,Red
VAIJAPUR,2021-04-05,800.0,Red
VAIJAPUR,2021-04-06,715.0,Red
VAIJAPUR,2021-04-07,650.0,Red
VAIJAPUR,2021-04-08,750.0,Red
VAIJAPUR,2021-04-09,650.0,Red
VAIJAPUR,2021-04-10,800.0,Red
VAIJAPUR,2021-04-12,750.0,Red
VAIJAPUR,2021-04-15,800.0,Red
VAIJAPUR,2021-04-16,830.0,Red
VAIJAPUR,2021-04-17,750.0,Red
VAIJAPUR,2021-04-19,800.0,Other
VAIJAPUR,2021-04-20,800.0,Red
VAIJAPUR,2021-04-22,810.0,Other
VAIJAPUR,2021-04-23,900.0,Red
VAIJAPUR,2021-04-24,850.0,Red
VAIJAPUR,2021-05-03,800.0,Red
VAIJAPUR,2021-05-04,950.0,Red
VAIJAPUR,2021-05-05,900.0,Red
VAIJAPUR,2021-05-06,850.0,Red
VAIJAPUR,2021-05-07,850.0,Red
VAIJAPUR,2021-05-08,800.0,Red
VAIJAPUR,2021-05-10,750.0,Red
VAIJAPUR,2021-05-15,950.0,Other
VAIJAPUR,2021-05-17,800.0,Red
VAIJAPUR,2021-05-18,900.0,Red
VAIJAPUR,2021-05-19,900.0,Red
VAIJAPUR,2021-05-20,800.0,Red
VAIJAPUR,2021-05-21,850.0,Red
VAIJAPUR,2021-05-22,800.0,Red
VAIJAPUR,2021-05-24,900.0,Red
VAIJAPUR,2021-05-25,1300.0,Other
VAIJAPUR,2021-05-27,1250.0,Other
VAIJAPUR,2021-05-29,1400.0,Other
VAIJAPUR,2021-05-31,1600.0,Other
VAIJAPUR,2021-06-01,1550.0,Other
VAIJAPUR,2021-06-02,1600.0,Red
VAIJAPUR,2021-06-03,1600.0,Other
VAIJAPUR,2021-06-04,1500.0,Other
VAIJAPUR,2021-06-05,1500.0,Other
VAIJAPUR,2021-06-08,1550.0,Other
VAIJAPUR,2021-06-09,1550.0,Other
VAIJAPUR,2021-06-10,1750.0,Other
VAIJAPUR,2021-06-11,1700.0,Other
VAIJAPUR,2021-06-12,1700.0,Other
VAIJAPUR,2021-06-14,1600.0,Other
VAIJAPUR,2021-06-15,1650.0,Other
VAIJAPUR,2021-06-16,1650.0,Other
VAIJAPUR,2021-06-17,1700.0,Other
VAIJAPUR,2021-06-18,1800.0,Other
VAIJAPUR,2021-06-21,1800.0,Other
VAIJAPUR,2021-06-22,1800.0,Other
VAIJAPUR,2021-06-24,1650.0,Other
VAIJAPUR,2021-06-25,1700.0,Other
VAIJAPUR,2021-06-26,1600.0,Other
VAIJAPUR,2021-06-28,1650.0,Other
VAIJAPUR,2021-06-29,1650.0,Other
VAIJAPUR,2021-07-02,1625.0,Other
VAIJAPUR,2021-07-03,1600.0,Other
VAIJAPUR,2021-07-05,1600.0,Other
VAIJAPUR,2021-07-06,1700.0,Other
VAIJAPUR,2021-07-07,1650.0,Other
VAIJAPUR,2021-07-08,1650.0,Other
VAIJAPUR,2021-07-09,1600.0,Other
VAIJAPUR,2021-07-10,1650.0,Other
VAIJAPUR,2021-07-12,1550.0,Other
VAIJAPUR,2021-07-13,1500.0,Other
VAIJAPUR,2021-07-14,1450.0,Other
VAIJAPUR,2021-07-15,1500.0,Other
VAIJAPUR,2021-07-16,1450.0,Other
VAIJAPUR,2021-07-17,1450.0,Other
VAIJAPUR,2021-07-19,1500.0,Other
VAIJAPUR,2021-07-22,1700.0,Other
VAIJAPUR,2021-07-23,1650.0,Other
VAIJAPUR,2021-07-24,1700.0,Other
VAIJAPUR,2021-07-26,1700.0,Other
VAIJAPUR,2021-07-27,1700.0,Other
VAIJAPUR,2021-07-28,1675.0,Other
VAIJAPUR,2021-07-29,1700.0,Other
VAIJAPUR,2021-07-31,1700.0,Other
VAIJAPUR,2021-08-02,1700.0,Other
VAIJAPUR,2021-08-03,1600.0,Other
VAIJAPUR,2021-08-06,1600.0,Other
VAIJAPUR,2021-08-07,1550.0,Other
VAIJAPUR,2021-08-09,1600.0,Other
VAIJAPUR,2021-08-10,1550.0,Other
VAIJAPUR,2021-08-11,1550.0,Other
VAIJAPUR,2021-08-12,1600.0,Other
VAIJAPUR,2021-08-13,1550.0,Other
VAIJAPUR,2021-08-14,1600.0,Other
VAIJAPUR,2021-08-17,1700.0,Other
VAIJAPUR,2021-08-20,1650.0,Other
VAIJAPUR,2021-08-21,1600.0,Other
VAIJAPUR,2021-08-23,1550.0,Other
VAIJAPUR,2021-08-24,1500.0,Other
VAIJAPUR,2021-08-25,1400.0,Other
VAIJAPUR,2021-08-26,1400.0,Other
VAIJAPUR,2021-08-28,1400.0,Other
VAIJAPUR,2021-08-30,1300.0,Other
VAIJAPUR,2021-08-31,1400.0,Other
VAIJAPUR,2021-09-02,1400.0,Other
VAIJAPUR,2021-09-03,1400.0,Other
VAIJAPUR,2021-09-04,1400.0,Other
VAIJAPUR,2021-09-06,1400.0,Other
VAIJAPUR,2021-09-07,1400.0,Other
VAIJAPUR,2021-09-08,1450.0,Other
VAIJAPUR,2021-09-09,1400.0,Other
VAIJAPUR,2021-09-11,1400.0,Other
VAIJAPUR,2021-09-13,1400.0,Other
VAIJAPUR,2021-09-14,1400.0,Other
VAIJAPUR,2021-09-15,1350.0,Other
VAIJAPUR,2021-09-16,1300.0,Other
VAIJAPUR,2021-09-18,1300.0,Other
VAIJAPUR,2021-09-20,1350.0,Other
VAIJAPUR,2021-09-21,1700.0,Other
VAIJAPUR,2021-09-22,1750.0,Other
VAIJAPUR,2021-09-24,2000.0,Other
VAIJAPUR,2021-09-25,1900.0,Other
VAIJAPUR,2021-09-28,1950.0,Other
VAIJAPUR,2021-09-30,2000.0,Other
VAIJAPUR,2021-10-04,2500.0,Other
VAIJAPUR,2021-10-05,3100.0,Other
VAIJAPUR,2021-10-07,2500.0,Other
VAIJAPUR,2021-10-08,3500.0,Other
VAIJAPUR,2021-10-09,2500.0,Other
VAIJAPUR,2021-10-12,3700.0,Other
VAIJAPUR,2021-10-13,3800.0,Other
VAIJAPUR,2021-10-14,2800.0,Other
VAIJAPUR,2021-10-15,3200.0,Other
VAIJAPUR,2021-10-20,2500.0,Other
VAIJAPUR,2021-10-21,2500.0,Other
VAIJAPUR,2021-10-22,2400.0,Other
VAIJAPUR,2021-10-23,2200.0,Other
VAIJAPUR,2021-10-25,2200.0,Other
VAIJAPUR,2021-10-26,2300.0,Other
VAIJAPUR,2021-10-27,2400.0,Other
VAIJAPUR,2021-11-10,2700.0,Other
VAIJAPUR,2021-11-12,2300.0,Other
VAIJAPUR,2021-11-13,2300.0,Other
VAIJAPUR,2021-11-15,2000.0,Other
VAIJAPUR,2021-11-16,1900.0,Other
VAIJAPUR,2021-11-17,1900.0,Other
VAIJAPUR,2021-11-18,1900.0,Other
VAIJAPUR,2021-11-20,1600.0,Other
VAIJAPUR,2021-11-22,1900.0,Other
VAIJAPUR,2021-11-23,2100.0,Other
VAIJAPUR,2021-11-24,1900.0,Other
VAIJAPUR,2021-11-25,1750.0,Other
VAIJAPUR,2021-11-26,1700.0,Other
VAIJAPUR,2021-11-27,1700.0,Other
VAIJAPUR,2021-11-29,1400.0,Other
VAIJAPUR,2021-12-02,1200.0,Other
VAIJAPUR,2021-12-03,2400.0,Other
VAIJAPUR,2021-12-04,1650.0,Other
VAIJAPUR,2021-12-06,1500.0,Other
VAIJAPUR,2021-12-07,1600.0,Other
VAIJAPUR,2021-12-08,1800.0,Other
VAIJAPUR,2021-12-09,1700.0,Red
VAIJAPUR,2021-12-10,1700.0,Red
VAIJAPUR,2021-12-11,1700.0,Red
VAIJAPUR,2021-12-13,1800.0,Red
VAIJAPUR,2021-12-14,1900.0,Red
VAIJAPUR,2021-12-15,1950.0,Red
VAIJAPUR,2021-12-16,1900.0,Red
VAIJAPUR,2021-12-17,1800.0,Red
VAIJAPUR,2021-12-18,1900.0,Red
VAIJAPUR,2021-12-20,1800.0,Red
VAIJAPUR,2021-12-21,1950.0,Red
VAIJAPUR,2021-12-22,1850.0,Red
VAIJAPUR,2021-12-23,2100.0,Red
VAIJAPUR,2021-12-27,2100.0,Red
VAIJAPUR,2021-12-28,1900.0,Red
VAIJAPUR,2021-12-29,1950.0,Red
VAIJAPUR,2021-12-30,1900.0,Red
VAIJAPUR,2021-12-31,1950.0,Red
VAIJAPUR,2022-01-01,1950.0,Red
VAIJAPUR,2022-01-03,2100.0,Red
VAIJAPUR,2022-01-04,2350.0,Red
VAIJAPUR,2022-01-07,2275.0,Red
VAIJAPUR,2022-01-08,2500.0,Red
VAIJAPUR,2022-01-10,2100.0,Red
VAIJAPUR,2022-01-11,1800.0,Red
VAIJAPUR,2022-01-14,1900.0,Red
VAIJAPUR,2022-01-17,1900.0,Red
VAIJAPUR,2022-01-18,2300.0,Red
VAIJAPUR,2022-01-19,2000.0,Red
VAIJAPUR,2022-01-20,1900.0,Red
VAIJAPUR,2022-01-21,2250.0,Red
VAIJAPUR,2022-01-25,2300.0,Red
VAIJAPUR,2022-01-27,1800.0,Red
VAIJAPUR,2022-01-28,2200.0,Red
VAIJAPUR,2022-01-29,1800.0,Red
VAIJAPUR,2022-01-31,1800.0,Red
VAIJAPUR,2022-02-01,2100.0,Red
VAIJAPUR,2022-02-02,2000.0,Red
VAIJAPUR,2022-02-03,2000.0,Red
VAIJAPUR,2022-02-04,2100.0,Red
VAIJAPUR,2022-02-05,1800.0,Red
VAIJAPUR,2022-02-07,2000.0,Red
VAIJAPUR,2022-02-08,2000.0,Red
VAIJAPUR,2022-02-09,2400.0,Red
VAIJAPUR,2022-02-10,2100.0,Red
VAIJAPUR,2022-02-11,1150.0,Red
VAIJAPUR,2022-02-12,1000.0,Red
VAIJAPUR,2022-02-14,2100.0,Red
VAIJAPUR,2022-02-15,2325.0,Red
VAIJAPUR,2022-02-16,2300.0,Red
VAIJAPUR,2022-02-17,2100.0,Red
VAIJAPUR,2022-02-18,2475.0,Red
VAIJAPUR,2022-02-21,2300.0,Red
VAIJAPUR,2022-02-22,2350.0,Red
VAIJAPUR,2022-02-23,2375.0,Red
VAIJAPUR,2022-02-24,2300.0,Red
VAIJAPUR,2022-02-25,2300.0,Red
VAIJAPUR,2022-02-26,2000.0,Red
VAIJAPUR,2022-02-28,2000.0,Red
VAIJAPUR,2022-03-02,1500.0,Red
VAIJAPUR,2022-03-03,1500.0,Red
VAIJAPUR,2022-03-04,1500.0,Red
VAIJAPUR,2022-03-05,1500.0,Red
VAIJAPUR,2022-03-07,1200.0,Red
VAIJAPUR,2022-03-08,1250.0,Red
VAIJAPUR,2022-03-09,1250.0,Red
VAIJAPUR,2022-03-10,1250.0,Red
VAIJAPUR,2022-03-11,1200.0,Red
VAIJAPUR,2022-03-12,1000.0,Red
VAIJAPUR,2022-03-14,1000.0,Red
VAIJAPUR,2022-03-15,800.0,Red
VAIJAPUR,2022-03-16,800.0,Red
VAIJAPUR,2022-03-17,513.0,Red
VAIJAPUR,2022-03-19,1001.0,Red
VAIJAPUR,2022-03-21,900.0,Red
VAIJAPUR,2022-03-22,850.0,Red
VAIJAPUR,2022-03-23,800.0,Red
VAIJAPUR,2022-03-24,800.0,Red
VAIJAPUR,2022-03-26,800.0,Red
VAIJAPUR,2022-03-28,800.0,Red
VAIJAPUR,2022-04-04,750.0,Red
VAIJAPUR,2022-04-06,800.0,Red
VAIJAPUR,2022-04-07,850.0,Red
VAIJAPUR,2022-04-08,750.0,Red
VAIJAPUR,2022-04-09,800.0,Red
VAIJAPUR,2022-04-11,750.0,Red
VAIJAPUR,2022-04-12,750.0,Red
VAIJAPUR,2022-04-14,700.0,Other
VAIJAPUR,2022-04-16,750.0,Red
VAIJAPUR,2022-04-18,800.0,Red
VAIJAPUR,2022-04-19,900.0,Red
VAIJAPUR,2022-04-20,900.0,Red
VAIJAPUR,2022-04-21,900.0,Red
VAIJAPUR,2022-04-23,800.0,Red
VAIJAPUR,2022-04-25,800.0,Red
VAIJAPUR,2022-04-26,800.0,Red
VAIJAPUR,2022-04-27,800.0,Red
VAIJAPUR,2022-04-28,800.0,Red
VAIJAPUR,2022-04-29,800.0,Red
VAIJAPUR,2022-04-30,800.0,Red
VAIJAPUR,2022-05-02,850.0,Red
VAIJAPUR,2022-05-04,750.0,Other
VAIJAPUR,2022-05-05,750.0,Other
VAIJAPUR,2022-05-09,750.0,Other
VAIJAPUR,2022-05-13,750.0,Other
VAIJAPUR,2022-05-14,600.0,Other
VAIJAPUR,2022-05-17,650.0,Other
VAIJAPUR,2022-05-18,700.0,Other
VAIJAPUR,2022-05-19,600.0,Other
VAIJAPUR,2022-05-20,775.0,Other
VAIJAPUR,2022-05-21,700.0,Other
VAIJAPUR,2022-05-23,800.0,Other
VAIJAPUR,2022-05-24,750.0,Other
VAIJAPUR,2022-05-25,750.0,Other
VAIJAPUR,2022-05-26,700.0,Other
VAIJAPUR,2022-05-27,850.0,Other
VAIJAPUR,2022-05-28,800.0,Other
VAIJAPUR,2022-05-30,800.0,Other
VAIJAPUR,2022-05-31,900.0,Other
VAIJAPUR,2022-06-03,725.0,Red
VAIJAPUR,2022-06-04,600.0,Other
VAIJAPUR,2022-06-07,750.0,Other
VAIJAPUR,2022-06-08,750.0,Other
VAIJAPUR,2022-06-09,750.0,Other
VAIJAPUR,2022-06-10,925.0,Other
VAIJAPUR,2022-06-11,750.0,Other
VAIJAPUR,2022-06-13,1100.0,Other
VAIJAPUR,2022-06-14,1100.0,Other
VAIJAPUR,2022-06-15,950.0,Other
VAIJAPUR,2022-06-17,1000.0,Other
VAIJAPUR,2022-06-18,950.0,Other
VAIJAPUR,2022-06-20,1000.0,Other
VAIJAPUR,2022-06-22,1100.0,Other
VAIJAPUR,2022-06-23,1100.0,Other
VAIJAPUR,2022-06-24,1250.0,Other
VAIJAPUR,2022-06-25,1300.0,Other
VAIJAPUR,2022-06-27,1300.0,Other
VAIJAPUR,2022-06-28,1125.0,Other
VAIJAPUR,2022-06-29,1150.0,Other
VAIJAPUR,2022-06-30,1150.0,Other
VAIJAPUR,2022-07-04,1100.0,Other
VAIJAPUR,2022-07-05,1175.0,Other
VAIJAPUR,2022-07-06,1200.0,Other
VAIJAPUR,2022-07-07,1100.0,Other
VAIJAPUR,2022-07-08,1250.0,Other
VAIJAPUR,2022-07-09,1200.0,Other
VAIJAPUR,2022-07-11,1150.0,Other
VAIJAPUR,2022-07-12,1150.0,Other
VAIJAPUR,2022-07-13,1050.0,Other
VAIJAPUR,2022-07-14,1100.0,Other
VAIJAPUR,2022-07-15,1100.0,Other
VAIJAPUR,2022-07-16,1200.0,Other
VAIJAPUR,2022-07-18,1150.0,Other
VAIJAPUR,2022-07-19,1050.0,Other
VAIJAPUR,2022-07-20,1000.0,Other
VAIJAPUR,2022-07-21,1050.0,Other
VAIJAPUR,2022-07-22,950.0,Other
VAIJAPUR,2022-07-25,1100.0,Other
VAIJAPUR,2022-07-26,1000.0,Other
VAIJAPUR,2022-07-27,1050.0,Other
VAIJAPUR,2022-07-28,975.0,Other
VAIJAPUR,2022-07-29,1055.0,Other
VAIJAPUR,2022-07-30,1150.0,Other
VAIJAPUR,2022-08-02,1050.0,Other
VAIJAPUR,2022-08-03,1050.0,Other
VAIJAPUR,2022-08-04,1075.0,Other
VAIJAPUR,2022-08-05,1050.0,Other
VAIJAPUR,2022-08-06,1075.0,Other
VAIJAPUR,2022-08-08,1100.0,Other
VAIJAPUR,2022-08-10,1075.0,Other
VAIJAPUR,2022-08-11,1050.0,Other
VAIJAPUR,2022-08-12,1050.0,Other
VAIJAPUR,2022-08-13,1050.0,Other
VAIJAPUR,2022-08-17,1100.0,Other
VAIJAPUR,2022-08-18,1150.0,Other
VAIJAPUR,2022-08-19,1200.0,Other
VAIJAPUR,2022-08-20,1150.0,Other
VAIJAPUR,2022-08-22,1100.0,Other
VAIJAPUR,2022-08-23,1150.0,Other
VAIJAPUR,2022-08-24,1150.0,Other
VAIJAPUR,2022-08-25,1100.0,Other
VAIJAPUR,2022-08-26,1150.0,Other
VAIJAPUR,2022-08-27,1150.0,Other
VAIJAPUR,2022-08-30,1100.0,Other
VAIJAPUR,2022-09-02,1100.0,Other
VAIJAPUR,2022-09-03,1100.0,Other
VAIJAPUR,2022-09-05,1000.0,Other
VAIJAPUR,2022-09-06,950.0,Other
VAIJAPUR,2022-09-07,1000.0,Other
VAIJAPUR,2022-09-08,900.0,Other
VAIJAPUR,2022-09-09,950.0,Other
VAIJAPUR,2022-09-10,1000.0,Other
VAIJAPUR,2022-09-15,1000.0,Other
VAIJAPUR,2022-09-20,950.0,Other
VAIJAPUR,2022-09-21,850.0,Other
VAIJAPUR,2022-09-22,850.0,Other
VAIJAPUR,2022-09-23,900.0,Other
VAIJAPUR,2022-09-24,900.0,Other
VAIJAPUR,2022-09-26,950.0,Other
VAIJAPUR,2022-09-27,1000.0,Other
VAIJAPUR,2022-09-28,1200.0,Other
VAIJAPUR,2022-09-29,1400.0,Other
VAIJAPUR,2022-09-30,1500.0,Other
VAIJAPUR,2022-10-01,1400.0,Other
VAIJAPUR,2022-10-04,1250.0,Other
VAIJAPUR,2022-10-06,1450.0,Other
VAIJAPUR,2022-10-08,1700.0,Other
VAIJAPUR,2022-10-10,1800.0,Other
VAIJAPUR,2022-10-11,1600.0,Other
VAIJAPUR,2022-10-12,1650.0,Other
VAIJAPUR,2022-10-13,1600.0,Other
VAIJAPUR,2022-10-14,1800.0,Other
VAIJAPUR,2022-10-15,1650.0,Other
VAIJAPUR,2022-10-17,1650.0,Other
VAIJAPUR,2022-10-18,1500.0,Other
VAIJAPUR,2022-10-19,1750.0,Other
VAIJAPUR,2022-10-20,1650.0,Other
VAIJAPUR,2022-10-21,1750.0,Other
VAIJAPUR,2022-10-27,1950.0,Other
VAIJAPUR,2022-10-28,2150.0,Other
VAIJAPUR,2022-10-29,2300.0,Other
VAIJAPUR,2022-10-31,2400.0,Other
VAIJAPUR,2022-11-01,2600.0,Other
VAIJAPUR,2022-11-02,2500.0,Other
VAIJAPUR,2022-11-03,2500.0,Other
VAIJAPUR,2022-11-04,2600.0,Other
VAIJAPUR,2022-11-05,2300.0,Other
VAIJAPUR,2022-11-07,2100.0,Other
VAIJAPUR,2022-11-09,1900.0,Other
VAIJAPUR,2022-11-10,1600.0,Other
VAIJAPUR,2022-11-11,1800.0,Other
VAIJAPUR,2022-11-12,1700.0,Other
VAIJAPUR,2022-11-15,1600.0,Other
VAIJAPUR,2022-11-16,1550.0,Other
VAIJAPUR,2022-11-17,1450.0,Other
VAIJAPUR,2022-11-18,1400.0,Other
VAIJAPUR,2022-11-19,1250.0,Other
VAIJAPUR,2022-11-21,1000.0,Other
VAIJAPUR,2022-11-22,1050.0,Other
VAIJAPUR,2022-11-23,1350.0,Other
VAIJAPUR,2022-11-24,1250.0,Other
VAIJAPUR,2022-11-25,1150.0,Other
VAIJAPUR,2022-11-26,1250.0,Other
VAIJAPUR,2022-11-28,1250.0,Other
VAIJAPUR,2022-11-30,950.0,Other
VAIJAPUR,2022-12-02,975.0,Other
VAIJAPUR,2022-12-03,900.0,Other
VAIJAPUR,2022-12-07,1050.0,Other
VAIJAPUR,2022-12-08,950.0,Other
VAIJAPUR,2022-12-09,1050.0,Other
VAIJAPUR,2022-12-10,1800.0,Red
VAIJAPUR,2022-12-12,1711.0,Red
VAIJAPUR,2022-12-13,900.0,Other
VAIJAPUR,2022-12-14,900.0,Other
VAIJAPUR,2022-12-15,750.0,Other
VAIJAPUR,2022-12-16,900.0,Other
VAIJAPUR,2022-12-17,750.0,Other
VAIJAPUR,2022-12-19,1300.0,Red
VAIJAPUR,2022-12-20,1600.0,Red
VAIJAPUR,2022-12-23,1600.0,Red
VAIJAPUR,2022-12-24,2000.0,Red
VAIJAPUR,2022-12-26,1611.0,Red
VAIJAPUR,2022-12-27,1700.0,Red
VAIJAPUR,2022-12-28,1500.0,Red
VAIJAPUR,2022-12-29,1100.0,Red
VAIJAPUR,2022-12-30,1300.0,Red
VAIJAPUR,2022-12-31,1200.0,Red
VAIJAPUR,2023-01-03,1450.0,Red
VAIJAPUR,2023-01-06,1350.0,Red
VAIJAPUR,2023-01-07,1350.0,Red
VAIJAPUR,2023-01-10,1300.0,Red
VAIJAPUR,2023-01-11,1375.0,Red
VAIJAPUR,2023-01-12,1200.0,Red
VAIJAPUR,2023-01-14,1200.0,Red
VAIJAPUR,2023-01-17,1310.0,Red
VAIJAPUR,2023-01-21,1300.0,Red
VAIJAPUR,2023-01-23,1250.0,Red
VAIJAPUR,2023-01-24,1280.0,Red
VAIJAPUR,2023-01-27,1080.0,Red
VAIJAPUR,2023-01-28,1200.0,Red
VAIJAPUR,2023-01-30,1000.0,Red
VAIJAPUR,2023-01-31,1000.0,Red
VAIJAPUR,2023-02-02,950.0,Red
VAIJAPUR,2023-02-03,1050.0,Red
VAIJAPUR,2023-02-04,900.0,Red
VAIJAPUR,2023-02-06,950.0,Red
VAIJAPUR,2023-02-07,1000.0,Red
VAIJAPUR,2023-02-08,950.0,Red
VAIJAPUR,2023-02-09,750.0,Red
VAIJAPUR,2023-02-10,900.0,Red
VAIJAPUR,2023-02-11,700.0,Red
VAIJAPUR,2023-02-13,700.0,Red
VAIJAPUR,2023-02-14,750.0,Red
VAIJAPUR,2023-02-15,750.0,Red
VAIJAPUR,2023-02-16,750.0,Red
VAIJAPUR,2023-02-17,700.0,Red
VAIJAPUR,2023-02-20,650.0,Red
VAIJAPUR,2023-02-21,600.0,Red
VAIJAPUR,2023-02-22,650.0,Red
VAIJAPUR,2023-02-23,650.0,Red
VAIJAPUR,2023-02-24,600.0,Red
VAIJAPUR,2023-02-25,550.0,Red
VAIJAPUR,2023-02-27,600.0,Red
VAIJAPUR,2023-02-28,700.0,Red
VAIJAPUR,2023-03-01,750.0,Red
VAIJAPUR,2023-03-02,650.0,Red
VAIJAPUR,2023-03-03,850.0,Red
VAIJAPUR,2023-03-04,650.0,Red
VAIJAPUR,2023-03-06,650.0,Red
VAIJAPUR,2023-03-08,850.0,Red
VAIJAPUR,2023-03-09,700.0,Red
VAIJAPUR,2023-03-10,750.0,Red
VAIJAPUR,2023-03-11,600.0,Red
VAIJAPUR,2023-03-13,700.0,Red
VAIJAPUR,2023-03-15,700.0,Red
VAIJAPUR,2023-03-16,650.0,Red
VAIJAPUR,2023-03-17,730.0,Red
VAIJAPUR,2023-03-18,600.0,Red
VAIJAPUR,2023-03-20,650.0,Red
VAIJAPUR,2023-03-21,700.0,Red
VAIJAPUR,2023-03-23,650.0,Red
VAIJAPUR,2023-03-24,750.0,Red
VAIJAPUR,2023-03-25,650.0,Red
VAIJAPUR,2023-03-29,600.0,Red
VAIJAPUR,2023-04-10,650.0,Red
VAIJAPUR,2023-04-11,675.0,Other
VAIJAPUR,2023-04-12,660.0,Other
VAIJAPUR,2023-04-13,675.0,Other
VAIJAPUR,2023-04-15,650.0,Other
VAIJAPUR,2023-04-17,550.0,Other
VAIJAPUR,2023-04-18,575.0,Other
VAIJAPUR,2023-04-19,500.0,Other
VAIJAPUR,2023-04-20,550.0,Other
VAIJAPUR,2023-04-21,450.0,Other
VAIJAPUR,2023-04-24,550.0,Other
VAIJAPUR,2023-04-25,525.0,Other
VAIJAPUR,2023-04-26,550.0,Other
VAIJAPUR,2023-04-27,550.0,Other
VAIJAPUR,2023-04-29,550.0,Other
VAIJAPUR,2023-05-02,650.0,Other
VAIJAPUR,2023-05-04,550.0,Other
VAIJAPUR,2023-05-06,600.0,Other
VAIJAPUR,2023-05-08,650.0,Other
VAIJAPUR,2023-05-09,605.0,Other
VAIJAPUR,2023-05-10,550.0,Other
VAIJAPUR,2023-05-11,650.0,Other
VAIJAPUR,2023-05-12,550.0,Other
VAIJAPUR,2023-05-13,600.0,Other
VAIJAPUR,2023-05-15,550.0,Other
VAIJAPUR,2023-05-16,475.0,Other
VAIJAPUR,2023-05-17,550.0,Other
VAIJAPUR,2023-05-18,550.0,Other
VAIJAPUR,2023-05-19,450.0,Other
VAIJAPUR,2023-05-20,450.0,Other
VAIJAPUR,2023-05-22,450.0,Other
VAIJAPUR,2023-05-23,550.0,Other
VAIJAPUR,2023-05-24,550.0,Other
VAIJAPUR,2023-05-25,600.0,Other
VAIJAPUR,2023-05-26,700.0,Other
VAIJAPUR,2023-05-27,750.0,Other
VAIJAPUR,2023-05-29,700.0,Other
VAIJAPUR,2023-05-30,825.0,Other
VAIJAPUR,2023-05-31,800.0,Other
VAIJAPUR,2023-06-01,700.0,Other
VAIJAPUR,2023-06-02,700.0,Other
VAIJAPUR,2023-06-03,750.0,Other
VAIJAPUR,2023-06-05,750.0,Other
VAIJAPUR,2023-06-06,800.0,Other
VAIJAPUR,2023-06-07,800.0,Other
VAIJAPUR,2023-06-08,850.0,Other
VAIJAPUR,2023-06-09,850.0,Other
VAIJAPUR,2023-06-10,800.0,Other
VAIJAPUR,2023-06-12,800.0,Other
VAIJAPUR,2023-06-13,850.0,Other
VAIJAPUR,2023-06-14,850.0,Other
VAIJAPUR,2023-06-15,750.0,Other
VAIJAPUR,2023-06-16,900.0,Other
VAIJAPUR,2023-06-17,850.0,Other
VAIJAPUR,2023-06-19,700.0,Other
VAIJAPUR,2023-06-20,800.0,Other
VAIJAPUR,2023-06-21,875.0,Other
VAIJAPUR,2023-06-22,750.0,Other
VAIJAPUR,2023-06-23,880.0,Other
VAIJAPUR,2023-06-24,850.0,Other
VAIJAPUR,2023-06-26,1050.0,Other
VAIJAPUR,2023-06-27,1150.0,Other
VAIJAPUR,2023-06-28,1250.0,Other
VAIJAPUR,2023-06-30,1420.0,Other
VAIJAPUR,2023-07-01,1500.0,Other
VAIJAPUR,2023-07-03,1250.0,Other
VAIJAPUR,2023-07-04,1325.0,Other
VAIJAPUR,2023-07-05,1250.0,Other
VAIJAPUR,2023-07-06,1250.0,Other
VAIJAPUR,2023-07-07,1250.0,Other
VAIJAPUR,2023-07-08,1300.0,Other
VAIJAPUR,2023-07-10,1250.0,Other
VAIJAPUR,2023-07-11,1200.0,Other
VAIJAPUR,2023-07-12,1150.0,Other
VAIJAPUR,2023-07-13,1150.0,Other
VAIJAPUR,2023-07-14,1200.0,Other
VAIJAPUR,2023-07-15,1150.0,Other
VAIJAPUR,2023-07-17,1550.0,Other
VAIJAPUR,2023-07-18,1275.0,Other
VAIJAPUR,2023-07-19,1225.0,Other
VAIJAPUR,2023-07-20,1250.0,Other
VAIJAPUR,2023-07-21,1250.0,Other
VAIJAPUR,2023-07-22,1250.0,Other
VAIJAPUR,2023-07-24,1275.0,Other
VAIJAPUR,2023-07-25,1200.0,Other
VAIJAPUR,2023-07-26,1250.0,Other
VAIJAPUR,2023-07-27,1200.0,Other
VAIJAPUR,2023-07-28,1200.0,Other
VAIJAPUR,2023-07-31,1350.0,Other
VAIJAPUR,2023-08-01,1420.0,Other
VAIJAPUR,2023-08-02,1400.0,Other
VAIJAPUR,2023-08-03,1350.0,Other
VAIJAPUR,2023-08-04,1550.0,Other
VAIJAPUR,2023-08-05,1380.0,Other
VAIJAPUR,2023-08-07,1600.0,Other
VAIJAPUR,2023-08-08,1750.0,Other
VAIJAPUR,2023-08-09,1550.0,Other
VAIJAPUR,2023-08-10,1750.0,Other
VAIJAPUR,2023-08-11,2350.0,Other
VAIJAPUR,2023-08-12,2300.0,Other
VAIJAPUR,2023-08-14,2100.0,Other
VAIJAPUR,2023-08-17,2100.0,Other
VAIJAPUR,2023-08-18,1950.0,Other
VAIJAPUR,2023-08-19,1750.0,Other
VAIJAPUR,2023-08-21,1600.0,Other
VAIJAPUR,2023-08-22,2300.0,Other
VAIJAPUR,2023-08-24,1900.0,Other
VAIJAPUR,2023-08-25,1950.0,Other
VAIJAPUR,2023-08-26,1850.0,Other
VAIJAPUR,2023-08-29,1950.0,Other
VAIJAPUR,2023-08-30,1900.0,Other
VAIJAPUR,2023-08-31,1700.0,Other
VAIJAPUR,2023-09-01,1955.0,Other
VAIJAPUR,2023-09-02,1750.0,Other
VAIJAPUR,2023-09-04,1750.0,Other
VAIJAPUR,2023-09-05,2150.0,Other
VAIJAPUR,2023-09-06,1950.0,Other
VAIJAPUR,2023-09-08,1900.0,Other
VAIJAPUR,2023-09-09,1950.0,Other
VAIJAPUR,2023-09-11,1800.0,Other
VAIJAPUR,2023-09-12,1750.0,Other
VAIJAPUR,2023-09-13,1800.0,Other
VAIJAPUR,2023-09-14,1700.0,Other
VAIJAPUR,2023-09-15,1800.0,Other
VAIJAPUR,2023-09-16,1600.0,Other
VAIJAPUR,2023-09-18,1700.0,Other
VAIJAPUR,2023-09-21,1650.0,Other
VAIJAPUR,2023-09-22,1950.0,Other
VAIJAPUR,2023-09-23,1850.0,Other
VAIJAPUR,2023-10-04,1950.0,Other
VAIJAPUR,2023-10-05,1900.0,Other
VAIJAPUR,2023-10-06,2150.0,Other
VAIJAPUR,2023-10-07,1800.0,Other
VAIJAPUR,2023-10-09,2100.0,Other
VAIJAPUR,2023-10-10,2250.0,Other
VAIJAPUR,2023-10-11,2200.0,Other
VAIJAPUR,2023-10-12,2000.0,Other
VAIJAPUR,2023-10-14,2000.0,Other
VAIJAPUR,2023-10-16,2500.0,Other
VAIJAPUR,2023-10-17,3450.0,Other
VAIJAPUR,2023-10-18,3150.0,Other
VAIJAPUR,2023-10-19,3200.0,Other
VAIJAPUR,2023-10-20,3350.0,Other
VAIJAPUR,2023-10-21,3000.0,Other
VAIJAPUR,2023-10-23,3800.0,Other
VAIJAPUR,2023-10-25,3900.0,Other
VAIJAPUR,2023-10-26,3200.0,Other
VAIJAPUR,2023-10-27,4700.0,Other
VAIJAPUR,2023-10-28,4700.0,Other
VAIJAPUR,2023-10-30,3800.0,Other
VAIJAPUR,2023-10-31,4000.0,Other
VAIJAPUR,2023-11-02,4100.0,Other
VAIJAPUR,2023-11-03,3200.0,Other
VAIJAPUR,2023-11-06,3100.0,Other
VAIJAPUR,2023-11-07,3700.0,Other
VAIJAPUR,2023-11-08,4000.0,Other
VAIJAPUR,2023-11-14,3850.0,Other
VAIJAPUR,2023-11-15,3700.0,Other
VAIJAPUR,2023-11-16,2850.0,Other
VAIJAPUR,2023-11-17,3000.0,Other
VAIJAPUR,2023-11-18,3390.0,Other
VAIJAPUR,2023-11-21,3500.0,Other
VAIJAPUR,2023-11-22,3085.0,Other
VAIJAPUR,2023-11-24,3200.0,Other
VAIJAPUR,2023-11-25,3200.0,Other
VAIJAPUR,2023-11-28,3600.0,Other
VAIJAPUR,2023-11-29,3700.0,Other
VAIJAPUR,2023-11-30,3000.0,Other
VAIJAPUR,2023-12-04,3100.0,Other
VAIJAPUR,2023-12-05,3500.0,Other
VAIJAPUR,2023-12-06,3500.0,Other
VAIJAPUR,2023-12-07,3000.0,Other
VAIJAPUR,2023-12-08,2500.0,Other
VAIJAPUR,2023-12-09,2500.0,Red
VAIJAPUR,2023-12-11,2100.0,Other
VAIJAPUR,2023-12-12,1700.0,Red
VAIJAPUR,2023-12-13,1700.0,Red
VAIJAPUR,2023-12-15,1700.0,Red
VAIJAPUR,2023-12-16,1700.0,Red
VAIJAPUR,2023-12-18,1600.0,Red
VAIJAPUR,2023-12-19,1850.0,Red
VAIJAPUR,2023-12-20,1845.0,Red
VAIJAPUR,2023-12-21,1700.0,Red
VAIJAPUR,2023-12-22,1580.0,Red
VAIJAPUR,2023-12-23,1550.0,Red
VAIJAPUR,2023-12-26,1500.0,Red
VAIJAPUR,2023-12-27,1500.0,Red
VAIJAPUR,2023-12-28,1100.0,Red
VAIJAPUR,2023-12-29,1400.0,Red
VAIJAPUR,2023-12-30,1665.0,Red
VAIJAPUR,2024-01-01,1400.0,Red
VAIJAPUR,2024-01-02,2000.0,Red
VAIJAPUR,2024-01-03,1750.0,Red
VAIJAPUR,2024-01-04,1300.0,Red
VAIJAPUR,2024-01-05,1700.0,Red
VAIJAPUR,2024-01-06,1700.0,Red
VAIJAPUR,2024-01-08,1600.0,Red
VAIJAPUR,2024-01-09,1100.0,Red
VAIJAPUR,2024-01-10,1750.0,Red
VAIJAPUR,2024-01-11,1600.0,Red
VAIJAPUR,2024-01-12,1600.0,Red
VAIJAPUR,2024-01-13,1600.0,Red
VAIJAPUR,2024-01-15,1400.0,Red
VAIJAPUR,2024-01-17,1450.0,Red
VAIJAPUR,2024-01-18,1200.0,Red
VAIJAPUR,2024-01-19,1200.0,Red
VAIJAPUR,2024-01-20,1250.0,Red
VAIJAPUR,2024-01-23,1200.0,Red
VAIJAPUR,2024-01-24,1100.0,Red
VAIJAPUR,2024-01-25,800.0,Red
VAIJAPUR,2024-01-27,1050.0,Red
VAIJAPUR,2024-01-29,1000.0,Red
VAIJAPUR,2024-01-30,1200.0,Red
VAIJAPUR,2024-01-31,1275.0,Red
VAIJAPUR,2024-02-01,1000.0,Red
VAIJAPUR,2024-02-02,1200.0,Red
VAIJAPUR,2024-02-03,1200.0,Red
VAIJAPUR,2024-02-05,800.0,Red
VAIJAPUR,2024-02-06,1100.0,Red
VAIJAPUR,2024-02-07,1100.0,Red
VAIJAPUR,2024-02-08,700.0,Red
VAIJAPUR,2024-02-09,1000.0,Red
VAIJAPUR,2024-02-10,1000.0,Red
VAIJAPUR,2024-02-12,900.0,Red
VAIJAPUR,2024-02-13,1150.0,Red
VAIJAPUR,2024-02-14,1200.0,Red
VAIJAPUR,2024-02-15,800.0,Red
VAIJAPUR,2024-02-16,1200.0,Red
VAIJAPUR,2024-02-17,1200.0,Red
VAIJAPUR,2024-02-20,1600.0,Red
VAIJAPUR,2024-02-21,1400.0,Red
VAIJAPUR,2024-02-22,700.0,Red
VAIJAPUR,2024-02-23,1600.0,Red
VAIJAPUR,2024-02-24,1700.0,Red
VAIJAPUR,2024-02-27,1700.0,Red
VAIJAPUR,2024-02-28,1600.0,Red
VAIJAPUR,2024-02-29,1000.0,Red
VAIJAPUR,2024-03-01,1400.0,Red
VAIJAPUR,2024-03-02,1700.0,Red
VAIJAPUR,2024-03-04,1300.0,Red
VAIJAPUR,2024-03-05,1750.0,Red
VAIJAPUR,2024-03-06,1700.0,Red
VAIJAPUR,2024-03-07,1000.0,Red
VAIJAPUR,2024-03-09,1700.0,Red
VAIJAPUR,2024-03-11,1300.0,Red
VAIJAPUR,2024-03-12,1500.0,Red
VAIJAPUR,2024-03-13,1500.0,Red
VAIJAPUR,2024-03-14,850.0,Red
VAIJAPUR,2024-03-15,1300.0,Red
VAIJAPUR,2024-03-16,1250.0,Red
VAIJAPUR,2024-03-18,1200.0,Red
VAIJAPUR,2024-03-19,1200.0,Red
VAIJAPUR,2024-03-20,1200.0,Red
VAIJAPUR,2024-03-21,1000.0,Red
VAIJAPUR,2024-03-22,1150.0,Red
VAIJAPUR,2024-03-23,1300.0,Red
VAIJAPUR,2024-04-01,1250.0,Red
VAIJAPUR,2024-04-02,1250.0,Other
VAIJAPUR,2024-04-03,1310.0,Other
VAIJAPUR,2024-04-04,1250.0,Other
VAIJAPUR,2024-04-05,1300.0,Other
VAIJAPUR,2024-04-06,1200.0,Other
VAIJAPUR,2024-04-08,1000.0,Other
VAIJAPUR,2024-04-09,1250.0,Other
VAIJAPUR,2024-04-15,1000.0,Other
VAIJAPUR,2024-04-19,1200.0,Other
VAIJAPUR,2024-04-23,1208.0,Other
VAIJAPUR,2024-04-25,1150.0,Other
VAIJAPUR,2024-04-26,1150.0,Other
VAIJAPUR,2024-04-27,1150.0,Other
VAIJAPUR,2024-04-29,1400.0,Other
VAIJAPUR,2024-04-30,1200.0,Other
VAIJAPUR,2024-05-02,1200.0,Other
VAIJAPUR,2024-05-03,1250.0,Other
VAIJAPUR,2024-05-04,1500.0,Other
VAIJAPUR,2024-05-06,1550.0,Other
VAIJAPUR,2024-05-08,1300.0,Other
VAIJAPUR,2024-05-09,1350.0,Other
VAIJAPUR,2024-05-10,1400.0,Other
VAIJAPUR,2024-05-11,1600.0,Other
VAIJAPUR,2024-05-15,1250.0,Other
VAIJAPUR,2024-05-16,1300.0,Other
VAIJAPUR,2024-05-18,1500.0,Other
VAIJAPUR,2024-05-20,1400.0,Other
VAIJAPUR,2024-05-21,1400.0,Other
VAIJAPUR,2024-05-24,1400.0,Other
VAIJAPUR,2024-05-25,1500.0,Other
VAIJAPUR,2024-05-27,1230.0,Other
VAIJAPUR,2024-05-28,1600.0,Other
VAIJAPUR,2024-05-29,1750.0,Other
VAIJAPUR,2024-05-30,1750.0,Other
VAIJAPUR,2024-05-31,1700.0,Other
VAIJAPUR,2024-06-01,1800.0,Other
VAIJAPUR,2024-06-03,1400.0,Other
VAIJAPUR,2024-06-04,1800.0,Other
VAIJAPUR,2024-06-05,2000.0,Other
VAIJAPUR,2024-06-06,2200.0,Other
VAIJAPUR,2024-06-07,2250.0,Other
VAIJAPUR,2024-06-08,2450.0,Other
VAIJAPUR,2024-06-10,2450.0,Other
VAIJAPUR,2024-06-11,2400.0,Other
VAIJAPUR,2024-06-13,2300.0,Other
VAIJAPUR,2024-06-15,2500.0,Other
VAIJAPUR,2024-06-18,2650.0,Other
VAIJAPUR,2024-06-24,2400.0,Other
VAIJAPUR,2024-06-27,2700.0,Other
VAIJAPUR,2024-06-28,2700.0,Other
VAIJAPUR,2024-06-29,2800.0,Other
VAIJAPUR,2024-07-01,2500.0,Other
VAIJAPUR,2024-07-02,2800.0,Other
VAIJAPUR,2024-07-03,2850.0,Other
VAIJAPUR,2024-07-04,2850.0,Other
VAIJAPUR,2024-07-05,2850.0,Other
VAIJAPUR,2024-07-06,2800.0,Other
VAIJAPUR,2024-07-08,2600.0,Other
VAIJAPUR,2024-07-09,2850.0,Other
VAIJAPUR,2024-07-10,2800.0,Other
VAIJAPUR,2024-07-11,2750.0,Other
VAIJAPUR,2024-07-12,2700.0,Other
VAIJAPUR,2024-07-15,2600.0,Other
VAIJAPUR,2024-07-17,2650.0,Other
VAIJAPUR,2024-07-22,2500.0,Other
VAIJAPUR,2024-07-23,2600.0,Other
VAIJAPUR,2024-07-24,2600.0,Other
VAIJAPUR,2024-07-25,2600.0,Other
VAIJAPUR,2024-07-27,2550.0,Other
VAIJAPUR,2024-07-29,2400.0,Other
VAIJAPUR,2024-07-30,2550.0,Other
VAIJAPUR,2024-07-31,2600.0,Other
VAIJAPUR,2024-08-01,2600.0,Other
VAIJAPUR,2024-08-02,2550.0,Other
VAIJAPUR,2024-08-03,2600.0,Other
VAIJAPUR,2024-08-05,2450.0,Other
VAIJAPUR,2024-08-06,2700.0,Other
VAIJAPUR,2024-08-07,2800.0,Other
VAIJAPUR,2024-08-09,3000.0,Other
VAIJAPUR,2024-08-10,3100.0,Other
VAIJAPUR,2024-08-12,3000.0,Other
VAIJAPUR,2024-08-13,3300.0,Other
VAIJAPUR,2024-08-17,3200.0,Other
VAIJAPUR,2024-08-20,3400.0,Other
VAIJAPUR,2024-08-21,3700.0,Other
VAIJAPUR,2024-08-22,3700.0,Other
VAIJAPUR,2024-08-23,3800.0,Other
VAIJAPUR,2024-08-24,3750.0,Other
VAIJAPUR,2024-08-26,3350.0,Other
VAIJAPUR,2024-08-27,3800.0,Other
VAIJAPUR,2024-08-30,3500.0,Other
VAIJAPUR,2024-08-31,3800.0,Other
VAIJAPUR,2024-09-04,3900.0,Other
VAIJAPUR,2024-09-05,3900.0,Other
VAIJAPUR,2024-09-06,3900.0,Other
VAIJAPUR,2024-09-09,3200.0,Other
VAIJAPUR,2024-09-10,3900.0,Other
VAIJAPUR,2024-09-11,3900.0,Other
VAIJAPUR,2024-09-12,4050.0,Other
VAIJAPUR,2024-09-13,4105.0,Other
VAIJAPUR,2024-09-14,4650.0,Other
VAIJAPUR,2024-09-20,4300.0,Other
VAIJAPUR,2024-09-21,4400.0,Other
VAIJAPUR,2024-09-23,4200.0,Other
VAIJAPUR,2024-09-24,4650.0,Other
VAIJAPUR,2024-09-27,3900.0,Other
VAIJAPUR,2024-09-28,3900.0,Other
VAIJAPUR,2024-09-30,3100.0,Other
VAIJAPUR,2024-10-01,3900.0,Other
VAIJAPUR,2024-10-03,4100.0,Other
VAIJAPUR,2024-10-04,4400.0,Other
VAIJAPUR,2024-10-05,4150.0,Other
VAIJAPUR,2024-10-09,3950.0,Other
VAIJAPUR,2024-10-10,4000.0,Other
VAIJAPUR,2024-10-12,4150.0,Other
VAIJAPUR,2024-10-15,3800.0,Other
VAIJAPUR,2024-10-16,3950.0,Other
VAIJAPUR,2024-10-17,4100.0,Other
VAIJAPUR,2024-10-18,4105.0,Other
VAIJAPUR,2024-10-19,4180.0,Other
VAIJAPUR,2024-10-21,3950.0,Other
VAIJAPUR,2024-10-22,4500.0,Other
VAIJAPUR,2024-10-23,4700.0,Other
VAIJAPUR,2024-10-24,4450.0,Other
VAIJAPUR,2024-10-26,4500.0,Other
VAIJAPUR,2024-11-12,4805.0,Other
VAIJAPUR,2024-11-13,4550.0,Other
VAIJAPUR,2024-11-16,4900.0,Other
VAIJAPUR,2024-11-18,4400.0,Other
VAIJAPUR,2024-11-21,4450.0,Other
VAIJAPUR,2024-11-22,4700.0,Other
VAIJAPUR,2024-12-03,2500.0,Red
VAIJAPUR,2024-12-05,2900.0,Red
VAIJAPUR,2024-12-06,3500.0,Red
VAIJAPUR,2024-12-07,3200.0,Red
VAIJAPUR,2024-12-09,3200.0,Red
VAIJAPUR,2024-12-10,3000.0,Red
VAIJAPUR,2024-12-11,3000.0,Red
VAIJAPUR,2024-12-12,3000.0,Red
VAIJAPUR,2024-12-13,2700.0,Red
VAIJAPUR,2024-12-14,2500.0,Red
VAIJAPUR,2024-12-16,2350.0,Red
VAIJAPUR,2024-12-17,1500.0,Red
VAIJAPUR,2024-12-18,1500.0,Red
VAIJAPUR,2024-12-19,1500.0,Red
VAIJAPUR,2024-12-20,1400.0,Red
VAIJAPUR,2024-12-21,1400.0,Red
VAIJAPUR,2024-12-23,1400.0,Red
VAIJAPUR,2024-12-24,1500.0,Red
VAIJAPUR,2024-12-26,1600.0,Red
VAIJAPUR,2024-12-27,1700.0,Red
VAIJAPUR,2024-12-28,2000.0,Red
VAIJAPUR,2024-12-31,2100.0,Red
VAIJAPUR,2025-01-01,2100.0,Red
VAIJAPUR,2025-01-02,2100.0,Red
VAIJAPUR,2025-01-03,2200.0,Red
VAIJAPUR,2025-01-04,2200.0,Red
VAIJAPUR,2025-01-06,2100.0,Red
VAIJAPUR,2025-01-07,2200.0,Red
VAIJAPUR,2025-01-08,2000.0,Red
VAIJAPUR,2025-01-09,2000.0,Red
VAIJAPUR,2025-01-11,1800.0,Red
VAIJAPUR,2025-01-17,1900.0,Red
VAIJAPUR,2025-01-18,1900.0,Red
VAIJAPUR,2025-01-21,2100.0,Red
VAIJAPUR,2025-01-22,2000.0,Red
VAIJAPUR,2025-01-23,2200.0,Red
VAIJAPUR,2025-01-24,2100.0,Red
VAIJAPUR,2025-01-25,2200.0,Red
VAIJAPUR,2025-01-27,2100.0,Red
VAIJAPUR,2025-01-28,2000.0,Red
VAIJAPUR,2025-01-29,2000.0,Red
VAIJAPUR,2025-01-31,1900.0,Red
VAIJAPUR,2025-02-01,2100.0,Red
VAIJAPUR,2025-02-03,1900.0,Red
VAIJAPUR,2025-02-04,1900.0,Red
VAIJAPUR,2025-02-05,1900.0,Red
VAIJAPUR,2025-02-07,1900.0,Red
VAIJAPUR,2025-02-12,2100.0,Red
VAIJAPUR,2025-02-13,2100.0,Red
VAIJAPUR,2025-02-14,2200.0,Red
VAIJAPUR,2025-02-15,2500.0,Red
VAIJAPUR,2025-02-17,2100.0,Red
VAIJAPUR,2025-02-20,1900.0,Red
VAIJAPUR,2025-02-21,2000.0,Red
VAIJAPUR,2025-02-22,1800.0,Red
VAIJAPUR,2025-02-24,2000.0,Red
VAIJAPUR,2025-02-27,2000.0,Red
VAIJAPUR,2025-02-28,1900.0,Red
VAIJAPUR,2025-03-01,1800.0,Red
VAIJAPUR,2025-03-05,1800.0,Red
VAIJAPUR,2025-03-06,1700.0,Red
VAIJAPUR,2025-03-07,1700.0,Red
VAIJAPUR,2025-03-08,1500.0,Red
VAIJAPUR,2025-03-10,1000.0,Red
VAIJAPUR,2025-03-11,1000.0,Red
VAIJAPUR,2025-03-12,1000.0,Red
VAIJAPUR,2025-03-17,1200.0,Other
VAIJAPUR,2025-03-18,1200.0,Other
VAIJAPUR,2025-03-19,1100.0,Other
VAIJAPUR,2025-03-20,1000.0,Other
VAIJAPUR,2025-03-21,1000.0,Other
VAIJAPUR,2025-03-22,1000.0,Other
VAIJAPUR,2025-03-24,1300.0,Other
VAIJAPUR,2025-03-25,1300.0,Other
VAIJAPUR,2025-03-26,1300.0,Other
VAIJAPUR,2025-03-27,1200.0,Other
VAIJAPUR,2025-03-28,1100.0,Other
VAIJAPUR,2025-04-04,1100.0,Other
VAIJAPUR,2025-04-05,1100.0,Other
VAIJAPUR,2025-04-07,1300.0,Other
VAIJAPUR,2025-04-08,1100.0,Other
VAIJAPUR,2025-04-11,1000.0,Other
VAIJAPUR,2025-04-12,1000.0,Other
VAIJAPUR,2025-04-15,900.0,Other
VAIJAPUR,2025-04-16,1000.0,Other
VAIJAPUR,2025-04-17,900.0,Other
VAIJAPUR,2025-04-19,900.0,Other
VAIJAPUR,2025-04-21,850.0,Other
VAIJAPUR,2025-04-22,900.0,Other
VAIJAPUR,2025-04-23,950.0,Other
VAIJAPUR,2025-04-24,900.0,Other
VAIJAPUR,2025-04-25,900.0,Other
VAIJAPUR,2025-04-26,900.0,Other
VAIJAPUR,2025-04-28,900.0,Other
VAIJAPUR,2025-04-29,900.0,Other
VAIJAPUR,2025-05-02,900.0,Other
VAIJAPUR,2025-05-03,900.0,Other
VAIJAPUR,2025-05-05,950.0,Other
VAIJAPUR,2025-05-06,900.0,Other
VAIJAPUR,2025-05-07,900.0,Other
VAIJAPUR,2025-05-08,900.0,Other
VAIJAPUR,2025-05-09,900.0,Other
VAIJAPUR,2025-05-15,900.0,Other
VAIJAPUR,2025-05-16,850.0,Other
VAIJAPUR,2025-05-17,850.0,Other
VAIJAPUR,2025-05-19,850.0,Other
VAIJAPUR,2025-05-20,850.0,Other
VAIJAPUR,2025-05-21,850.0,Other
VAIJAPUR,2025-05-22,850.0,Other
VAIJAPUR,2025-05-23,900.0,Other
VAIJAPUR,2025-05-24,1300.0,Other
VAIJAPUR,2025-05-26,1000.0,Other
VAIJAPUR,2025-05-27,1000.0,Other
VAIJAPUR,2025-05-28,1100.0,Other
VAIJAPUR,2025-05-29,1200.0,Other
VAIJAPUR,2025-05-30,1100.0,Other
VAIJAPUR,2025-05-31,1100.0,Other
VAIJAPUR,2025-06-02,1100.0,Other
VAIJAPUR,2025-06-03,1200.0,Other
VAIJAPUR,2025-06-04,1150.0,Other
VAIJAPUR,2025-06-05,1100.0,Other
VAIJAPUR,2025-06-09,1300.0,Other
VAIJAPUR,2025-06-10,1300.0,Other
VAIJAPUR,2025-06-11,1400.0,Other
VAIJAPUR,2025-06-12,1450.0,Other
VAIJAPUR,2025-06-13,1400.0,Other
VAIJAPUR,2025-06-14,1450.0,Other
VAIJAPUR,2025-06-16,1450.0,Other
VAIJAPUR,2025-06-17,1300.0,Other
VAIJAPUR,2025-06-18,1400.0,Other
VAIJAPUR,2025-06-20,1450.0,Other
VAIJAPUR,2025-06-21,1500.0,Other
VAIJAPUR,2025-06-23,1450.0,Other
VAIJAPUR,2025-06-24,1450.0,Other
VAIJAPUR,2025-06-25,1400.0,Other
VAIJAPUR,2025-06-27,1400.0,Other
VAIJAPUR,2025-06-28,1400.0,Other
VAIJAPUR,2025-07-01,1400.0,Other
VAIJAPUR,2025-07-02,1400.0,Other
VAIJAPUR,2025-07-03,1400.0,Other
VAIJAPUR,2025-07-09,1250.0,Other
VAIJAPUR,2025-07-10,1350.0,Other
VAIJAPUR,2025-07-11,1250.0,Other
VAIJAPUR,2025-07-12,1200.0,Other
VAIJAPUR,2025-07-14,1300.0,Other
VAIJAPUR,2025-07-15,1300.0,Other
VAIJAPUR,2025-07-16,1250.0,Other
VAIJAPUR,2025-07-17,1300.0,Other
VAIJAPUR,2025-07-18,1300.0,Other
VAIJAPUR,2025-07-19,1250.0,Other
VAIJAPUR,2025-07-21,1250.0,Other
VAIJAPUR,2025-07-22,1250.0,Other
VAIJAPUR,2025-07-23,1250.0,Other
VAIJAPUR,2025-07-24,1250.0,Other
VAIJAPUR,2025-07-26,1250.0,Other
VAIJAPUR,2025-07-28,1250.0,Other
VAIJAPUR,2025-07-29,1250.0,Other
VAIJAPUR,2025-07-30,1200.0,Other
VAIJAPUR,2025-07-31,1250.0,Other
VAIJAPUR,2025-08-01,1200.0,Other
VAIJAPUR,2025-08-02,1250.0,Other
VAIJAPUR,2025-08-04,1200.0,Other
VAIJAPUR,2025-08-05,1200.0,Other
VAIJAPUR,2025-08-09,1200.0,Other
VAIJAPUR,2025-08-12,1350.0,Other
VAIJAPUR,2025-08-13,1400.0,Other
VAIJAPUR,2025-08-14,1350.0,Other
VAIJAPUR,2025-08-16,1350.0,Other
VAIJAPUR,2025-08-18,1350.0,Other
VAIJAPUR,2025-08-19,1350.0,Other
VAIJAPUR,2025-08-21,1350.0,Other
VAIJAPUR,2025-08-23,1200.0,Other
VAIJAPUR,2025-08-25,1300.0,Other
VAIJAPUR,2025-08-26,1200.0,Other
VAIJAPUR,2025-08-28,1200.0,Other
VAIJAPUR,2025-08-29,1200.0,Other
VAIJAPUR,2025-08-30,1150.0,Other
VAIJAPUR,2025-09-03,1200.0,Other
VAIJAPUR,2025-09-06,1150.0,Other
VAIJAPUR,2025-09-08,1150.0,Other
VAIJAPUR,2025-09-09,1150.0,Other
VAIJAPUR,2025-09-11,1150.0,Other
VAIJAPUR,2025-09-12,1150.0,Other
VAIJAPUR,2025-09-13,950.0,Other
VAIJAPUR,2025-09-16,1150.0,Other
VAIJAPUR,2025-09-23,900.0,Other
VAIJAPUR,2025-09-24,1000.0,Other
VAIJAPUR,2025-09-27,1000.0,Other
VAIJAPUR,2025-09-29,1000.0,Other
VAIJAPUR,2025-09-30,1000.0,Other
VAIJAPUR,2025-10-03,950.0,Other
VAIJAPUR,2025-10-04,1000.0,Other
VAIJAPUR,2025-10-06,1000.0,Other
VAIJAPUR,2025-10-07,1000.0,Other
VAIJAPUR,2025-10-08,1000.0,Other
VAIJAPUR,2025-10-11,900.0,Other
VAIJAPUR,2025-10-13,950.0,Other
VAIJAPUR,2025-10-15,950.0,Other
VAIJAPUR,2025-10-16,1000.0,Other
VAIJAPUR,2025-10-27,1200.0,Other
VAIJAPUR,2025-10-28,1200.0,Other
VAIJAPUR,2025-10-29,1250.0,Other
VAIJAPUR,2025-10-30,1350.0,Other
VAIJAPUR,2025-10-31,1300.0,Other
VAIJAPUR,2025-11-01,1400.0,Other
VAIJAPUR,2025-11-03,1400.0,Other
VAIJAPUR,2025-11-12,1250.0,Other
VAIJAPUR,2025-11-19,1250.0,Other
VAIJAPUR,2025-12-03,1050.0,Other
VAIJAPUR,2025-12-05,1050.0,Other
VAIJAPUR,2025-12-08,1200.0,Other
VAIJAPUR,2025-12-09,1300.0,Other
VAIJAPUR,2025-12-10,1550.0,Other
VAIJAPUR,2025-12-11,1400.0,Other
VAIJAPUR,2025-12-13,1000.0,Other
VAIJAPUR,2025-12-15,1800.0,Red
VAIJAPUR,2025-12-16,1800.0,Red
VAIJAPUR,2025-12-17,1800.0,Red
VAIJAPUR,2025-12-18,1400.0,Red
VAIJAPUR,2025-12-19,1500.0,Red
VAIJAPUR,2025-12-22,1400.0,Red
VAIJAPUR,2025-12-23,1500.0,Red
VAIJAPUR,2025-12-26,1500.0,Red
VAIJAPUR,2025-12-29,1500.0,Red
VAIJAPUR,2025-12-30,1400.0,Red
VAIJAPUR,2025-12-31,1450.0,Red
VAIJAPUR,2026-01-01,1500.0,Red
VAIJAPUR,2026-01-02,1500.0,Red
VAIJAPUR,2026-01-05,1400.0,Red
VAIJAPUR,2026-01-06,1300.0,Red
VAIJAPUR,2026-01-07,1300.0,Red
VAIJAPUR,2026-01-08,1300.0,Red
VAIJAPUR,2026-01-09,1300.0,Red
VAIJAPUR,2026-01-12,1300.0,Red
VAIJAPUR,2026-01-13,1200.0,Red
VAIJAPUR,2026-01-14,1200.0,Red
VAIJAPUR,2026-01-16,1250.0,Red
VAIJAPUR,2026-01-21,1350.0,Red
VAIJAPUR,2026-01-22,1300.0,Red
VAIJAPUR,2026-01-23,1250.0,Red
VAIJAPUR,2026-01-27,1150.0,Red
VAIJAPUR,2026-01-29,1150.0,Red
VAIJAPUR,2026-01-30,1100.0,Red
VAIJAPUR,2026-01-31,1150.0,Red
VAIJAPUR,2026-02-02,1100.0,Red
VAIJAPUR,2026-02-03,1100.0,Red
VAIJAPUR,2026-02-04,1100.0,Red
VAIJAPUR,2026-02-05,1050.0,Red
VAIJAPUR,2026-02-09,1100.0,Red
VAIJAPUR,2026-02-10,1150.0,Red
VAIJAPUR,2026-02-11,1100.0,Red
VAIJAPUR,2026-02-12,1100.0,Red
VAIJAPUR,2026-02-13,1100.0,Red
VAIJAPUR,2026-02-16,1050.0,Red
VAIJAPUR,2026-02-17,1100.0,Red
VAIJAPUR,2026-02-20,1000.0,Red
VAIJAPUR,2026-02-23,1050.0,Red
VAIJAPUR,2026-02-24,1000.0,Red
VAIJAPUR,2026-02-25,950.0,Red
VAIJAPUR,2026-02-26,900.0,Red
VAIJAPUR,2026-02-27,900.0,Red
VAIJAPUR,2026-03-02,850.0,Red
VAIJAPUR,2026-03-04,850.0,Red
VAIJAPUR,2026-03-05,850.0,Red
VAIJAPUR,2026-03-06,800.0,Red
VAIJAPUR,2026-03-10,850.0,Red
VAIJAPUR,2026-03-12,900.0,Red
VAIJAPUR,2026-03-13,800.0,Red
VAIJAPUR,2026-03-16,808.0,Red
VAIJAPUR,2026-03-17,850.0,Red
VAIJAPUR,2026-03-20,800.0,Red
VAIJAPUR,2026-03-23,700.0,Red
VAIJAPUR,2026-03-24,750.0,Red
VAIJAPUR,2026-03-25,800.0,Red
VAIJAPUR,2026-04-06,650.0,Red
VAIJAPUR,2026-04-08,650.0,Red
VAIJAPUR,2026-04-09,650.0,Red
VAIJAPUR,2026-04-10,650.0,Red
VAIJAPUR,2026-04-15,400.0,Red
VAIJAPUR,2026-04-16,350.0,Red
VAIJAPUR,2026-04-17,750.0,Other
VAIJAPUR,2026-04-22,600.0,Other
VAIJAPUR,2026-04-23,550.0,Other
VAIJAPUR,2026-04-25,600.0,Other
VAIJAPUR,2026-04-27,600.0,Other
VAIJAPUR,2026-04-28,800.0,Other
VAIJAPUR,2026-04-29,850.0,Other
VAIJAPUR,2026-04-30,800.0,Other
VAIJAPUR,2026-05-02,850.0,Other
VAIJAPUR,2026-05-04,800.0,Other
VAIJAPUR,2026-05-05,800.0,Other
YEOLA,2020-01-01,3400.0,Red
YEOLA,2020-01-02,3700.0,Red
YEOLA,2020-01-03,3800.0,Red
YEOLA,2020-01-04,3400.0,Red
YEOLA,2020-01-06,3600.0,Red
YEOLA,2020-01-08,3500.0,Red
YEOLA,2020-01-09,2900.0,Red
YEOLA,2020-01-10,2700.0,Red
YEOLA,2020-01-11,2500.0,Red
YEOLA,2020-01-13,2700.0,Red
YEOLA,2020-01-17,3300.0,Red
YEOLA,2020-01-18,3400.0,Red
YEOLA,2020-01-20,4000.0,Red
YEOLA,2020-01-22,3400.0,Red
YEOLA,2020-01-23,3250.0,Red
YEOLA,2020-01-25,2600.0,Red
YEOLA,2020-01-27,2300.0,Red
YEOLA,2020-01-29,2700.0,Red
YEOLA,2020-01-30,2550.0,Red
YEOLA,2020-01-31,2400.0,Red
YEOLA,2020-02-01,2150.0,Red
YEOLA,2020-02-03,1900.0,Red
YEOLA,2020-02-05,1550.0,Red
YEOLA,2020-02-06,1650.0,Red
YEOLA,2020-02-07,1670.0,Red
YEOLA,2020-02-08,1700.0,Red
YEOLA,2020-02-10,2050.0,Red
YEOLA,2020-02-12,1780.0,Red
YEOLA,2020-02-13,1750.0,Red
YEOLA,2020-02-14,1725.0,Red
YEOLA,2020-02-15,1750.0,Red
YEOLA,2020-02-17,1900.0,Red
YEOLA,2020-02-20,1870.0,Red
YEOLA,2020-02-21,1950.0,Red
YEOLA,2020-02-22,1850.0,Red
YEOLA,2020-02-24,1600.0,Red
YEOLA,2020-02-27,1850.0,Red
YEOLA,2020-02-28,1750.0,Red
YEOLA,2020-02-29,1700.0,Red
YEOLA,2020-03-02,1400.0,Red
YEOLA,2020-03-04,1500.0,Red
YEOLA,2020-03-06,1650.0,Red
YEOLA,2020-03-07,1500.0,Red
YEOLA,2020-03-11,1550.0,Red
YEOLA,2020-03-12,1500.0,Red
YEOLA,2020-03-14,1425.0,Red
YEOLA,2020-03-16,1300.0,Red
YEOLA,2020-03-18,950.0,Red
YEOLA,2020-03-20,1150.0,Red
YEOLA,2020-03-30,1150.0,Red
YEOLA,2020-04-01,1200.0,Other
YEOLA,2020-04-02,1150.0,Other
YEOLA,2020-04-03,950.0,Other
YEOLA,2020-04-04,1150.0,Other
YEOLA,2020-04-06,1000.0,Other
YEOLA,2020-04-15,800.0,Other
YEOLA,2020-04-16,750.0,Other
YEOLA,2020-04-17,750.0,Other
YEOLA,2020-05-18,470.0,Other
YEOLA,2020-05-20,480.0,Other
YEOLA,2020-05-22,550.0,Other
YEOLA,2020-05-23,450.0,Other
YEOLA,2020-05-27,500.0,Other
YEOLA,2020-05-28,570.0,Other
YEOLA,2020-05-29,575.0,Other
YEOLA,2020-05-30,570.0,Other
YEOLA,2020-06-01,600.0,Other
YEOLA,2020-06-03,600.0,Other
YEOLA,2020-06-04,675.0,Other
YEOLA,2020-06-05,725.0,Other
YEOLA,2020-06-06,650.0,Other
YEOLA,2020-06-08,700.0,Other
YEOLA,2020-06-10,800.0,Other
YEOLA,2020-06-11,750.0,Other
YEOLA,2020-06-12,700.0,Other
YEOLA,2020-06-13,625.0,Other
YEOLA,2020-06-17,650.0,Other
YEOLA,2020-06-18,650.0,Other
YEOLA,2020-06-19,650.0,Other
YEOLA,2020-06-22,650.0,Other
YEOLA,2020-06-26,675.0,Other
YEOLA,2020-06-27,700.0,Other
YEOLA,2020-06-29,725.0,Other
YEOLA,2020-07-02,675.0,Other
YEOLA,2020-07-03,650.0,Other
YEOLA,2020-07-04,650.0,Other
YEOLA,2020-07-08,670.0,Other
YEOLA,2020-07-10,650.0,Other
YEOLA,2020-07-11,600.0,Other
YEOLA,2020-07-13,600.0,Other
YEOLA,2020-07-17,650.0,Other
YEOLA,2020-07-18,640.0,Other
YEOLA,2020-07-22,625.0,Other
YEOLA,2020-07-23,600.0,Other
YEOLA,2020-07-24,600.0,Other
YEOLA,2020-07-29,575.0,Other
YEOLA,2020-07-30,550.0,Other
YEOLA,2020-07-31,600.0,Other
YEOLA,2020-08-05,525.0,Other
YEOLA,2020-08-06,500.0,Other
YEOLA,2020-08-07,600.0,Other
YEOLA,2020-08-08,650.0,Other
YEOLA,2020-08-10,700.0,Other
YEOLA,2020-08-13,950.0,Other
YEOLA,2020-08-14,1100.0,Other
YEOLA,2020-08-17,1325.0,Other
YEOLA,2020-08-19,1850.0,Other
YEOLA,2020-08-20,1350.0,Other
YEOLA,2020-08-24,1150.0,Other
YEOLA,2020-08-26,1650.0,Other
YEOLA,2020-08-27,1450.0,Other
YEOLA,2020-08-28,1400.0,Other
YEOLA,2020-08-29,1400.0,Other
YEOLA,2020-09-02,1800.0,Other
YEOLA,2020-09-03,1900.0,Other
YEOLA,2020-09-04,2000.0,Other
YEOLA,2020-09-05,1800.0,Other
YEOLA,2020-09-07,1800.0,Other
YEOLA,2020-09-09,2375.0,Other
YEOLA,2020-09-10,2300.0,Other
YEOLA,2020-09-11,2200.0,Other
YEOLA,2020-09-14,2850.0,Other
YEOLA,2020-09-16,2500.0,Other
YEOLA,2020-09-18,2600.0,Other
YEOLA,2020-09-19,2800.0,Other
YEOLA,2020-09-21,3500.0,Other
YEOLA,2020-09-23,3300.0,Other
YEOLA,2020-09-24,3200.0,Other
YEOLA,2020-09-25,3000.0,Other
YEOLA,2020-09-26,3100.0,Other
YEOLA,2020-09-28,3200.0,Other
YEOLA,2020-09-30,3100.0,Other
YEOLA,2020-10-01,3150.0,Other
YEOLA,2020-10-05,2800.0,Other
YEOLA,2020-10-07,3200.0,Other
YEOLA,2020-10-08,3100.0,Other
YEOLA,2020-10-09,3400.0,Other
YEOLA,2020-10-10,3500.0,Other
YEOLA,2020-10-12,3800.0,Other
YEOLA,2020-10-14,4000.0,Other
YEOLA,2020-10-15,4000.0,Other
YEOLA,2020-10-30,5300.0,Other
YEOLA,2020-10-31,5300.0,Other
YEOLA,2020-11-02,5400.0,Other
YEOLA,2020-11-04,3300.0,Other
YEOLA,2020-11-06,3200.0,Other
YEOLA,2020-11-07,3200.0,Other
YEOLA,2020-11-09,3850.0,Other
YEOLA,2020-11-19,3500.0,Other
YEOLA,2020-11-20,3800.0,Other
YEOLA,2020-11-21,3700.0,Other
YEOLA,2020-11-23,3300.0,Other
YEOLA,2020-11-25,3200.0,Other
YEOLA,2020-11-27,2100.0,Other
YEOLA,2020-11-30,2700.0,Other
YEOLA,2020-12-02,2400.0,Other
YEOLA,2020-12-03,2100.0,Other
YEOLA,2020-12-04,1700.0,Other
YEOLA,2020-12-09,2400.0,Other
YEOLA,2020-12-10,2350.0,Other
YEOLA,2020-12-11,2400.0,Other
YEOLA,2020-12-12,2600.0,Other
YEOLA,2020-12-16,2100.0,Other
YEOLA,2020-12-17,1700.0,Other
YEOLA,2020-12-18,1400.0,Other
YEOLA,2020-12-19,1600.0,Other
YEOLA,2020-12-21,1350.0,Other
YEOLA,2020-12-23,1800.0,Other
YEOLA,2020-12-24,2150.0,Red
YEOLA,2020-12-25,1900.0,Red
YEOLA,2020-12-26,1800.0,Red
YEOLA,2020-12-28,1500.0,Red
YEOLA,2020-12-30,2350.0,Red
YEOLA,2020-12-31,2350.0,Red
YEOLA,2021-01-01,2300.0,Red
YEOLA,2021-01-02,2000.0,Red
YEOLA,2021-01-04,2450.0,Red
YEOLA,2021-01-06,2450.0,Red
YEOLA,2021-01-09,3000.0,Red
YEOLA,2021-01-16,2300.0,Red
YEOLA,2021-01-18,2550.0,Red
YEOLA,2021-01-20,2650.0,Red
YEOLA,2021-01-21,2600.0,Red
YEOLA,2021-01-22,2350.0,Red
YEOLA,2021-01-23,2200.0,Red
YEOLA,2021-01-25,2200.0,Red
YEOLA,2021-01-27,2300.0,Red
YEOLA,2021-01-28,2600.0,Red
YEOLA,2021-01-29,2625.0,Red
YEOLA,2021-01-30,2850.0,Red
YEOLA,2021-02-01,3200.0,Red
YEOLA,2021-02-03,3250.0,Red
YEOLA,2021-02-04,2850.0,Red
YEOLA,2021-02-05,2500.0,Red
YEOLA,2021-02-06,2600.0,Red
YEOLA,2021-02-08,3250.0,Red
YEOLA,2021-02-10,3350.0,Red
YEOLA,2021-02-12,3350.0,Red
YEOLA,2021-02-13,3250.0,Red
YEOLA,2021-02-15,3150.0,Red
YEOLA,2021-02-17,3800.0,Red
YEOLA,2021-02-18,3450.0,Red
YEOLA,2021-02-20,3950.0,Red
YEOLA,2021-02-22,3600.0,Red
YEOLA,2021-02-24,3000.0,Red
YEOLA,2021-02-25,2000.0,Red
YEOLA,2021-02-26,1900.0,Red
YEOLA,2021-02-27,1900.0,Red
YEOLA,2021-03-01,2400.0,Red
YEOLA,2021-03-03,2250.0,Red
YEOLA,2021-03-04,1800.0,Red
YEOLA,2021-03-05,1550.0,Red
YEOLA,2021-03-06,1600.0,Red
YEOLA,2021-03-08,1300.0,Red
YEOLA,2021-03-10,900.0,Red
YEOLA,2021-03-12,1270.0,Red
YEOLA,2021-03-15,1300.0,Red
YEOLA,2021-03-20,800.0,Red
YEOLA,2021-03-22,850.0,Red
YEOLA,2021-03-24,850.0,Red
YEOLA,2021-04-05,750.0,Red
YEOLA,2021-04-07,750.0,Red
YEOLA,2021-04-08,600.0,Red
YEOLA,2021-04-09,700.0,Red
YEOLA,2021-04-12,750.0,Red
YEOLA,2021-04-15,700.0,Red
YEOLA,2021-04-16,850.0,Red
YEOLA,2021-04-17,800.0,Red
YEOLA,2021-04-19,830.0,Red
YEOLA,2021-04-23,1050.0,Red
YEOLA,2021-04-26,1000.0,Red
YEOLA,2021-04-28,1050.0,Red
YEOLA,2021-04-29,1000.0,Red
YEOLA,2021-05-03,1000.0,Red
YEOLA,2021-05-05,1150.0,Other
YEOLA,2021-05-07,1225.0,Other
YEOLA,2021-05-12,1200.0,Other
YEOLA,2021-05-13,1000.0,Other
YEOLA,2021-05-15,1000.0,Other
YEOLA,2021-05-17,1050.0,Other
YEOLA,2021-05-19,1000.0,Other
YEOLA,2021-05-20,1000.0,Other
YEOLA,2021-05-21,1100.0,Other
YEOLA,2021-05-22,1000.0,Other
YEOLA,2021-05-24,1350.0,Other
YEOLA,2021-05-25,1350.0,Other
YEOLA,2021-05-26,1400.0,Other
YEOLA,2021-05-27,1400.0,Other
YEOLA,2021-05-28,1450.0,Other
YEOLA,2021-05-29,1450.0,Other
YEOLA,2021-05-31,1600.0,Other
YEOLA,2021-06-02,1600.0,Other
YEOLA,2021-06-03,1550.0,Other
YEOLA,2021-06-04,1650.0,Other
YEOLA,2021-06-05,1600.0,Other
YEOLA,2021-06-07,1600.0,Other
YEOLA,2021-06-09,1600.0,Other
YEOLA,2021-06-11,1650.0,Other
YEOLA,2021-06-12,1600.0,Other
YEOLA,2021-06-14,1600.0,Other
YEOLA,2021-06-16,1700.0,Other
YEOLA,2021-06-17,1750.0,Other
YEOLA,2021-06-18,1750.0,Other
YEOLA,2021-06-19,1600.0,Other
YEOLA,2021-06-21,1850.0,Other
YEOLA,2021-06-23,1750.0,Other
YEOLA,2021-06-24,1600.0,Other
YEOLA,2021-06-25,1650.0,Other
YEOLA,2021-06-26,1650.0,Other
YEOLA,2021-06-28,1650.0,Other
YEOLA,2021-06-30,1600.0,Other
YEOLA,2021-07-01,1550.0,Other
YEOLA,2021-07-02,1600.0,Other
YEOLA,2021-07-03,1600.0,Other
YEOLA,2021-07-05,1650.0,Other
YEOLA,2021-07-07,1650.0,Other
YEOLA,2021-07-08,1550.0,Other
YEOLA,2021-07-10,1575.0,Other
YEOLA,2021-07-12,1550.0,Other
YEOLA,2021-07-14,1425.0,Other
YEOLA,2021-07-15,1350.0,Other
YEOLA,2021-07-16,1400.0,Other
YEOLA,2021-07-17,1425.0,Other
YEOLA,2021-07-19,1500.0,Other
YEOLA,2021-07-22,1550.0,Other
YEOLA,2021-07-23,1650.0,Other
YEOLA,2021-07-24,1650.0,Other
YEOLA,2021-07-26,1725.0,Other
YEOLA,2021-07-28,1650.0,Other
YEOLA,2021-07-29,1580.0,Other
YEOLA,2021-07-30,1650.0,Other
YEOLA,2021-07-31,1600.0,Other
YEOLA,2021-08-02,1525.0,Other
YEOLA,2021-08-04,1550.0,Other
YEOLA,2021-08-05,1550.0,Other
YEOLA,2021-08-06,1550.0,Other
YEOLA,2021-08-07,1500.0,Other
YEOLA,2021-08-09,1500.0,Other
YEOLA,2021-08-11,1600.0,Other
YEOLA,2021-08-12,1600.0,Other
YEOLA,2021-08-14,1625.0,Other
YEOLA,2021-08-16,1700.0,Other
YEOLA,2021-08-18,1600.0,Other
YEOLA,2021-08-20,1600.0,Other
YEOLA,2021-08-21,1575.0,Other
YEOLA,2021-08-23,1550.0,Other
YEOLA,2021-08-25,1450.0,Other
YEOLA,2021-08-26,1350.0,Other
YEOLA,2021-08-27,1325.0,Other
YEOLA,2021-08-28,1300.0,Other
YEOLA,2021-08-30,1350.0,Other
YEOLA,2021-09-01,1450.0,Other
YEOLA,2021-09-02,1350.0,Other
YEOLA,2021-09-03,1300.0,Other
YEOLA,2021-09-04,1250.0,Other
YEOLA,2021-09-06,1350.0,Other
YEOLA,2021-09-08,1400.0,Other
YEOLA,2021-09-09,1350.0,Other
YEOLA,2021-09-13,1350.0,Other
YEOLA,2021-09-15,1250.0,Other
YEOLA,2021-09-16,1250.0,Other
YEOLA,2021-09-17,1375.0,Other
YEOLA,2021-09-18,1350.0,Other
YEOLA,2021-09-20,1650.0,Other
YEOLA,2021-09-22,1900.0,Other
YEOLA,2021-09-23,1950.0,Other
YEOLA,2021-09-24,1950.0,Other
YEOLA,2021-09-25,1750.0,Other
YEOLA,2021-09-27,1700.0,Other
YEOLA,2021-09-29,2000.0,Other
YEOLA,2021-09-30,2300.0,Other
YEOLA,2021-10-01,2350.0,Other
YEOLA,2021-10-04,3350.0,Other
YEOLA,2021-10-06,2700.0,Other
YEOLA,2021-10-07,3100.0,Other
YEOLA,2021-10-08,3200.0,Other
YEOLA,2021-10-09,3250.0,Other
YEOLA,2021-10-13,3250.0,Other
YEOLA,2021-10-14,3000.0,Other
YEOLA,2021-10-16,3100.0,Other
YEOLA,2021-10-18,3100.0,Other
YEOLA,2021-10-20,2300.0,Other
YEOLA,2021-10-21,2150.0,Other
YEOLA,2021-10-22,2250.0,Other
YEOLA,2021-10-23,2300.0,Other
YEOLA,2021-10-25,2250.0,Other
YEOLA,2021-10-27,2100.0,Other
YEOLA,2021-10-28,2100.0,Other
YEOLA,2021-10-29,2300.0,Other
YEOLA,2021-11-08,2400.0,Other
YEOLA,2021-11-11,2200.0,Other
YEOLA,2021-11-12,2000.0,Other
YEOLA,2021-11-15,1750.0,Other
YEOLA,2021-11-17,1400.0,Other
YEOLA,2021-11-18,1500.0,Other
YEOLA,2021-11-19,1600.0,Other
YEOLA,2021-11-20,1700.0,Other
YEOLA,2021-11-22,1850.0,Other
YEOLA,2021-11-24,1750.0,Other
YEOLA,2021-11-25,1700.0,Other
YEOLA,2021-11-26,1600.0,Other
YEOLA,2021-11-29,1350.0,Other
YEOLA,2021-12-01,1400.0,Other
YEOLA,2021-12-02,1693.0,Other
YEOLA,2021-12-03,2151.0,Other
YEOLA,2021-12-04,1600.0,Other
YEOLA,2021-12-06,1500.0,Other
YEOLA,2021-12-08,1600.0,Red
YEOLA,2021-12-09,1751.0,Red
YEOLA,2021-12-10,1800.0,Red
YEOLA,2021-12-11,1800.0,Red
YEOLA,2021-12-13,2000.0,Red
YEOLA,2021-12-15,2000.0,Red
YEOLA,2021-12-16,1400.0,Red
YEOLA,2021-12-17,1500.0,Red
YEOLA,2021-12-20,1600.0,Red
YEOLA,2021-12-22,1750.0,Red
YEOLA,2021-12-23,1700.0,Red
YEOLA,2021-12-24,1750.0,Red
YEOLA,2021-12-25,1600.0,Red
YEOLA,2021-12-27,1650.0,Red
YEOLA,2021-12-29,1700.0,Red
YEOLA,2021-12-30,1500.0,Red
YEOLA,2021-12-31,1500.0,Red
YEOLA,2022-01-01,1600.0,Red
YEOLA,2022-01-03,1800.0,Red
YEOLA,2022-01-05,2000.0,Red
YEOLA,2022-01-06,1900.0,Red
YEOLA,2022-01-07,1900.0,Red
YEOLA,2022-01-08,1950.0,Red
YEOLA,2022-01-10,1750.0,Red
YEOLA,2022-01-12,1800.0,Red
YEOLA,2022-01-13,1750.0,Red
YEOLA,2022-01-17,1750.0,Red
YEOLA,2022-01-19,2000.0,Red
YEOLA,2022-01-20,2050.0,Red
YEOLA,2022-01-21,2200.0,Red
YEOLA,2022-01-22,2000.0,Red
YEOLA,2022-01-24,1900.0,Red
YEOLA,2022-01-27,1850.0,Red
YEOLA,2022-01-28,1800.0,Red
YEOLA,2022-01-29,1750.0,Red
YEOLA,2022-01-31,1800.0,Red
YEOLA,2022-02-02,2000.0,Red
YEOLA,2022-02-03,1800.0,Red
YEOLA,2022-02-04,1901.0,Red
YEOLA,2022-02-05,1950.0,Red
YEOLA,2022-02-07,1950.0,Red
YEOLA,2022-02-09,2300.0,Red
YEOLA,2022-02-10,2650.0,Red
YEOLA,2022-02-11,2550.0,Red
YEOLA,2022-02-12,2100.0,Red
YEOLA,2022-02-14,2200.0,Red
YEOLA,2022-02-16,2000.0,Red
YEOLA,2022-02-17,2300.0,Red
YEOLA,2022-02-18,2350.0,Red
YEOLA,2022-02-21,2200.0,Red
YEOLA,2022-02-23,2150.0,Red
YEOLA,2022-02-24,2000.0,Red
YEOLA,2022-02-25,1900.0,Red
YEOLA,2022-02-26,2000.0,Red
YEOLA,2022-02-28,1550.0,Red
YEOLA,2022-03-02,1500.0,Red
YEOLA,2022-03-03,1450.0,Red
YEOLA,2022-03-04,1400.0,Red
YEOLA,2022-03-05,1350.0,Red
YEOLA,2022-03-07,1150.0,Red
YEOLA,2022-03-09,1150.0,Red
YEOLA,2022-03-10,1200.0,Red
YEOLA,2022-03-11,1100.0,Red
YEOLA,2022-03-12,1000.0,Red
YEOLA,2022-03-14,900.0,Red
YEOLA,2022-03-16,850.0,Red
YEOLA,2022-03-19,700.0,Red
YEOLA,2022-03-21,700.0,Red
YEOLA,2022-03-23,675.0,Red
YEOLA,2022-03-25,700.0,Red
YEOLA,2022-03-28,650.0,Red
YEOLA,2022-04-02,650.0,Red
YEOLA,2022-04-04,600.0,Red
YEOLA,2022-04-06,600.0,Red
YEOLA,2022-04-07,550.0,Red
YEOLA,2022-04-08,550.0,Red
YEOLA,2022-04-09,600.0,Red
YEOLA,2022-04-11,600.0,Red
YEOLA,2022-04-13,600.0,Red
YEOLA,2022-04-15,650.0,Red
YEOLA,2022-04-18,650.0,Red
YEOLA,2022-04-20,600.0,Red
YEOLA,2022-04-21,550.0,Red
YEOLA,2022-04-22,550.0,Red
YEOLA,2022-04-23,500.0,Red
YEOLA,2022-04-25,750.0,Other
YEOLA,2022-04-27,750.0,Other
YEOLA,2022-04-28,750.0,Other
YEOLA,2022-04-29,750.0,Other
YEOLA,2022-05-02,650.0,Other
YEOLA,2022-05-04,700.0,Other
YEOLA,2022-05-05,750.0,Other
YEOLA,2022-05-06,800.0,Other
YEOLA,2022-05-07,700.0,Other
YEOLA,2022-05-09,725.0,Other
YEOLA,2022-05-11,750.0,Other
YEOLA,2022-05-13,600.0,Other
YEOLA,2022-05-14,650.0,Other
YEOLA,2022-05-16,625.0,Other
YEOLA,2022-05-18,650.0,Other
YEOLA,2022-05-19,600.0,Other
YEOLA,2022-05-20,650.0,Other
YEOLA,2022-05-21,600.0,Other
YEOLA,2022-05-23,700.0,Other
YEOLA,2022-05-25,700.0,Other
YEOLA,2022-05-26,750.0,Other
YEOLA,2022-05-27,825.0,Other
YEOLA,2022-05-28,850.0,Other
YEOLA,2022-05-30,800.0,Other
YEOLA,2022-06-01,950.0,Other
YEOLA,2022-06-02,800.0,Other
YEOLA,2022-06-03,850.0,Other
YEOLA,2022-06-04,750.0,Other
YEOLA,2022-06-08,855.0,Other
YEOLA,2022-06-09,850.0,Other
YEOLA,2022-06-10,900.0,Other
YEOLA,2022-06-11,1000.0,Other
YEOLA,2022-06-13,1100.0,Other
YEOLA,2022-06-15,1075.0,Other
YEOLA,2022-06-16,1100.0,Other
YEOLA,2022-06-17,1050.0,Other
YEOLA,2022-06-18,1000.0,Other
YEOLA,2022-06-20,1050.0,Other
YEOLA,2022-06-22,1100.0,Other
YEOLA,2022-06-24,1225.0,Other
YEOLA,2022-06-25,1150.0,Other
YEOLA,2022-06-27,1150.0,Other
YEOLA,2022-06-29,1100.0,Other
YEOLA,2022-06-30,1050.0,Other
YEOLA,2022-07-01,1000.0,Other
YEOLA,2022-07-02,1000.0,Other
YEOLA,2022-07-04,1050.0,Other
YEOLA,2022-07-06,1050.0,Other
YEOLA,2022-07-07,1050.0,Other
YEOLA,2022-07-08,1100.0,Other
YEOLA,2022-07-09,1100.0,Other
YEOLA,2022-07-11,1100.0,Other
YEOLA,2022-07-13,1100.0,Other
YEOLA,2022-07-14,1100.0,Other
YEOLA,2022-07-15,1000.0,Other
YEOLA,2022-07-16,1000.0,Other
YEOLA,2022-07-18,1000.0,Other
YEOLA,2022-07-20,950.0,Other
YEOLA,2022-07-21,900.0,Other
YEOLA,2022-07-23,900.0,Other
YEOLA,2022-07-25,950.0,Other
YEOLA,2022-07-27,950.0,Other
YEOLA,2022-07-28,950.0,Other
YEOLA,2022-07-29,950.0,Other
YEOLA,2022-07-30,950.0,Other
YEOLA,2022-08-01,950.0,Other
YEOLA,2022-08-03,1050.0,Other
YEOLA,2022-08-04,1000.0,Other
YEOLA,2022-08-05,950.0,Other
YEOLA,2022-08-06,950.0,Other
YEOLA,2022-08-08,950.0,Other
YEOLA,2022-08-10,950.0,Other
YEOLA,2022-08-12,950.0,Other
YEOLA,2022-08-13,1025.0,Other
YEOLA,2022-08-17,1050.0,Other
YEOLA,2022-08-18,1100.0,Other
YEOLA,2022-08-19,1100.0,Other
YEOLA,2022-08-22,1050.0,Other
YEOLA,2022-08-24,1025.0,Other
YEOLA,2022-08-25,1000.0,Other
YEOLA,2022-08-27,950.0,Other
YEOLA,2022-08-29,950.0,Other
YEOLA,2022-09-01,950.0,Other
YEOLA,2022-09-02,850.0,Other
YEOLA,2022-09-03,850.0,Other
YEOLA,2022-09-05,850.0,Other
YEOLA,2022-09-07,950.0,Other
YEOLA,2022-09-08,850.0,Other
YEOLA,2022-09-10,850.0,Other
YEOLA,2022-09-12,900.0,Other
YEOLA,2022-09-14,850.0,Other
YEOLA,2022-09-15,800.0,Other
YEOLA,2022-09-16,850.0,Other
YEOLA,2022-09-17,800.0,Other
YEOLA,2022-09-19,850.0,Other
YEOLA,2022-09-21,850.0,Other
YEOLA,2022-09-22,900.0,Other
YEOLA,2022-09-23,900.0,Other
YEOLA,2022-09-24,900.0,Other
YEOLA,2022-09-26,950.0,Other
YEOLA,2022-09-28,1100.0,Other
YEOLA,2022-09-29,1200.0,Other
YEOLA,2022-09-30,1200.0,Other
YEOLA,2022-10-01,1200.0,Other
YEOLA,2022-10-03,1200.0,Other
YEOLA,2022-10-06,1250.0,Other
YEOLA,2022-10-07,1450.0,Other
YEOLA,2022-10-08,1500.0,Other
YEOLA,2022-10-10,1600.0,Other
YEOLA,2022-10-12,1650.0,Other
YEOLA,2022-10-13,1550.0,Other
YEOLA,2022-10-14,1750.0,Other
YEOLA,2022-10-15,1650.0,Other
YEOLA,2022-10-17,1600.0,Other
YEOLA,2022-10-19,1550.0,Other
YEOLA,2022-10-20,1550.0,Other
YEOLA,2022-10-21,1600.0,Other
YEOLA,2022-10-31,2450.0,Other
YEOLA,2022-11-02,2300.0,Other
YEOLA,2022-11-03,2300.0,Other
YEOLA,2022-11-04,2200.0,Other
YEOLA,2022-11-05,2100.0,Other
YEOLA,2022-11-07,2100.0,Other
YEOLA,2022-11-10,1700.0,Other
YEOLA,2022-11-11,1700.0,Other
YEOLA,2022-11-12,1700.0,Other
YEOLA,2022-11-14,1300.0,Other
YEOLA,2022-11-16,1300.0,Other
YEOLA,2022-11-17,1300.0,Other
YEOLA,2022-11-18,900.0,Other
YEOLA,2022-11-21,850.0,Other
YEOLA,2022-11-23,1300.0,Other
YEOLA,2022-11-24,1200.0,Other
YEOLA,2022-11-25,1100.0,Other
YEOLA,2022-11-26,1100.0,Other
YEOLA,2022-11-28,1000.0,Other
YEOLA,2022-11-30,850.0,Other
YEOLA,2022-12-01,850.0,Other
YEOLA,2022-12-02,850.0,Other
YEOLA,2022-12-03,750.0,Other
YEOLA,2022-12-05,700.0,Other
YEOLA,2022-12-08,851.0,Other
YEOLA,2022-12-09,850.0,Other
YEOLA,2022-12-10,750.0,Other
YEOLA,2022-12-12,800.0,Other
YEOLA,2022-12-14,700.0,Other
YEOLA,2022-12-15,750.0,Other
YEOLA,2022-12-16,700.0,Other
YEOLA,2022-12-17,700.0,Other
YEOLA,2022-12-19,1350.0,Red
YEOLA,2022-12-21,1500.0,Red
YEOLA,2022-12-22,1450.0,Red
YEOLA,2022-12-23,1450.0,Red
YEOLA,2022-12-24,1650.0,Red
YEOLA,2022-12-26,1600.0,Red
YEOLA,2022-12-28,1400.0,Red
YEOLA,2022-12-29,1350.0,Red
YEOLA,2022-12-30,1300.0,Red
YEOLA,2022-12-31,1300.0,Red
YEOLA,2023-01-02,1350.0,Red
YEOLA,2023-01-04,1375.0,Red
YEOLA,2023-01-05,1425.0,Red
YEOLA,2023-01-06,1250.0,Red
YEOLA,2023-01-07,1300.0,Red
YEOLA,2023-01-11,1250.0,Red
YEOLA,2023-01-12,1270.0,Red
YEOLA,2023-01-13,1175.0,Red
YEOLA,2023-01-18,1175.0,Red
YEOLA,2023-01-19,1250.0,Red
YEOLA,2023-01-20,1225.0,Red
YEOLA,2023-01-21,1250.0,Red
YEOLA,2023-01-23,1225.0,Red
YEOLA,2023-01-25,1200.0,Red
YEOLA,2023-01-27,1100.0,Red
YEOLA,2023-01-28,1075.0,Red
YEOLA,2023-01-30,975.0,Red
YEOLA,2023-02-02,970.0,Red
YEOLA,2023-02-03,950.0,Red
YEOLA,2023-02-04,1000.0,Red
YEOLA,2023-02-06,950.0,Red
YEOLA,2023-02-08,900.0,Red
YEOLA,2023-02-09,850.0,Red
YEOLA,2023-02-10,800.0,Red
YEOLA,2023-02-13,700.0,Red
YEOLA,2023-02-15,600.0,Red
YEOLA,2023-02-16,550.0,Red
YEOLA,2023-02-17,550.0,Red
YEOLA,2023-02-20,600.0,Red
YEOLA,2023-02-22,500.0,Red
YEOLA,2023-02-23,500.0,Red
YEOLA,2023-02-24,450.0,Red
YEOLA,2023-02-25,500.0,Red
YEOLA,2023-02-27,450.0,Red
YEOLA,2023-03-01,650.0,Red
YEOLA,2023-03-02,675.0,Red
YEOLA,2023-03-03,650.0,Red
YEOLA,2023-03-04,670.0,Red
YEOLA,2023-03-08,750.0,Red
YEOLA,2023-03-09,675.0,Red
YEOLA,2023-03-10,675.0,Red
YEOLA,2023-03-11,675.0,Red
YEOLA,2023-03-13,650.0,Red
YEOLA,2023-03-15,550.0,Red
YEOLA,2023-03-16,575.0,Red
YEOLA,2023-03-17,650.0,Red
YEOLA,2023-03-18,700.0,Red
YEOLA,2023-03-20,700.0,Red
YEOLA,2023-03-23,675.0,Red
YEOLA,2023-03-24,675.0,Red
YEOLA,2023-03-25,600.0,Red
YEOLA,2023-03-27,650.0,Red
YEOLA,2023-03-29,650.0,Red
YEOLA,2023-03-31,400.0,Red
YEOLA,2023-04-03,450.0,Red
YEOLA,2023-04-07,450.0,Red
YEOLA,2023-04-08,600.0,Red
YEOLA,2023-04-10,450.0,Red
YEOLA,2023-04-12,600.0,Red
YEOLA,2023-04-13,600.0,Red
YEOLA,2023-04-15,550.0,Red
YEOLA,2023-04-17,700.0,Other
YEOLA,2023-04-19,700.0,Other
YEOLA,2023-04-20,650.0,Other
YEOLA,2023-04-21,650.0,Other
YEOLA,2023-04-24,650.0,Other
YEOLA,2023-04-26,575.0,Other
YEOLA,2023-04-29,550.0,Other
YEOLA,2023-05-03,600.0,Other
YEOLA,2023-05-04,600.0,Other
YEOLA,2023-05-05,700.0,Other
YEOLA,2023-05-06,700.0,Other
YEOLA,2023-05-08,650.0,Other
YEOLA,2023-05-10,650.0,Other
YEOLA,2023-05-11,600.0,Other
YEOLA,2023-05-12,650.0,Other
YEOLA,2023-05-13,650.0,Other
YEOLA,2023-05-17,650.0,Other
YEOLA,2023-05-18,600.0,Other
YEOLA,2023-05-19,550.0,Other
YEOLA,2023-05-20,550.0,Other
YEOLA,2023-05-22,600.0,Other
YEOLA,2023-05-24,700.0,Other
YEOLA,2023-05-25,650.0,Other
YEOLA,2023-05-26,650.0,Other
YEOLA,2023-05-27,700.0,Other
YEOLA,2023-05-31,650.0,Other
YEOLA,2023-06-01,650.0,Other
YEOLA,2023-06-02,650.0,Other
YEOLA,2023-06-03,650.0,Other
YEOLA,2023-06-05,800.0,Other
YEOLA,2023-06-07,850.0,Other
YEOLA,2023-06-08,800.0,Other
YEOLA,2023-06-09,800.0,Other
YEOLA,2023-06-10,800.0,Other
YEOLA,2023-06-12,750.0,Other
YEOLA,2023-06-14,800.0,Other
YEOLA,2023-06-15,750.0,Other
YEOLA,2023-06-16,750.0,Other
YEOLA,2023-06-17,700.0,Other
YEOLA,2023-06-19,750.0,Other
YEOLA,2023-06-21,800.0,Other
YEOLA,2023-06-22,825.0,Other
YEOLA,2023-06-23,825.0,Other
YEOLA,2023-06-24,850.0,Other
YEOLA,2023-06-26,1000.0,Other
YEOLA,2023-06-28,1250.0,Other
YEOLA,2023-06-30,1300.0,Other
YEOLA,2023-07-01,1350.0,Other
YEOLA,2023-07-03,1325.0,Other
YEOLA,2023-07-05,1200.0,Other
YEOLA,2023-07-06,1150.0,Other
YEOLA,2023-07-07,1100.0,Other
YEOLA,2023-07-08,1050.0,Other
YEOLA,2023-07-10,1150.0,Other
YEOLA,2023-07-12,1050.0,Other
YEOLA,2023-07-13,1100.0,Other
YEOLA,2023-07-15,1050.0,Other
YEOLA,2023-07-17,1200.0,Other
YEOLA,2023-07-19,1200.0,Other
YEOLA,2023-07-20,1200.0,Other
YEOLA,2023-07-21,1100.0,Other
YEOLA,2023-07-24,1050.0,Other
YEOLA,2023-07-26,1200.0,Other
YEOLA,2023-07-27,1100.0,Other
YEOLA,2023-07-28,1100.0,Other
YEOLA,2023-07-31,1200.0,Other
YEOLA,2023-08-02,1300.0,Other
YEOLA,2023-08-03,1400.0,Other
YEOLA,2023-08-04,1400.0,Other
YEOLA,2023-08-05,1525.0,Other
YEOLA,2023-08-07,1700.0,Other
YEOLA,2023-08-09,1650.0,Other
YEOLA,2023-08-10,1850.0,Other
YEOLA,2023-08-11,2200.0,Other
YEOLA,2023-08-12,2000.0,Other
YEOLA,2023-08-14,2100.0,Other
YEOLA,2023-08-16,2250.0,Other
YEOLA,2023-08-17,2000.0,Other
YEOLA,2023-08-18,1900.0,Other
YEOLA,2023-08-19,1900.0,Other
YEOLA,2023-08-24,1950.0,Other
YEOLA,2023-08-26,1900.0,Other
YEOLA,2023-08-28,1900.0,Other
YEOLA,2023-08-31,2000.0,Other
YEOLA,2023-09-01,2000.0,Other
YEOLA,2023-09-02,2050.0,Other
YEOLA,2023-09-04,2000.0,Other
YEOLA,2023-09-06,1950.0,Other
YEOLA,2023-09-08,1850.0,Other
YEOLA,2023-09-09,1800.0,Other
YEOLA,2023-09-11,1700.0,Other
YEOLA,2023-09-13,1750.0,Other
YEOLA,2023-09-15,1800.0,Other
YEOLA,2023-09-16,1750.0,Other
YEOLA,2023-09-18,1750.0,Other
YEOLA,2023-10-04,1850.0,Other
YEOLA,2023-10-05,1900.0,Other
YEOLA,2023-10-06,1950.0,Other
YEOLA,2023-10-07,2000.0,Other
YEOLA,2023-10-10,2250.0,Other
YEOLA,2023-10-11,2250.0,Other
YEOLA,2023-10-12,2250.0,Other
YEOLA,2023-10-13,2200.0,Other
YEOLA,2023-10-14,2350.0,Other
YEOLA,2023-10-16,2750.0,Other
YEOLA,2023-10-18,3150.0,Other
YEOLA,2023-10-19,3100.0,Other
YEOLA,2023-10-20,3000.0,Other
YEOLA,2023-10-21,3150.0,Other
YEOLA,2023-10-23,3750.0,Other
YEOLA,2023-10-25,4150.0,Other
YEOLA,2023-10-26,4400.0,Other
YEOLA,2023-10-27,4750.0,Other
YEOLA,2023-10-28,4350.0,Other
YEOLA,2023-10-30,4000.0,Other
YEOLA,2023-11-01,3900.0,Other
YEOLA,2023-11-03,3200.0,Other
YEOLA,2023-11-04,3000.0,Other
YEOLA,2023-11-06,2700.0,Other
YEOLA,2023-11-20,3000.0,Other
YEOLA,2023-11-22,2950.0,Other
YEOLA,2023-11-23,3100.0,Other
YEOLA,2023-11-24,3150.0,Other
YEOLA,2023-11-25,3150.0,Other
YEOLA,2023-11-27,4100.0,Other
YEOLA,2023-11-29,3600.0,Red
YEOLA,2023-11-30,3050.0,Red
YEOLA,2023-12-02,3200.0,Red
YEOLA,2023-12-04,3300.0,Red
YEOLA,2023-12-06,3400.0,Red
YEOLA,2023-12-07,3350.0,Red
YEOLA,2023-12-11,2050.0,Red
YEOLA,2023-12-13,1650.0,Red
YEOLA,2023-12-14,1750.0,Red
YEOLA,2023-12-15,1650.0,Red
YEOLA,2023-12-16,1700.0,Red
YEOLA,2023-12-18,1850.0,Red
YEOLA,2023-12-20,1800.0,Red
YEOLA,2023-12-21,1800.0,Red
YEOLA,2023-12-22,1650.0,Red
YEOLA,2023-12-23,1550.0,Red
YEOLA,2023-12-27,1350.0,Red
YEOLA,2023-12-28,1450.0,Red
YEOLA,2023-12-29,1400.0,Red
YEOLA,2023-12-30,1650.0,Red
YEOLA,2024-01-01,1800.0,Red
YEOLA,2024-01-03,1800.0,Red
YEOLA,2024-01-04,1600.0,Red
YEOLA,2024-01-05,1650.0,Red
YEOLA,2024-01-06,1700.0,Red
YEOLA,2024-01-08,1725.0,Red
YEOLA,2024-01-10,1800.0,Red
YEOLA,2024-01-11,1700.0,Red
YEOLA,2024-01-12,1650.0,Red
YEOLA,2024-01-13,1600.0,Red
YEOLA,2024-01-17,1400.0,Red
YEOLA,2024-01-18,1350.0,Red
YEOLA,2024-01-19,1300.0,Red
YEOLA,2024-01-20,1225.0,Red
YEOLA,2024-01-24,1000.0,Red
YEOLA,2024-01-25,900.0,Red
YEOLA,2024-01-27,1000.0,Red
YEOLA,2024-01-29,1025.0,Red
YEOLA,2024-01-31,1250.0,Red
YEOLA,2024-02-01,1375.0,Red
YEOLA,2024-02-02,1200.0,Red
YEOLA,2024-02-03,1150.0,Red
YEOLA,2024-02-05,1100.0,Red
YEOLA,2024-02-07,1000.0,Red
YEOLA,2024-02-08,1050.0,Red
YEOLA,2024-02-09,1050.0,Red
YEOLA,2024-02-10,1100.0,Red
YEOLA,2024-02-12,1100.0,Red
YEOLA,2024-02-14,1250.0,Red
YEOLA,2024-02-16,1150.0,Red
YEOLA,2024-02-17,1250.0,Red
YEOLA,2024-02-21,1400.0,Red
YEOLA,2024-02-22,1400.0,Red
YEOLA,2024-02-23,1650.0,Red
YEOLA,2024-02-24,1700.0,Red
YEOLA,2024-02-28,1650.0,Red
YEOLA,2024-02-29,1550.0,Red
YEOLA,2024-03-01,1600.0,Red
YEOLA,2024-03-02,1600.0,Red
YEOLA,2024-03-04,1650.0,Red
YEOLA,2024-03-06,1850.0,Red
YEOLA,2024-03-07,1875.0,Red
YEOLA,2024-03-09,1750.0,Red
YEOLA,2024-03-11,1650.0,Red
YEOLA,2024-03-13,1570.0,Red
YEOLA,2024-03-14,1500.0,Red
YEOLA,2024-03-15,1451.0,Red
YEOLA,2024-03-16,1350.0,Red
YEOLA,2024-03-18,1270.0,Red
YEOLA,2024-03-20,1050.0,Red
YEOLA,2024-03-21,1150.0,Red
YEOLA,2024-03-22,1250.0,Red
YEOLA,2024-03-23,1300.0,Red
YEOLA,2024-03-27,1426.0,Other
YEOLA,2024-04-20,1325.0,Other
YEOLA,2024-04-22,1300.0,Other
YEOLA,2024-04-29,1200.0,Other
YEOLA,2024-04-30,1250.0,Other
YEOLA,2024-05-04,1700.0,Other
YEOLA,2024-05-06,1700.0,Other
YEOLA,2024-05-08,1500.0,Other
YEOLA,2024-05-09,1500.0,Other
YEOLA,2024-05-11,1550.0,Other
YEOLA,2024-05-13,1552.0,Other
YEOLA,2024-05-15,1500.0,Other
YEOLA,2024-05-16,1551.0,Other
YEOLA,2024-05-17,1450.0,Other
YEOLA,2024-05-18,1540.0,Other
YEOLA,2024-05-22,1500.0,Other
YEOLA,2024-05-23,1550.0,Other
YEOLA,2024-05-24,1500.0,Other
YEOLA,2024-05-25,1550.0,Other
YEOLA,2024-05-27,1550.0,Other
YEOLA,2024-05-29,1650.0,Other
YEOLA,2024-05-30,1700.0,Other
YEOLA,2024-05-31,1750.0,Other
YEOLA,2024-06-01,1750.0,Other
YEOLA,2024-06-03,1800.0,Other
YEOLA,2024-06-05,1900.0,Other
YEOLA,2024-06-06,2100.0,Other
YEOLA,2024-06-07,2225.0,Other
YEOLA,2024-06-08,2400.0,Other
YEOLA,2024-06-10,2350.0,Other
YEOLA,2024-06-12,2250.0,Other
YEOLA,2024-06-13,2350.0,Other
YEOLA,2024-06-14,2450.0,Other
YEOLA,2024-06-19,2700.0,Other
YEOLA,2024-06-20,2800.0,Other
YEOLA,2024-06-21,2700.0,Other
YEOLA,2024-06-22,2650.0,Other
YEOLA,2024-06-24,2750.0,Other
YEOLA,2024-06-26,2600.0,Other
YEOLA,2024-06-27,2550.0,Other
YEOLA,2024-06-28,2650.0,Other
YEOLA,2024-06-29,2700.0,Other
YEOLA,2024-07-01,2750.0,Other
YEOLA,2024-07-03,2750.0,Other
YEOLA,2024-07-04,2700.0,Other
YEOLA,2024-07-05,2750.0,Other
YEOLA,2024-07-06,2700.0,Other
YEOLA,2024-07-08,2700.0,Other
YEOLA,2024-07-10,2700.0,Other
YEOLA,2024-07-11,2650.0,Other
YEOLA,2024-07-12,2650.0,Other
YEOLA,2024-07-13,2650.0,Other
YEOLA,2024-07-15,2650.0,Other
YEOLA,2024-07-18,2600.0,Other
YEOLA,2024-07-19,2650.0,Other
YEOLA,2024-07-20,2600.0,Other
YEOLA,2024-07-22,2600.0,Other
YEOLA,2024-07-24,2600.0,Other
YEOLA,2024-07-25,2600.0,Other
YEOLA,2024-07-26,2550.0,Other
YEOLA,2024-07-27,2550.0,Other
YEOLA,2024-07-29,2550.0,Other
YEOLA,2024-07-31,2550.0,Other
YEOLA,2024-08-01,2550.0,Other
YEOLA,2024-08-02,2550.0,Other
YEOLA,2024-08-03,2600.0,Other
YEOLA,2024-08-05,2675.0,Other
YEOLA,2024-08-07,2950.0,Other
YEOLA,2024-08-08,3100.0,Other
YEOLA,2024-08-10,3275.0,Other
YEOLA,2024-08-12,3350.0,Other
YEOLA,2024-08-14,3150.0,Other
YEOLA,2024-08-16,3100.0,Other
YEOLA,2024-08-17,3100.0,Other
YEOLA,2024-08-21,3475.0,Other
YEOLA,2024-08-22,3700.0,Other
YEOLA,2024-08-23,3650.0,Other
YEOLA,2024-08-24,3550.0,Other
YEOLA,2024-08-26,3600.0,Other
YEOLA,2024-08-28,3600.0,Other
YEOLA,2024-08-29,3500.0,Other
YEOLA,2024-08-30,3250.0,Other
YEOLA,2024-08-31,3400.0,Other
YEOLA,2024-09-04,3625.0,Other
YEOLA,2024-09-05,3750.0,Other
YEOLA,2024-09-06,3600.0,Other
YEOLA,2024-09-09,3500.0,Other
YEOLA,2024-09-11,3800.0,Other
YEOLA,2024-09-12,3850.0,Other
YEOLA,2024-09-13,3900.0,Other
YEOLA,2024-09-14,4400.0,Other
YEOLA,2024-09-18,4300.0,Other
YEOLA,2024-09-19,4150.0,Other
YEOLA,2024-09-20,4375.0,Other
YEOLA,2024-09-21,4500.0,Other
YEOLA,2024-09-23,4451.0,Other
YEOLA,2024-09-26,4250.0,Other
YEOLA,2024-09-27,4150.0,Other
YEOLA,2024-09-28,3701.0,Other
YEOLA,2024-09-30,3500.0,Other
YEOLA,2024-10-03,3800.0,Other
YEOLA,2024-10-04,4300.0,Other
YEOLA,2024-10-05,4100.0,Other
YEOLA,2024-10-09,3600.0,Other
YEOLA,2024-10-10,3800.0,Other
YEOLA,2024-10-11,3900.0,Other
YEOLA,2024-10-14,3800.0,Other
YEOLA,2024-10-16,3700.0,Other
YEOLA,2024-10-17,3700.0,Other
YEOLA,2024-10-18,3900.0,Other
YEOLA,2024-10-19,3850.0,Other
YEOLA,2024-10-21,4000.5,Other
YEOLA,2024-10-23,4600.0,Other
YEOLA,2024-10-24,4200.0,Other
YEOLA,2024-10-25,4200.0,Other
YEOLA,2024-10-26,4100.0,Other
YEOLA,2024-11-07,5700.0,Other
YEOLA,2024-11-08,5600.0,Other
YEOLA,2024-11-09,5000.0,Other
YEOLA,2024-11-11,4700.0,Other
YEOLA,2024-11-13,4800.0,Other
YEOLA,2024-11-14,4900.0,Other
YEOLA,2024-11-15,5050.0,Other
YEOLA,2024-11-16,4800.0,Other
YEOLA,2024-11-18,2300.0,Red
YEOLA,2024-11-21,2500.0,Red
YEOLA,2024-11-22,2800.0,Red
YEOLA,2024-11-23,2900.0,Red
YEOLA,2024-11-25,3000.0,Red
YEOLA,2024-11-27,3300.0,Red
YEOLA,2024-11-28,3600.0,Red
YEOLA,2024-11-30,3250.0,Red
YEOLA,2024-12-02,2900.0,Red
YEOLA,2024-12-04,3150.0,Red
YEOLA,2024-12-05,2900.0,Red
YEOLA,2024-12-06,3250.0,Red
YEOLA,2024-12-07,3200.0,Red
YEOLA,2024-12-09,3250.0,Red
YEOLA,2024-12-11,3400.0,Red
YEOLA,2024-12-12,3000.0,Red
YEOLA,2024-12-13,2800.0,Red
YEOLA,2024-12-16,1950.0,Red
YEOLA,2024-12-18,1500.0,Red
YEOLA,2024-12-19,1400.0,Red
YEOLA,2024-12-20,1450.0,Red
YEOLA,2024-12-21,1500.0,Red
YEOLA,2024-12-23,1350.0,Red
YEOLA,2024-12-26,1750.0,Red
YEOLA,2024-12-27,1850.0,Red
YEOLA,2024-12-28,2050.0,Red
YEOLA,2024-12-30,2200.0,Red
YEOLA,2025-01-01,2150.0,Red
YEOLA,2025-01-02,2000.0,Red
YEOLA,2025-01-03,2000.0,Red
YEOLA,2025-01-04,2150.0,Red
YEOLA,2025-01-06,2200.0,Red
YEOLA,2025-01-08,2050.0,Red
YEOLA,2025-01-09,1850.0,Red
YEOLA,2025-01-10,1750.0,Red
YEOLA,2025-01-11,1650.0,Red
YEOLA,2025-01-16,1825.0,Red
YEOLA,2025-01-17,1800.0,Red
YEOLA,2025-01-18,1925.0,Red
YEOLA,2025-01-20,2100.0,Red
YEOLA,2025-01-22,2000.0,Red
YEOLA,2025-01-23,2100.0,Red
YEOLA,2025-01-24,2150.0,Red
YEOLA,2025-01-25,2150.0,Red
YEOLA,2025-01-27,1900.0,Red
YEOLA,2025-01-29,1800.0,Red
YEOLA,2025-01-30,1900.0,Red
YEOLA,2025-01-31,1900.0,Red
YEOLA,2025-02-01,1800.0,Red
YEOLA,2025-02-03,1750.0,Red
YEOLA,2025-02-05,2000.0,Red
YEOLA,2025-02-06,2000.0,Red
YEOLA,2025-02-07,2100.0,Red
YEOLA,2025-02-08,2150.0,Red
YEOLA,2025-02-12,2500.0,Red
YEOLA,2025-02-13,2950.0,Red
YEOLA,2025-02-14,2750.0,Red
YEOLA,2025-02-15,2650.0,Red
YEOLA,2025-02-17,2450.0,Red
YEOLA,2025-02-20,1750.0,Red
YEOLA,2025-02-21,2200.0,Red
YEOLA,2025-02-22,2150.0,Red
YEOLA,2025-02-24,2275.0,Red
YEOLA,2025-02-27,2200.0,Red
YEOLA,2025-02-28,2000.0,Red
YEOLA,2025-03-01,2075.0,Red
YEOLA,2025-03-03,1950.0,Red
YEOLA,2025-03-05,2050.0,Red
YEOLA,2025-03-06,2051.0,Red
YEOLA,2025-03-07,1850.0,Red
YEOLA,2025-03-08,1750.0,Red
YEOLA,2025-03-10,1375.0,Red
YEOLA,2025-03-12,1250.0,Red
YEOLA,2025-03-15,1400.0,Red
YEOLA,2025-03-17,1350.0,Red
YEOLA,2025-03-20,1250.0,Red
YEOLA,2025-03-21,1150.0,Red
YEOLA,2025-03-22,1200.0,Red
YEOLA,2025-03-24,1300.0,Red
YEOLA,2025-04-03,1150.0,Other
YEOLA,2025-04-04,1175.0,Other
YEOLA,2025-04-05,1250.0,Other
YEOLA,2025-04-07,1200.0,Other
YEOLA,2025-04-09,1125.0,Other
YEOLA,2025-04-11,1050.0,Other
YEOLA,2025-04-16,1000.0,Other
YEOLA,2025-04-17,1000.0,Other
YEOLA,2025-04-18,1050.0,Other
YEOLA,2025-04-19,1050.0,Other
YEOLA,2025-04-21,1000.0,Other
YEOLA,2025-04-23,1000.0,Other
YEOLA,2025-04-24,1000.0,Other
YEOLA,2025-04-25,800.0,Other
YEOLA,2025-04-26,800.0,Other
YEOLA,2025-04-28,800.0,Other
YEOLA,2025-05-02,850.0,Other
YEOLA,2025-05-03,900.0,Other
YEOLA,2025-05-05,950.0,Other
YEOLA,2025-05-07,950.0,Other
YEOLA,2025-05-08,950.0,Other
YEOLA,2025-05-09,800.0,Other
YEOLA,2025-05-10,851.0,Other
YEOLA,2025-05-12,850.0,Other
YEOLA,2025-05-15,850.0,Other
YEOLA,2025-05-16,850.0,Other
YEOLA,2025-05-17,825.0,Other
YEOLA,2025-05-19,750.0,Other
YEOLA,2025-05-21,750.0,Other
YEOLA,2025-05-22,800.0,Other
YEOLA,2025-05-23,800.0,Other
YEOLA,2025-05-24,850.0,Other
YEOLA,2025-05-26,950.0,Other
YEOLA,2025-05-28,1050.0,Other
YEOLA,2025-05-29,1050.0,Other
YEOLA,2025-05-30,1050.0,Other
YEOLA,2025-05-31,1100.0,Other
YEOLA,2025-06-02,950.0,Other
YEOLA,2025-06-05,1100.0,Other
YEOLA,2025-06-06,1125.0,Other
YEOLA,2025-06-09,1350.0,Other
YEOLA,2025-06-11,1200.0,Other
YEOLA,2025-06-12,1325.0,Other
YEOLA,2025-06-13,1200.0,Other
YEOLA,2025-06-14,1200.0,Other
YEOLA,2025-06-16,1225.0,Other
YEOLA,2025-06-18,1200.0,Other
YEOLA,2025-06-19,1350.0,Other
YEOLA,2025-06-20,1400.0,Other
YEOLA,2025-06-21,1350.0,Other
YEOLA,2025-06-23,1400.0,Other
YEOLA,2025-06-25,1300.0,Other
YEOLA,2025-06-26,1250.0,Other
YEOLA,2025-06-27,1250.0,Other
YEOLA,2025-06-28,1200.0,Other
YEOLA,2025-06-30,1175.0,Other
YEOLA,2025-07-02,1150.0,Other
YEOLA,2025-07-03,1150.0,Other
YEOLA,2025-07-04,1200.0,Other
YEOLA,2025-07-05,1225.0,Other
YEOLA,2025-07-07,1250.0,Other
YEOLA,2025-07-09,1150.0,Other
YEOLA,2025-07-10,1151.0,Other
YEOLA,2025-07-11,1100.0,Other
YEOLA,2025-07-12,1100.0,Other
YEOLA,2025-07-14,1150.0,Other
YEOLA,2025-07-16,1100.0,Other
YEOLA,2025-07-17,1175.0,Other
YEOLA,2025-07-18,1150.0,Other
YEOLA,2025-07-19,1150.0,Other
YEOLA,2025-07-21,1150.0,Other
YEOLA,2025-07-23,1075.0,Other
YEOLA,2025-07-24,1075.0,Other
YEOLA,2025-07-25,1051.0,Other
YEOLA,2025-07-26,1050.0,Other
YEOLA,2025-07-28,1070.0,Other
YEOLA,2025-07-30,1050.0,Other
YEOLA,2025-07-31,1100.0,Other
YEOLA,2025-08-01,1051.0,Other
YEOLA,2025-08-02,1050.0,Other
YEOLA,2025-08-04,1080.0,Other
YEOLA,2025-08-06,1075.0,Other
YEOLA,2025-08-07,1150.0,Other
YEOLA,2025-08-08,1200.0,Other
YEOLA,2025-08-11,1200.0,Other
YEOLA,2025-08-13,1475.0,Other
YEOLA,2025-08-14,1450.0,Other
YEOLA,2025-08-18,1487.5,Other
YEOLA,2025-08-20,1412.5,Other
YEOLA,2025-08-21,1300.0,Other
YEOLA,2025-08-23,1250.0,Other
YEOLA,2025-08-25,1137.5,Other
YEOLA,2025-08-28,1050.0,Other
YEOLA,2025-08-29,1050.0,Other
YEOLA,2025-08-30,1051.0,Other
YEOLA,2025-09-01,1050.0,Other
YEOLA,2025-09-03,1070.0,Other
YEOLA,2025-09-04,1050.0,Other
YEOLA,2025-09-08,950.0,Other
YEOLA,2025-09-10,900.0,Other
YEOLA,2025-09-11,851.0,Other
YEOLA,2025-09-12,950.0,Other
YEOLA,2025-09-13,950.0,Other
YEOLA,2025-09-15,950.0,Other
YEOLA,2025-09-17,950.0,Other
YEOLA,2025-09-18,851.0,Other
YEOLA,2025-09-19,750.0,Other
YEOLA,2025-09-20,850.0,Other
YEOLA,2025-09-22,850.0,Other
YEOLA,2025-09-24,900.0,Other
YEOLA,2025-09-26,850.0,Other
YEOLA,2025-09-27,801.0,Other
YEOLA,2025-09-29,900.0,Other
YEOLA,2025-10-01,1050.0,Other
YEOLA,2025-10-03,1150.0,Other
YEOLA,2025-10-04,1000.0,Other
YEOLA,2025-10-06,975.0,Other
YEOLA,2025-10-08,900.0,Other
YEOLA,2025-10-09,900.0,Other
YEOLA,2025-10-11,800.0,Other
YEOLA,2025-10-15,800.0,Other
YEOLA,2025-10-16,750.0,Other
YEOLA,2025-10-17,750.0,Other
YEOLA,2025-10-18,751.0,Other
YEOLA,2025-10-27,1000.0,Other
YEOLA,2025-10-29,1051.0,Other
YEOLA,2025-10-30,1275.0,Other
YEOLA,2025-10-31,1250.0,Other
YEOLA,2025-11-01,1100.0,Other
YEOLA,2025-11-03,1225.0,Other
YEOLA,2025-11-05,1275.0,Other
YEOLA,2025-11-07,1000.0,Other
YEOLA,2025-11-08,1000.0,Other
YEOLA,2025-11-15,1000.0,Other
YEOLA,2025-11-22,800.0,Other
YEOLA,2025-11-24,650.0,Other
YEOLA,2025-11-26,650.0,Other
YEOLA,2025-11-27,625.0,Other
YEOLA,2025-11-28,550.0,Other
YEOLA,2025-11-29,600.0,Other
YEOLA,2025-12-01,600.0,Other
YEOLA,2025-12-03,850.0,Other
YEOLA,2025-12-05,850.0,Other
YEOLA,2025-12-06,950.0,Other
YEOLA,2025-12-08,1100.0,Other
YEOLA,2025-12-10,1500.0,Other
YEOLA,2025-12-11,1750.0,Other
YEOLA,2025-12-12,1700.0,Other
YEOLA,2025-12-13,1700.0,Other
YEOLA,2025-12-15,1700.0,Red
YEOLA,2025-12-17,1700.0,Red
YEOLA,2025-12-18,1450.0,Red
YEOLA,2025-12-19,1350.0,Red
YEOLA,2025-12-20,1600.0,Red
YEOLA,2025-12-22,1300.0,Red
YEOLA,2025-12-24,1550.0,Red
YEOLA,2025-12-25,1750.0,Red
YEOLA,2025-12-26,1825.0,Red
YEOLA,2025-12-27,1750.0,Red
YEOLA,2025-12-29,1850.0,Red
YEOLA,2025-12-31,1750.0,Red
YEOLA,2026-01-01,1650.0,Red
YEOLA,2026-01-02,1450.0,Red
YEOLA,2026-01-03,1500.0,Red
YEOLA,2026-01-05,1425.0,Red
YEOLA,2026-01-07,1350.0,Red
YEOLA,2026-01-08,1375.0,Red
YEOLA,2026-01-09,1301.0,Red
YEOLA,2026-01-10,1275.0,Red
YEOLA,2026-01-12,1300.0,Red
YEOLA,2026-01-16,1350.0,Red
YEOLA,2026-01-17,1390.0,Red
YEOLA,2026-01-19,1400.0,Red
YEOLA,2026-01-21,1425.0,Red
YEOLA,2026-01-22,1350.0,Red
YEOLA,2026-01-23,1300.0,Red
YEOLA,2026-01-24,1275.0,Red
YEOLA,2026-01-28,1150.0,Red
YEOLA,2026-01-29,1050.0,Red
YEOLA,2026-01-30,975.0,Red
YEOLA,2026-01-31,900.0,Red
YEOLA,2026-02-02,950.0,Red
YEOLA,2026-02-04,1050.0,Red
YEOLA,2026-02-05,975.0,Red
YEOLA,2026-02-06,1050.0,Red
YEOLA,2026-02-07,1050.0,Red
YEOLA,2026-02-09,1070.0,Red
YEOLA,2026-02-11,1050.0,Red
YEOLA,2026-02-12,1000.0,Red
YEOLA,2026-02-13,950.0,Red
YEOLA,2026-02-14,900.0,Red
YEOLA,2026-02-16,925.0,Red
YEOLA,2026-02-18,950.0,Red
YEOLA,2026-02-20,950.0,Red
YEOLA,2026-02-21,950.0,Red
YEOLA,2026-02-23,925.0,Red
YEOLA,2026-02-25,750.0,Red
YEOLA,2026-02-26,750.0,Red
YEOLA,2026-02-27,750.0,Red
YEOLA,2026-03-04,750.0,Red
YEOLA,2026-03-05,725.0,Red
YEOLA,2026-03-06,700.0,Red
YEOLA,2026-03-07,700.0,Red
YEOLA,2026-03-09,750.0,Red
YEOLA,2026-03-11,750.0,Red
YEOLA,2026-03-12,700.0,Red
YEOLA,2026-03-13,750.0,Red
YEOLA,2026-03-14,750.0,Red
YEOLA,2026-03-16,725.0,Red
YEOLA,2026-03-18,700.0,Red
YEOLA,2026-03-20,700.0,Red
YEOLA,2026-03-23,725.0,Red
YEOLA,2026-03-25,725.0,Red
YEOLA,2026-04-03,950.0,Red
YEOLA,2026-04-04,850.0,Red
YEOLA,2026-04-06,875.0,Red
YEOLA,2026-04-08,850.0,Red
YEOLA,2026-04-09,800.0,Red
YEOLA,2026-04-10,750.0,Red
YEOLA,2026-04-11,700.0,Red
YEOLA,2026-04-13,700.0,Red
YEOLA,2026-04-15,550.0,Red
YEOLA,2026-04-16,500.0,Red
YEOLA,2026-04-17,425.0,Red
YEOLA,2026-04-18,700.0,Other
YEOLA,2026-04-20,775.0,Other
YEOLA,2026-04-22,800.0,Other
YEOLA,2026-04-23,800.0,Other
YEOLA,2026-04-24,750.0,Other
YEOLA,2026-04-25,750.0,Other
YEOLA,2026-04-27,775.0,Other
YEOLA,2026-04-29,900.0,Other
YEOLA,2026-04-30,875.0,Other
YEOLA,2026-05-02,900.0,Other
YEOLA,2026-05-04,1025.0,Other
